[1m[92m    Updating[0m crates.io index
[1m[92m Downloading[0m crates ...
[1m[92m  Downloaded[0m libcrux-platform v0.0.3
[1m[92m  Downloaded[0m libcrux-poly1305 v0.0.6
[1m[92m  Downloaded[0m napi-sys v2.4.0
[1m[92m  Downloaded[0m aead v0.5.2
[1m[92m  Downloaded[0m libcrux-intrinsics v0.0.8
[1m[92m  Downloaded[0m libcrux-macros v0.0.3
[1m[92m  Downloaded[0m openmls_basic_credential v0.6.0
[1m[92m  Downloaded[0m libcrux-traits v0.0.8
[1m[92m  Downloaded[0m lock_api v0.4.14
[1m[92m  Downloaded[0m napi-build v2.3.1
[1m[92m  Downloaded[0m rand_core v0.10.1
[1m[92m  Downloaded[0m napi-derive v2.16.13
[1m[92m  Downloaded[0m libcrux-kem v0.0.9
[1m[92m  Downloaded[0m libloading v0.8.9
[1m[92m  Downloaded[0m napi-derive-backend v1.0.75
[1m[92m  Downloaded[0m ppv-lite86 v0.2.21
[1m[92m  Downloaded[0m semver v1.0.28
[1m[92m  Downloaded[0m crypto-common v0.2.2
[1m[92m  Downloaded[0m libcrux-sha2 v0.0.8
[1m[92m  Downloaded[0m module-lattice v0.2.3
[1m[92m  Downloaded[0m multimap v0.10.1
[1m[92m  Downloaded[0m libcrux-p256 v0.0.8
[1m[92m  Downloaded[0m libcrux-secrets v0.0.6
[1m[92m  Downloaded[0m ml-kem v0.3.2
[1m[92m  Downloaded[0m libcrux-sha3 v0.0.10
[1m[92m  Downloaded[0m log v0.4.29
[1m[92m  Downloaded[0m memchr v2.8.0
[1m[92m  Downloaded[0m minimal-lexical v0.2.1
[1m[92m  Downloaded[0m mio v1.2.0
[1m[92m  Downloaded[0m ml-dsa v0.1.1
[1m[92m  Downloaded[0m napi v2.16.17
[1m[92m  Downloaded[0m libcrux-ml-kem v0.0.10
[1m[92m  Downloaded[0m nnnoiseless v0.5.2
[1m[92m  Downloaded[0m once_cell_polyfill v1.70.2
[1m[92m  Downloaded[0m ctor v0.2.9
[1m[92m  Downloaded[0m curve25519-dalek-derive v0.1.1
[1m[92m  Downloaded[0m futures-macro v0.3.32
[1m[92m  Downloaded[0m ghash v0.5.1
[1m[92m  Downloaded[0m heck v0.5.0
[1m[92m  Downloaded[0m once_cell v1.21.4
[1m[92m  Downloaded[0m petgraph v0.7.1
[1m[92m  Downloaded[0m prost v0.13.5
[1m[92m  Downloaded[0m rand v0.10.2
[1m[92m  Downloaded[0m realfft v3.5.0
[1m[92m  Downloaded[0m serde v1.0.228
[1m[92m  Downloaded[0m cpufeatures v0.2.17
[1m[92m  Downloaded[0m cpufeatures v0.3.1
[1m[92m  Downloaded[0m crypto-common v0.1.7
[1m[92m  Downloaded[0m ctutils v0.4.2
[1m[92m  Downloaded[0m ecdsa v0.16.9
[1m[92m  Downloaded[0m ff v0.13.1
[1m[92m  Downloaded[0m hostname v0.4.2
[1m[92m  Downloaded[0m if-addrs v0.13.4
[1m[92m  Downloaded[0m num-complex v0.4.6
[1m[92m  Downloaded[0m pkcs8 v0.10.2
[1m[92m  Downloaded[0m prettyplease v0.2.37
[1m[92m  Downloaded[0m subtle v2.6.1
[1m[92m  Downloaded[0m ctr v0.9.2
[1m[92m  Downloaded[0m digest v0.11.3
[1m[92m  Downloaded[0m dunce v1.0.5
[1m[92m  Downloaded[0m either v1.15.0
[1m[92m  Downloaded[0m env_logger v0.11.10
[1m[92m  Downloaded[0m equivalent v1.0.2
[1m[92m  Downloaded[0m ffmpeg-sys-next v8.1.0
[1m[92m  Downloaded[0m futures-task v0.3.32
[1m[92m  Downloaded[0m hpke-rs-libcrux v0.7.0
[1m[92m  Downloaded[0m is_terminal_polyfill v1.70.2
[1m[92m  Downloaded[0m kem v0.3.0
[1m[92m  Downloaded[0m libcrux-ecdh v0.0.8
[1m[92m  Downloaded[0m libcrux-hmac v0.0.8
[1m[92m  Downloaded[0m num-traits v0.2.19
[1m[92m  Downloaded[0m opaque-debug v0.3.1
[1m[92m  Downloaded[0m openmls_memory_storage v0.6.0
[1m[92m  Downloaded[0m openmls_serialization_helpers v0.1.0
[1m[92m  Downloaded[0m parking_lot v0.12.5
[1m[92m  Downloaded[0m parking_lot_core v0.9.12
[1m[92m  Downloaded[0m password-hash v0.5.0
[1m[92m  Downloaded[0m portable-atomic-util v0.2.7
[1m[92m  Downloaded[0m primeorder v0.13.6
[1m[92m  Downloaded[0m prost-build v0.13.5
[1m[92m  Downloaded[0m quote v1.0.45
[1m[92m  Downloaded[0m rand_chacha v0.3.1
[1m[92m  Downloaded[0m rand_core v0.6.4
[1m[92m  Downloaded[0m rfc6979 v0.4.0
[1m[92m  Downloaded[0m rubato v0.16.2
[1m[92m  Downloaded[0m rustc-hash v2.1.2
[1m[92m  Downloaded[0m serde_bytes v0.11.19
[1m[92m  Downloaded[0m sha2 v0.10.9
[1m[92m  Downloaded[0m crossbeam-deque v0.8.7
[1m[92m  Downloaded[0m crossbeam-utils v0.8.21
[1m[92m  Downloaded[0m dasp_sample v0.11.0
[1m[92m  Downloaded[0m easyfft v0.4.2
[1m[92m  Downloaded[0m ed25519 v2.2.3
[1m[92m  Downloaded[0m env_filter v1.0.1
[1m[92m  Downloaded[0m fastrand v2.4.1
[1m[92m  Downloaded[0m fixedbitset v0.5.7
[1m[92m  Downloaded[0m fs_extra v1.3.0
[1m[92m  Downloaded[0m futures-core v0.3.32
[1m[92m  Downloaded[0m futures-sink v0.3.32
[1m[92m  Downloaded[0m generic-array v0.14.7
[1m[92m  Downloaded[0m generic_singleton v0.5.3
[1m[92m  Downloaded[0m getrandom v0.2.17
[1m[92m  Downloaded[0m hpke-rs-crypto v0.7.0
[1m[92m  Downloaded[0m inout v0.1.4
[1m[92m  Downloaded[0m libcrux-aead v0.0.9
[1m[92m  Downloaded[0m openmls_traits v0.6.0
[1m[92m  Downloaded[0m p256 v0.13.2
[1m[92m  Downloaded[0m poly1305 v0.8.0
[1m[92m  Downloaded[0m proc-macro2 v1.0.106
[1m[92m  Downloaded[0m rayon-core v1.13.0
[1m[92m  Downloaded[0m rustversion v1.0.22
[1m[92m  Downloaded[0m shlex v1.3.0
[1m[92m  Downloaded[0m spki v0.8.0
[1m[92m  Downloaded[0m smallvec v1.15.1
[1m[92m  Downloaded[0m tls_codec v0.5.0
[1m[92m  Downloaded[0m polyval v0.6.2
[1m[92m  Downloaded[0m primal-check v0.3.4
[1m[92m  Downloaded[0m glob v0.3.3
[1m[92m  Downloaded[0m pkcs8 v0.11.0
[1m[92m  Downloaded[0m prost-types v0.13.5
[1m[92m  Downloaded[0m sha2 v0.11.0
[1m[92m  Downloaded[0m block-buffer v0.10.4
[1m[92m  Downloaded[0m itoa v1.0.18
[1m[92m  Downloaded[0m jobserver v0.1.34
[1m[92m  Downloaded[0m keccak v0.2.2
[1m[92m  Downloaded[0m libcrux-curve25519 v0.0.8
[1m[92m  Downloaded[0m scopeguard v1.2.0
[1m[92m  Downloaded[0m crossbeam-epoch v0.9.20
[1m[92m  Downloaded[0m digest v0.10.7
[1m[92m  Downloaded[0m find-msvc-tools v0.1.9
[1m[92m  Downloaded[0m group v0.13.0
[1m[92m  Downloaded[0m libcrux-aes v0.0.9
[1m[92m  Downloaded[0m libcrux-chacha20poly1305 v0.0.9
[1m[92m  Downloaded[0m num_cpus v1.17.0
[1m[92m  Downloaded[0m rustc_version v0.4.1
[1m[92m  Downloaded[0m sponge-cursor v0.1.0
[1m[92m  Downloaded[0m windows-interface v0.59.3
[1m[92m  Downloaded[0m windows-numerics v0.2.0
[1m[92m  Downloaded[0m windows-threading v0.1.0
[1m[92m  Downloaded[0m libcrux-hkdf v0.0.8
[1m[92m  Downloaded[0m signature v3.0.0
[1m[92m  Downloaded[0m elliptic-curve v0.13.8
[1m[92m  Downloaded[0m getrandom v0.3.4
[1m[92m  Downloaded[0m hax-lib-macros v0.3.7
[1m[92m  Downloaded[0m hpke-rs-rust-crypto v0.7.0
[1m[92m  Downloaded[0m hybrid-array v0.4.14
[1m[92m  Downloaded[0m jpeg-encoder v0.6.1
[1m[92m  Downloaded[0m k256 v0.13.4
[1m[92m  Downloaded[0m openmls_rust_crypto v0.6.0
[1m[92m  Downloaded[0m pem-rfc7468 v0.7.0
[1m[92m  Downloaded[0m pin-project-lite v0.2.17
[1m[92m  Downloaded[0m pkg-config v0.3.33
[1m[92m  Downloaded[0m sec1 v0.7.3
[1m[92m  Downloaded[0m signature v2.2.0
[1m[92m  Downloaded[0m slab v0.4.12
[1m[92m  Downloaded[0m spki v0.7.3
[1m[92m  Downloaded[0m strength_reduce v0.2.4
[1m[92m  Downloaded[0m thiserror v2.0.18
[1m[92m  Downloaded[0m thiserror-impl v2.0.18
[1m[92m  Downloaded[0m tls_codec_derive v0.5.0
[1m[92m  Downloaded[0m tokio-macros v2.7.0
[1m[92m  Downloaded[0m universal-hash v0.5.1
[1m[92m  Downloaded[0m utf8parse v0.2.2
[1m[92m  Downloaded[0m version_check v0.9.5
[1m[92m  Downloaded[0m windows-collections v0.2.0
[1m[92m  Downloaded[0m windows-implement v0.60.2
[1m[92m  Downloaded[0m windows-link v0.1.3
[1m[92m  Downloaded[0m windows-link v0.2.1
[1m[92m  Downloaded[0m windows-result v0.3.4
[1m[92m  Downloaded[0m windows-targets v0.52.6
[1m[92m  Downloaded[0m zeroize_derive v1.5.0
[1m[92m  Downloaded[0m array-init v2.1.0
[1m[92m  Downloaded[0m audiopus v0.3.0-rc.0
[1m[92m  Downloaded[0m bitflags v2.11.1
[1m[92m  Downloaded[0m block-buffer v0.12.1
[1m[92m  Downloaded[0m chacha20 v0.9.1
[1m[92m  Downloaded[0m chacha20 v0.10.2
[1m[92m  Downloaded[0m cipher v0.4.4
[1m[92m  Downloaded[0m cmov v0.5.4
[1m[92m  Downloaded[0m crossbeam-channel v0.5.15
[1m[92m  Downloaded[0m crypto-bigint v0.5.5
[1m[92m  Downloaded[0m der v0.7.10
[1m[92m  Downloaded[0m ffmpeg-next v8.1.0
[1m[92m  Downloaded[0m hmac v0.12.1
[1m[92m  Downloaded[0m hmac v0.13.0
[1m[92m  Downloaded[0m hpke-rs v0.7.0
[1m[92m  Downloaded[0m libcrux-hacl-rs v0.0.5
[1m[92m  Downloaded[0m num-integer v0.1.46
[1m[92m  Downloaded[0m prost-derive v0.13.5
[1m[92m  Downloaded[0m rand_chacha v0.10.0
[1m[92m  Downloaded[0m ringbuf v0.4.8
[1m[92m  Downloaded[0m rustls-pki-types v1.14.1
[1m[92m  Downloaded[0m rustls-webpki v0.103.13
[1m[92m  Downloaded[0m serde_core v1.0.228
[1m[92m  Downloaded[0m serde_derive v1.0.228
[1m[92m  Downloaded[0m socket2 v0.6.3
[1m[92m  Downloaded[0m transpose v0.2.3
[1m[92m  Downloaded[0m windows-core v0.54.0
[1m[92m  Downloaded[0m windows-core v0.61.2
[1m[92m  Downloaded[0m windows-future v0.2.1
[1m[92m  Downloaded[0m zeroize v1.9.0
[1m[92m  Downloaded[0m annotate-snippets v0.11.5
[1m[92m  Downloaded[0m anstream v1.0.0
[1m[92m  Downloaded[0m anstyle-query v1.1.5
[1m[92m  Downloaded[0m argon2 v0.5.3
[1m[92m  Downloaded[0m blake2 v0.10.6
[1m[92m  Downloaded[0m cexpr v0.6.0
[1m[92m  Downloaded[0m cfg-if v1.0.4
[1m[92m  Downloaded[0m cmake v0.1.58
[1m[92m  Downloaded[0m colorchoice v1.0.5
[1m[92m  Downloaded[0m ed25519-dalek v2.2.0
[1m[92m  Downloaded[0m getrandom v0.4.3
[1m[92m  Downloaded[0m tempfile v3.27.0
[1m[92m  Downloaded[0m untrusted v0.9.0
[1m[92m  Downloaded[0m windows-strings v0.4.2
[1m[92m  Downloaded[0m anstyle-parse v1.0.0
[1m[92m  Downloaded[0m anymap3 v1.0.1
[1m[92m  Downloaded[0m autocfg v1.5.0
[1m[92m  Downloaded[0m base16ct v0.2.0
[1m[92m  Downloaded[0m base64 v0.22.1
[1m[92m  Downloaded[0m base64ct v1.8.3
[1m[92m  Downloaded[0m bytes v1.11.1
[1m[92m  Downloaded[0m cc v1.2.61
[1m[92m  Downloaded[0m clang-sys v1.8.1
[1m[92m  Downloaded[0m const-oid v0.10.2
[1m[92m  Downloaded[0m convert_case v0.6.0
[1m[92m  Downloaded[0m indexmap v2.14.0
[1m[92m  Downloaded[0m rayon v1.12.0
[1m[92m  Downloaded[0m tokio-rustls v0.26.4
[1m[92m  Downloaded[0m unicode-segmentation v1.13.2
[1m[92m  Downloaded[0m zmij v1.0.21
[1m[92m  Downloaded[0m anstyle v1.0.14
[1m[92m  Downloaded[0m anstyle-wincon v3.0.11
[1m[92m  Downloaded[0m const-oid v0.9.6
[1m[92m  Downloaded[0m hashbrown v0.17.0
[1m[92m  Downloaded[0m nom v7.1.3
[1m[92m  Downloaded[0m unicode-ident v1.0.24
[1m[92m  Downloaded[0m windows-result v0.1.2
[1m[92m  Downloaded[0m x-wing v0.1.0
[1m[92m  Downloaded[0m anyhow v1.0.102
[1m[92m  Downloaded[0m arc-swap v1.9.1
[1m[92m  Downloaded[0m chacha20poly1305 v0.10.1
[1m[92m  Downloaded[0m der v0.8.1
[1m[92m  Downloaded[0m futures-util v0.3.32
[1m[92m  Downloaded[0m hkdf v0.13.0
[1m[92m  Downloaded[0m regex v1.12.3
[1m[92m  Downloaded[0m sha3 v0.12.0
[1m[92m  Downloaded[0m tokio-util v0.7.18
[1m[92m  Downloaded[0m typenum v1.20.0
[1m[92m  Downloaded[0m x25519-dalek v3.0.0
[1m[92m  Downloaded[0m aes-gcm v0.10.3
[1m[92m  Downloaded[0m itertools v0.13.0
[1m[92m  Downloaded[0m portable-atomic v1.13.1
[1m[92m  Downloaded[0m serde_json v1.0.149
[1m[92m  Downloaded[0m x25519-dalek v2.0.1
[1m[92m  Downloaded[0m aho-corasick v1.1.4
[1m[92m  Downloaded[0m cpal v0.15.3
[1m[92m  Downloaded[0m hkdf v0.12.4
[1m[92m  Downloaded[0m p384 v0.13.1
[1m[92m  Downloaded[0m aes v0.8.4
[1m[92m  Downloaded[0m rustfft v6.4.1
[1m[92m  Downloaded[0m aec3 v0.1.8
[1m[92m  Downloaded[0m aws-lc-rs v1.16.3
[1m[92m  Downloaded[0m vcpkg v0.2.15
[1m[92m  Downloaded[0m rustls v0.23.40
[1m[92m  Downloaded[0m curve25519-dalek v4.1.3
[1m[92m  Downloaded[0m curve25519-dalek v5.0.0
[1m[92m  Downloaded[0m hax-lib v0.3.7
[1m[92m  Downloaded[0m syn v2.0.117
[1m[92m  Downloaded[0m bindgen v0.72.1
[1m[92m  Downloaded[0m shake v0.1.0
[1m[92m  Downloaded[0m regex-syntax v0.8.10
[1m[92m  Downloaded[0m unicode-width v0.2.2
[1m[92m  Downloaded[0m zerocopy v0.8.56
[1m[92m  Downloaded[0m sha3 v0.11.0
[1m[92m  Downloaded[0m regex-automata v0.4.14
[1m[92m  Downloaded[0m openmls v0.9.0
[1m[92m  Downloaded[0m jiff v0.2.24
[1m[92m  Downloaded[0m audiopus_sys v0.2.2
[1m[92m  Downloaded[0m libc v0.2.186
[1m[92m  Downloaded[0m tokio v1.52.2
[1m[92m  Downloaded[0m windows_x86_64_msvc v0.52.6
[1m[92m  Downloaded[0m ring v0.17.14
[1m[92m  Downloaded[0m windows-sys v0.59.0
[1m[92m  Downloaded[0m windows-sys v0.61.2
[1m[92m  Downloaded[0m windows v0.61.3
[1m[92m  Downloaded[0m aws-lc-sys v0.40.0
[1m[92m  Downloaded[0m windows v0.54.0
[1m[92m   Compiling[0m proc-macro2 v1.0.106
[1m[92m   Compiling[0m quote v1.0.45
[1m[92m   Compiling[0m unicode-ident v1.0.24
[1m[92m    Checking[0m cfg-if v1.0.4
[1m[92m    Checking[0m typenum v1.20.0
[1m[92m    Checking[0m getrandom v0.2.17
[1m[92m   Compiling[0m version_check v0.9.5
[1m[92m   Compiling[0m generic-array v0.14.7
[1m[92m    Checking[0m rand_core v0.6.4
[1m[92m    Checking[0m subtle v2.6.1
[1m[92m   Compiling[0m getrandom v0.3.4
[1m[92m   Compiling[0m shlex v1.3.0
[1m[92m    Checking[0m const-oid v0.9.6
[1m[92m   Compiling[0m find-msvc-tools v0.1.9
[1m[92m    Checking[0m rand_core v0.10.1
[1m[92m   Compiling[0m jobserver v0.1.34
[1m[92m   Compiling[0m getrandom v0.4.3
[1m[92m   Compiling[0m cc v1.2.61
[1m[92m   Compiling[0m syn v2.0.117
[1m[92m   Compiling[0m autocfg v1.5.0
[1m[92m   Compiling[0m serde_core v1.0.228
[1m[92m    Checking[0m cmov v0.5.4
[1m[92m   Compiling[0m num-traits v0.2.19
[1m[92m    Checking[0m ctutils v0.4.2
[1m[92m    Checking[0m windows-link v0.2.1
[1m[92m    Checking[0m hybrid-array v0.4.14
[1m[92m   Compiling[0m serde v1.0.228
[1m[92m    Checking[0m cpufeatures v0.2.17
[1m[92m    Checking[0m const-oid v0.10.2
[1m[92m   Compiling[0m memchr v2.8.0
[1m[92m    Checking[0m base64ct v1.8.3
[1m[92m   Compiling[0m semver v1.0.28
[1m[92m    Checking[0m crypto-common v0.2.2
[1m[92m    Checking[0m block-buffer v0.12.1
[1m[92m   Compiling[0m either v1.15.0
[1m[92m   Compiling[0m itertools v0.13.0
[1m[92m   Compiling[0m rustc_version v0.4.1
[1m[92m    Checking[0m pem-rfc7468 v0.7.0
[1m[92m   Compiling[0m aho-corasick v1.1.4
[1m[92m    Checking[0m digest v0.11.3
[1m[92m   Compiling[0m cmake v0.1.58
[1m[92m   Compiling[0m regex-syntax v0.8.10
[1m[92m    Checking[0m windows-sys v0.61.2
[1m[92m   Compiling[0m zeroize_derive v1.5.0
[1m[92m   Compiling[0m serde_derive v1.0.228
[1m[92m    Checking[0m zeroize v1.9.0
[1m[92m    Checking[0m crypto-common v0.1.7
[1m[92m    Checking[0m block-buffer v0.10.4
[1m[92m    Checking[0m digest v0.10.7
[1m[92m   Compiling[0m regex-automata v0.4.14
[1m[92m    Checking[0m der v0.7.10
[1m[92m    Checking[0m hmac v0.12.1
[1m[92m    Checking[0m ff v0.13.1
[1m[92m   Compiling[0m parking_lot_core v0.9.12
[1m[92m    Checking[0m base16ct v0.2.0
[1m[92m    Checking[0m spki v0.7.3
[1m[92m   Compiling[0m crossbeam-utils v0.8.21
[1m[92m    Checking[0m pkcs8 v0.10.2
[1m[92m   Compiling[0m glob v0.3.3
[1m[92m    Checking[0m sec1 v0.7.3
[1m[92m    Checking[0m group v0.13.0
[1m[92m   Compiling[0m clang-sys v1.8.1
[1m[92m    Checking[0m hkdf v0.12.4
[1m[92m    Checking[0m crypto-bigint v0.5.5
[1m[92m   Compiling[0m curve25519-dalek-derive v0.1.1
[1m[92m   Compiling[0m regex v1.12.3
[1m[92m    Checking[0m keccak v0.2.2
[1m[92m   Compiling[0m windows_x86_64_msvc v0.52.6
[1m[92m   Compiling[0m dunce v1.0.5
[1m[92m    Checking[0m scopeguard v1.2.0
[1m[92m   Compiling[0m libc v0.2.186
[1m[92m   Compiling[0m fs_extra v1.3.0
[1m[92m   Compiling[0m anyhow v1.0.102
[1m[92m    Checking[0m log v0.4.29
[1m[92m   Compiling[0m pkg-config v0.3.33
[1m[92m    Checking[0m smallvec v1.15.1
[1m[92m   Compiling[0m aws-lc-sys v0.40.0
[1m[92m    Checking[0m lock_api v0.4.14
[1m[92m    Checking[0m elliptic-curve v0.13.8
[1m[92m    Checking[0m signature v2.2.0
[1m[92m    Checking[0m inout v0.1.4
[1m[92m    Checking[0m num-integer v0.1.46
[1m[92m    Checking[0m windows-link v0.1.3
[1m[92m   Compiling[0m minimal-lexical v0.2.1
[1m[92m   Compiling[0m hax-lib v0.3.7
[1m[92m   Compiling[0m nom v7.1.3
[1m[92m    Checking[0m cipher v0.4.4
[1m[92m    Checking[0m parking_lot v0.12.5
[1m[92m    Checking[0m universal-hash v0.5.1
[1m[92m   Compiling[0m hax-lib-macros v0.3.7
[1m[92m   Compiling[0m tls_codec_derive v0.5.0
[1m[92m   Compiling[0m libloading v0.8.9
[1m[92m   Compiling[0m curve25519-dalek v4.1.3
[1m[92m    Checking[0m serde_bytes v0.11.19
[1m[92m   Compiling[0m ring v0.17.14
[1m[92m   Compiling[0m bindgen v0.72.1
[1m[92m    Checking[0m sponge-cursor v0.1.0
[1m[92m   Compiling[0m thiserror v2.0.18
[1m[92m   Compiling[0m zerocopy v0.8.56
[1m[92m    Checking[0m strength_reduce v0.2.4
[1m[92m    Checking[0m opaque-debug v0.3.1
[1m[92m    Checking[0m transpose v0.2.3
[1m[92m    Checking[0m tls_codec v0.5.0
[1m[92m   Compiling[0m cexpr v0.6.0
[1m[92m   Compiling[0m prost-derive v0.13.5
[1m[92m    Checking[0m windows-targets v0.52.6
[1m[92m    Checking[0m primal-check v0.3.4
[1m[92m    Checking[0m num-complex v0.4.6
[1m[92m    Checking[0m rfc6979 v0.4.0
[1m[92m    Checking[0m sha2 v0.10.9
[1m[92m   Compiling[0m thiserror-impl v2.0.18
[1m[92m   Compiling[0m curve25519-dalek v5.0.0
[1m[92m    Checking[0m module-lattice v0.2.3
[1m[92m    Checking[0m rand v0.10.2
[1m[92m   Compiling[0m rustc-hash v2.1.2
[1m[92m    Checking[0m cpufeatures v0.3.1
[1m[92m   Compiling[0m crossbeam-epoch v0.9.20
[1m[92m   Compiling[0m aws-lc-rs v1.16.3
[1m[92m   Compiling[0m once_cell v1.21.4
[1m[92m   Compiling[0m zmij v1.0.21
[1m[92m   Compiling[0m bitflags v2.11.1
[1m[92m    Checking[0m rustfft v6.4.1
[1m[92m    Checking[0m ecdsa v0.16.9
[1m[92m    Checking[0m shake v0.1.0
[1m[92m    Checking[0m windows-strings v0.4.2
[1m[92m    Checking[0m windows-result v0.3.4
[1m[92m    Checking[0m primeorder v0.13.6
[1m[92m    Checking[0m der v0.8.1
[1m[92m   Compiling[0m windows-interface v0.59.3
[1m[92m   Compiling[0m windows-implement v0.60.2
[1m[92m    Checking[0m pin-project-lite v0.2.17
[1m[92m   Compiling[0m vcpkg v0.2.15
[1m[92m   Compiling[0m crossbeam-deque v0.8.7
[1m[92m   Compiling[0m libcrux-intrinsics v0.0.8
[1m[92m   Compiling[0m serde_json v1.0.149
[1m[92m   Compiling[0m hashbrown v0.17.0
[1m[92m   Compiling[0m prettyplease v0.2.37
[1m[92m    Checking[0m bytes v1.11.1
[1m[92m   Compiling[0m equivalent v1.0.2
[1m[92m   Compiling[0m num_cpus v1.17.0
[1m[92m   Compiling[0m indexmap v2.14.0
[1m[92m   Compiling[0m ffmpeg-sys-next v8.1.0
[1m[92m   Compiling[0m prost v0.13.5
[1m[92m    Checking[0m windows-core v0.61.2
[1m[92m    Checking[0m ppv-lite86 v0.2.21
[1m[92m    Checking[0m spki v0.8.0
[1m[92m    Checking[0m libcrux-secrets v0.0.6
[1m[92m    Checking[0m openmls_traits v0.6.0
[1m[92m    Checking[0m polyval v0.6.2
[1m[92m    Checking[0m sha3 v0.11.0
[1m[92m    Checking[0m mio v1.2.0
[1m[92m    Checking[0m socket2 v0.6.3
[1m[92m    Checking[0m aead v0.5.2
[1m[92m   Compiling[0m tokio-macros v2.7.0
[1m[92m    Checking[0m kem v0.3.0
[1m[92m   Compiling[0m fastrand v2.4.1
[1m[92m   Compiling[0m fixedbitset v0.5.7
[1m[92m    Checking[0m untrusted v0.9.0
[1m[92m   Compiling[0m rayon-core v1.13.0
[1m[92m    Checking[0m itoa v1.0.18
[1m[92m   Compiling[0m libcrux-sha3 v0.0.10
[1m[92m   Compiling[0m tempfile v3.27.0
[1m[92m    Checking[0m tokio v1.52.2
[1m[92m   Compiling[0m petgraph v0.7.1
[1m[92m    Checking[0m ml-kem v0.3.2
[1m[92m    Checking[0m x25519-dalek v3.0.0
[1m[92m    Checking[0m ghash v0.5.1
[1m[92m    Checking[0m libcrux-traits v0.0.8
[1m[92m    Checking[0m pkcs8 v0.11.0
[1m[92m   Compiling[0m prost-types v0.13.5
[1m[92m    Checking[0m p256 v0.13.2
[1m[92m    Checking[0m p384 v0.13.1
[1m[92m    Checking[0m realfft v3.5.0
[1m[92m    Checking[0m hpke-rs-crypto v0.7.0
[1m[92m    Checking[0m libcrux-platform v0.0.3
[1m[92m    Checking[0m windows-result v0.1.2
[1m[92m    Checking[0m poly1305 v0.8.0
[1m[92m   Compiling[0m audiopus_sys v0.2.2
[1m[92m    Checking[0m sha3 v0.12.0
[1m[92m    Checking[0m aes v0.8.4
[1m[92m    Checking[0m chacha20 v0.9.1
[1m[92m    Checking[0m ctr v0.9.2
[1m[92m    Checking[0m ed25519 v2.2.3
[1m[92m    Checking[0m rustls-pki-types v1.14.1
[1m[92m    Checking[0m signature v3.0.0
[1m[92m    Checking[0m hmac v0.13.0
[1m[92m    Checking[0m anymap3 v1.0.1
[1m[92m   Compiling[0m rustversion v1.0.22
[1m[92m   Compiling[0m multimap v0.10.1
[1m[92m    Checking[0m once_cell_polyfill v1.70.2
[1m[92m   Compiling[0m heck v0.5.0
[1m[92m    Checking[0m anstyle v1.0.14
[1m[92m   Compiling[0m rustls v0.23.40
[1m[92m    Checking[0m utf8parse v0.2.2
[1m[92m   Compiling[0m unicode-segmentation v1.13.2
[1m[92m    Checking[0m anstyle-parse v1.0.0
[1m[92m    Checking[0m anstyle-wincon v3.0.11
[1m[92m   Compiling[0m prost-build v0.13.5
[1m[92m   Compiling[0m convert_case v0.6.0
[1m[92m    Checking[0m generic_singleton v0.5.3
[1m[92m    Checking[0m hkdf v0.13.0
[1m[92m    Checking[0m ml-dsa v0.1.1
[1m[92m    Checking[0m aes-gcm v0.10.3
[1m[92m    Checking[0m ed25519-dalek v2.2.0
[1m[92m    Checking[0m chacha20poly1305 v0.10.1
[1m[92m    Checking[0m x-wing v0.1.0
[1m[92m    Checking[0m windows-core v0.54.0
[1m[92m    Checking[0m rand_chacha v0.10.0
[1m[92m    Checking[0m x25519-dalek v2.0.1
[1m[92m    Checking[0m sha2 v0.11.0
[1m[92m    Checking[0m windows-threading v0.1.0
[1m[92m    Checking[0m k256 v0.13.4
[1m[92m    Checking[0m anstyle-query v1.1.5
[1m[92m    Checking[0m futures-sink v0.3.32
[1m[92m    Checking[0m array-init v2.1.0
[1m[92m   Compiling[0m ffmpeg-next v8.1.0
[1m[92m    Checking[0m colorchoice v1.0.5
[1m[92m   Compiling[0m cpal v0.15.3
[1m[92m   Compiling[0m napi-build v2.3.1
[1m[92m    Checking[0m is_terminal_polyfill v1.70.2
[1m[92m    Checking[0m futures-core v0.3.32
[1m[92m    Checking[0m anstream v1.0.0
[1m[92m   Compiling[0m decibell-native v0.0.1 (D:\a\decibell\decibell\electron-client\native)
[1m[92m    Checking[0m rayon v1.12.0
[1m[92m    Checking[0m easyfft v0.4.2
[1m[92m    Checking[0m napi-sys v2.4.0
[1m[92m    Checking[0m hpke-rs-rust-crypto v0.7.0
[1m[92m    Checking[0m windows-future v0.2.1
[1m[92m   Compiling[0m openmls_serialization_helpers v0.1.0
[1m[92m    Checking[0m env_filter v1.0.1
[1m[92m    Checking[0m hpke-rs v0.7.0
[1m[92m    Checking[0m windows v0.54.0
[1m[92m   Compiling[0m napi-derive-backend v1.0.75
[1m[92m    Checking[0m openmls_memory_storage v0.6.0
[1m[92m    Checking[0m rand_chacha v0.3.1
[1m[92m    Checking[0m windows-collections v0.2.0
[1m[92m    Checking[0m windows-numerics v0.2.0
[1m[92m    Checking[0m windows-sys v0.59.0
[1m[92m    Checking[0m crossbeam-channel v0.5.15
[1m[92m    Checking[0m blake2 v0.10.6
[1m[92m   Compiling[0m ctor v0.2.9
[1m[92m   Compiling[0m futures-macro v0.3.32
[1m[92m    Checking[0m password-hash v0.5.0
[1m[92m    Checking[0m slab v0.4.12
[1m[92m    Checking[0m dasp_sample v0.11.0
[1m[92m    Checking[0m jiff v0.2.24
[1m[92m    Checking[0m futures-task v0.3.32
[1m[92m    Checking[0m futures-util v0.3.32
[1m[92m    Checking[0m env_logger v0.11.10
[1m[92m    Checking[0m argon2 v0.5.3
[1m[92m    Checking[0m napi v2.16.17
[1m[92m    Checking[0m aec3 v0.1.8
[1m[92m    Checking[0m if-addrs v0.13.4
[1m[92m    Checking[0m windows v0.61.3
[1m[92m    Checking[0m openmls_rust_crypto v0.6.0
[1m[92m   Compiling[0m napi-derive v2.16.13
[1m[92m    Checking[0m arc-swap v1.9.1
[1m[92m    Checking[0m openmls v0.9.0
[1m[92m    Checking[0m audiopus v0.3.0-rc.0
[1m[92m    Checking[0m nnnoiseless v0.5.2
[1m[92m    Checking[0m tokio-util v0.7.18
[1m[92m    Checking[0m openmls_basic_credential v0.6.0
[1m[92m    Checking[0m rubato v0.16.2
[1m[92m    Checking[0m ringbuf v0.4.8
[1m[92m    Checking[0m hostname v0.4.2
[1m[92m    Checking[0m jpeg-encoder v0.6.1
[1m[92m    Checking[0m base64 v0.22.1
[1m[92m    Checking[0m rustls-webpki v0.103.13
[1m[92m    Checking[0m tokio-rustls v0.26.4
[1m[93mwarning[0m[1m[97m: unused import: `super::envelope`[0m
  [1m[96m--> [0msrc\e2ee\channel_keys.rs:30:5
   [1m[96m|[0m
[1m[96m30[0m [1m[96m|[0m use super::envelope;
   [1m[96m|[0m     [1m[93m^^^^^^^^^^^^^^^[0m
   [1m[96m|[0m
   [1m[96m= [0m[1m[97mnote[0m: `#[warn(unused_imports)]` (part of `#[warn(unused)]`) on by default

[1m[93mwarning[0m[1m[97m: variable `stream_output_device_name` is assigned to, but never used[0m
   [1m[96m--> [0msrc\media\pipeline.rs:251:9
    [1m[96m|[0m
[1m[96m251[0m [1m[96m|[0m     let mut stream_output_device_name: Option<String> = None;
    [1m[96m|[0m         [1m[93m^^^^^^^^^^^^^^^^^^^^^^^^^^^^^[0m
    [1m[96m|[0m
    [1m[96m= [0m[1m[97mnote[0m: consider using `_stream_output_device_name` instead
    [1m[96m= [0m[1m[97mnote[0m: `#[warn(unused_variables)]` (part of `#[warn(unused)]`) on by default

[1m[93mwarning[0m[1m[97m: value assigned to `input_stream_opt` is never read[0m
   [1m[96m--> [0msrc\media\pipeline.rs:497:21
    [1m[96m|[0m
[1m[96m497[0m [1m[96m|[0m                     input_stream_opt = None; // drop old stream
    [1m[96m|[0m                     [1m[93m^^^^^^^^^^^^^^^^[0m
    [1m[96m|[0m
    [1m[96m= [0m[1m[97mhelp[0m: maybe it is overwritten before being read?
    [1m[96m= [0m[1m[97mnote[0m: `#[warn(unused_assignments)]` (part of `#[warn(unused)]`) on by default

[1m[93mwarning[0m[1m[97m: value assigned to `input_sample_rate` is never read[0m
   [1m[96m--> [0msrc\media\pipeline.rs:504:29
    [1m[96m|[0m
[1m[96m504[0m [1m[96m|[0m [1m[96m...[0m                   input_sample_rate = rate;
    [1m[96m|[0m                       [1m[93m^^^^^^^^^^^^^^^^^^^^^^^^[0m
    [1m[96m|[0m
    [1m[96m= [0m[1m[97mhelp[0m: maybe it is overwritten before being read?

[1m[93mwarning[0m[1m[97m: value assigned to `stream_output_device_name` is never read[0m
   [1m[96m--> [0msrc\media\pipeline.rs:566:21
    [1m[96m|[0m
[1m[96m566[0m [1m[96m|[0m                     stream_output_device_name = device.clone();
    [1m[96m|[0m                     [1m[93m^^^^^^^^^^^^^^^^^^^^^^^^^[0m
    [1m[96m|[0m
    [1m[96m= [0m[1m[97mhelp[0m: maybe it is overwritten before being read?

[1m[93mwarning[0m[1m[97m: value assigned to `stream_output_device_name` is never read[0m
   [1m[96m--> [0msrc\media\pipeline.rs:607:25
    [1m[96m|[0m
[1m[96m607[0m [1m[96m|[0m                         stream_output_device_name = name.clone();
    [1m[96m|[0m                         [1m[93m^^^^^^^^^^^^^^^^^^^^^^^^^[0m
    [1m[96m|[0m
    [1m[96m= [0m[1m[97mhelp[0m: maybe it is overwritten before being read?

[1m[93mwarning[0m[1m[97m: variable does not need to be mutable[0m
   [1m[96m--> [0msrc\media\voice_sim_tests.rs:405:13
    [1m[96m|[0m
[1m[96m405[0m [1m[96m|[0m         let mut enc = OpusEncoder::new(64000).unwrap();
    [1m[96m|[0m             [1m[96m----[0m[1m[93m^^^[0m
    [1m[96m|[0m             [1m[96m|[0m
    [1m[96m|[0m             [1m[96mhelp: remove this `mut`[0m
    [1m[96m|[0m
    [1m[96m= [0m[1m[97mnote[0m: `#[warn(unused_mut)]` (part of `#[warn(unused)]`) on by default

[1m[93mwarning[0m[1m[97m: variant `UnsupportedContent` is never constructed[0m
  [1m[96m--> [0msrc\e2ee\channel_envelope.rs:45:5
   [1m[96m|[0m
[1m[96m42[0m [1m[96m|[0m pub enum OpenError {
   [1m[96m|[0m          [1m[96m---------[0m [1m[96mvariant in this enum[0m
[1m[96m...[0m
[1m[96m45[0m [1m[96m|[0m     UnsupportedContent(u8),
   [1m[96m|[0m     [1m[93m^^^^^^^^^^^^^^^^^^[0m
   [1m[96m|[0m
   [1m[96m= [0m[1m[97mnote[0m: `OpenError` has derived impls for the traits `Clone` and `Debug`, but these are intentionally ignored during dead code analysis
   [1m[96m= [0m[1m[97mnote[0m: `#[warn(dead_code)]` (part of `#[warn(unused)]`) on by default

[1m[93mwarning[0m[1m[97m: function `open` is never used[0m
   [1m[96m--> [0msrc\e2ee\channel_envelope.rs:128:8
    [1m[96m|[0m
[1m[96m128[0m [1m[96m|[0m pub fn open(epoch_key: &[u8; 32], channel_id: &str, sender: &str, wire: &[u8]) -> Result<String, OpenError> {
    [1m[96m|[0m        [1m[93m^^^^[0m

[1m[93mwarning[0m[1m[97m: function `delete` is never used[0m
   [1m[96m--> [0msrc\e2ee\keystore.rs:186:8
    [1m[96m|[0m
[1m[96m186[0m [1m[96m|[0m pub fn delete(username: &str) {
    [1m[96m|[0m        [1m[93m^^^^^^[0m

[1m[93mwarning[0m[1m[97m: constant `STREAM_GPU_FALLBACK` is never used[0m
   [1m[96m--> [0msrc\events.rs:246:11
    [1m[96m|[0m
[1m[96m246[0m [1m[96m|[0m pub const STREAM_GPU_FALLBACK: &str = "stream_gpu_fallback";
    [1m[96m|[0m           [1m[93m^^^^^^^^^^^^^^^^^^^[0m

[1m[93mwarning[0m[1m[97m: constant `STREAM_CAPTURE_ENDED` is never used[0m
   [1m[96m--> [0msrc\events.rs:247:11
    [1m[96m|[0m
[1m[96m247[0m [1m[96m|[0m pub const STREAM_CAPTURE_ENDED: &str = "stream_capture_ended";
    [1m[96m|[0m           [1m[93m^^^^^^^^^^^^^^^^^^^^[0m

[1m[93mwarning[0m[1m[97m: constant `CAPS_REFRESHED` is never used[0m
   [1m[96m--> [0msrc\events.rs:250:11
    [1m[96m|[0m
[1m[96m250[0m [1m[96m|[0m pub const CAPS_REFRESHED: &str = "caps_refreshed";
    [1m[96m|[0m           [1m[93m^^^^^^^^^^^^^^[0m

[1m[93mwarning[0m[1m[97m: struct `StreamGpuFallbackPayload` is never constructed[0m
    [1m[96m--> [0msrc\events.rs:1264:12
     [1m[96m|[0m
[1m[96m1264[0m [1m[96m|[0m pub struct StreamGpuFallbackPayload {
     [1m[96m|[0m            [1m[93m^^^^^^^^^^^^^^^^^^^^^^^^[0m

[1m[93mwarning[0m[1m[97m: function `emit_stream_gpu_fallback` is never used[0m
    [1m[96m--> [0msrc\events.rs:1310:8
     [1m[96m|[0m
[1m[96m1310[0m [1m[96m|[0m pub fn emit_stream_gpu_fallback(error: String) {
     [1m[96m|[0m        [1m[93m^^^^^^^^^^^^^^^^^^^^^^^^[0m

[1m[93mwarning[0m[1m[97m: function `emit_stream_capture_ended` is never used[0m
    [1m[96m--> [0msrc\events.rs:1314:8
     [1m[96m|[0m
[1m[96m1314[0m [1m[96m|[0m pub fn emit_stream_capture_ended() {
     [1m[96m|[0m        [1m[93m^^^^^^^^^^^^^^^^^^^^^^^^^[0m

[1m[93mwarning[0m[1m[97m: function `emit_caps_refreshed` is never used[0m
    [1m[96m--> [0msrc\events.rs:1318:8
     [1m[96m|[0m
[1m[96m1318[0m [1m[96m|[0m pub fn emit_caps_refreshed() {
     [1m[96m|[0m        [1m[93m^^^^^^^^^^^^^^^^^^^[0m

[1m[93mwarning[0m[1m[97m: method `voice_last_rx_age` is never used[0m
   [1m[96m--> [0msrc\media\mod.rs:554:12
    [1m[96m|[0m
[1m[96m179[0m [1m[96m|[0m impl VoiceEngine {
    [1m[96m|[0m [1m[96m----------------[0m [1m[96mmethod in this implementation[0m
[1m[96m...[0m
[1m[96m554[0m [1m[96m|[0m     pub fn voice_last_rx_age(&self) -> std::time::Duration {
    [1m[96m|[0m            [1m[93m^^^^^^^^^^^^^^^^^[0m

[1m[93mwarning[0m[1m[97m: methods `send_encoded_frame` and `self_username` are never used[0m
    [1m[96m--> [0msrc\media\mod.rs:1150:12
     [1m[96m|[0m
[1m[96m 846[0m [1m[96m|[0m impl VideoEngine {
     [1m[96m|[0m [1m[96m----------------[0m [1m[96mmethods in this implementation[0m
[1m[96m...[0m
[1m[96m1150[0m [1m[96m|[0m     pub fn send_encoded_frame(
     [1m[96m|[0m            [1m[93m^^^^^^^^^^^^^^^^^^[0m
[1m[96m...[0m
[1m[96m1159[0m [1m[96m|[0m     pub fn self_username(&self) -> &str {
     [1m[96m|[0m            [1m[93m^^^^^^^^^^^^^[0m

[1m[93mwarning[0m[1m[97m: method `callbacks` is never used[0m
   [1m[96m--> [0msrc\media\audio_device.rs:311:12
    [1m[96m|[0m
[1m[96m272[0m [1m[96m|[0m impl OutputPullStats {
    [1m[96m|[0m [1m[96m--------------------[0m [1m[96mmethod in this implementation[0m
[1m[96m...[0m
[1m[96m311[0m [1m[96m|[0m     pub fn callbacks(&self) -> u64 {
    [1m[96m|[0m            [1m[93m^^^^^^^^^[0m

[1m[93mwarning[0m[1m[97m: field `channels` is never read[0m
  [1m[96m--> [0msrc\media\capture.rs:21:9
   [1m[96m|[0m
[1m[96m18[0m [1m[96m|[0m pub struct AudioFrame {
   [1m[96m|[0m            [1m[96m----------[0m [1m[96mfield in this struct[0m
[1m[96m...[0m
[1m[96m21[0m [1m[96m|[0m     pub channels: u16,
   [1m[96m|[0m         [1m[93m^^^^^^^^[0m
   [1m[96m|[0m
   [1m[96m= [0m[1m[97mnote[0m: `AudioFrame` has a derived impl for the trait `Debug`, but this is intentionally ignored during dead code analysis

[1m[93mwarning[0m[1m[97m: fields `encode` and `decode` are never read[0m
  [1m[96m--> [0msrc\media\caps.rs:71:9
   [1m[96m|[0m
[1m[96m70[0m [1m[96m|[0m pub struct PeerCaps {
   [1m[96m|[0m            [1m[96m--------[0m [1m[96mfields in this struct[0m
[1m[96m71[0m [1m[96m|[0m     pub encode: Vec<CodecCap>,
   [1m[96m|[0m         [1m[93m^^^^^^[0m
[1m[96m72[0m [1m[96m|[0m     pub decode: Vec<CodecCap>,
   [1m[96m|[0m         [1m[93m^^^^^^[0m
   [1m[96m|[0m
   [1m[96m= [0m[1m[97mnote[0m: `PeerCaps` has derived impls for the traits `Debug` and `Clone`, but these are intentionally ignored during dead code analysis

[1m[93mwarning[0m[1m[97m: constant `CHANNELS` is never used[0m
 [1m[96m--> [0msrc\media\codec.rs:7:11
  [1m[96m|[0m
[1m[96m7[0m [1m[96m|[0m pub const CHANNELS: u16 = 1;
  [1m[96m|[0m           [1m[93m^^^^^^^^[0m

[1m[93mwarning[0m[1m[97m: constant `STEREO_CHANNELS` is never used[0m
  [1m[96m--> [0msrc\media\codec.rs:25:11
   [1m[96m|[0m
[1m[96m25[0m [1m[96m|[0m pub const STEREO_CHANNELS: u16 = 2;
   [1m[96m|[0m           [1m[93m^^^^^^^^^^^^^^^[0m

[1m[93mwarning[0m[1m[97m: method `encode_silence` is never used[0m
   [1m[96m--> [0msrc\media\codec.rs:108:12
    [1m[96m|[0m
[1m[96m 85[0m [1m[96m|[0m impl StereoOpusEncoder {
    [1m[96m|[0m [1m[96m----------------------[0m [1m[96mmethod in this implementation[0m
[1m[96m...[0m
[1m[96m108[0m [1m[96m|[0m     pub fn encode_silence(
    [1m[96m|[0m            [1m[93m^^^^^^^^^^^^^^[0m

[1m[93mwarning[0m[1m[97m: constant `DOWNGRADE_DEBOUNCE` is never used[0m
  [1m[96m--> [0msrc\media\codec_selection.rs:22:7
   [1m[96m|[0m
[1m[96m22[0m [1m[96m|[0m const DOWNGRADE_DEBOUNCE: Duration = Duration::from_millis(200);
   [1m[96m|[0m       [1m[93m^^^^^^^^^^^^^^^^^^[0m

[1m[93mwarning[0m[1m[97m: constant `UPGRADE_COOLDOWN` is never used[0m
  [1m[96m--> [0msrc\media\codec_selection.rs:23:7
   [1m[96m|[0m
[1m[96m23[0m [1m[96m|[0m const UPGRADE_COOLDOWN: Duration = Duration::from_secs(30);
   [1m[96m|[0m       [1m[93m^^^^^^^^^^^^^^^^[0m

[1m[93mwarning[0m[1m[97m: constant `PRIORITY` is never used[0m
  [1m[96m--> [0msrc\media\codec_selection.rs:26:7
   [1m[96m|[0m
[1m[96m26[0m [1m[96m|[0m const PRIORITY: [CodecKind; 4] = [
   [1m[96m|[0m       [1m[93m^^^^^^^^[0m

[1m[93mwarning[0m[1m[97m: struct `StreamSettings` is never constructed[0m
  [1m[96m--> [0msrc\media\codec_selection.rs:34:12
   [1m[96m|[0m
[1m[96m34[0m [1m[96m|[0m pub struct StreamSettings {
   [1m[96m|[0m            [1m[93m^^^^^^^^^^^^^^[0m

[1m[93mwarning[0m[1m[97m: struct `Toggles` is never constructed[0m
  [1m[96m--> [0msrc\media\codec_selection.rs:42:12
   [1m[96m|[0m
[1m[96m42[0m [1m[96m|[0m pub struct Toggles {
   [1m[96m|[0m            [1m[93m^^^^^^^[0m

[1m[93mwarning[0m[1m[97m: method `allows` is never used[0m
  [1m[96m--> [0msrc\media\codec_selection.rs:48:8
   [1m[96m|[0m
[1m[96m47[0m [1m[96m|[0m impl Toggles {
   [1m[96m|[0m [1m[96m------------[0m [1m[96mmethod in this implementation[0m
[1m[96m48[0m [1m[96m|[0m     fn allows(&self, codec: CodecKind) -> bool {
   [1m[96m|[0m        [1m[93m^^^^^^[0m

[1m[93mwarning[0m[1m[97m: enum `SwapReason` is never used[0m
  [1m[96m--> [0msrc\media\codec_selection.rs:58:10
   [1m[96m|[0m
[1m[96m58[0m [1m[96m|[0m pub enum SwapReason {
   [1m[96m|[0m          [1m[93m^^^^^^^^^^[0m

[1m[93mwarning[0m[1m[97m: struct `SwapEvent` is never constructed[0m
  [1m[96m--> [0msrc\media\codec_selection.rs:65:12
   [1m[96m|[0m
[1m[96m65[0m [1m[96m|[0m pub struct SwapEvent {
   [1m[96m|[0m            [1m[93m^^^^^^^^^[0m

[1m[93mwarning[0m[1m[97m: function `find_cap` is never used[0m
  [1m[96m--> [0msrc\media\codec_selection.rs:70:4
   [1m[96m|[0m
[1m[96m70[0m [1m[96m|[0m fn find_cap(caps: &[CodecCap], codec: CodecKind) -> Option<&CodecCap> {
   [1m[96m|[0m    [1m[93m^^^^^^^^[0m

[1m[93mwarning[0m[1m[97m: function `priority_index` is never used[0m
  [1m[96m--> [0msrc\media\codec_selection.rs:74:4
   [1m[96m|[0m
[1m[96m74[0m [1m[96m|[0m fn priority_index(codec: CodecKind) -> usize {
   [1m[96m|[0m    [1m[93m^^^^^^^^^^^^^^[0m

[1m[93mwarning[0m[1m[97m: function `pick` is never used[0m
  [1m[96m--> [0msrc\media\codec_selection.rs:81:8
   [1m[96m|[0m
[1m[96m81[0m [1m[96m|[0m pub fn pick(
   [1m[96m|[0m        [1m[93m^^^^[0m

[1m[93mwarning[0m[1m[97m: struct `CodecSelector` is never constructed[0m
   [1m[96m--> [0msrc\media\codec_selection.rs:135:12
    [1m[96m|[0m
[1m[96m135[0m [1m[96m|[0m pub struct CodecSelector {
    [1m[96m|[0m            [1m[93m^^^^^^^^^^^^^[0m

[1m[93mwarning[0m[1m[97m: struct `SelectorState` is never constructed[0m
   [1m[96m--> [0msrc\media\codec_selection.rs:140:8
    [1m[96m|[0m
[1m[96m140[0m [1m[96m|[0m struct SelectorState {
    [1m[96m|[0m        [1m[93m^^^^^^^^^^^^^[0m

[1m[93mwarning[0m[1m[97m: struct `TimerInfo` is never constructed[0m
   [1m[96m--> [0msrc\media\codec_selection.rs:152:8
    [1m[96m|[0m
[1m[96m152[0m [1m[96m|[0m struct TimerInfo {
    [1m[96m|[0m        [1m[93m^^^^^^^^^[0m

[1m[93mwarning[0m[1m[97m: enum `TimerKind` is never used[0m
   [1m[96m--> [0msrc\media\codec_selection.rs:160:6
    [1m[96m|[0m
[1m[96m160[0m [1m[96m|[0m enum TimerKind { Downgrade, Upgrade }
    [1m[96m|[0m      [1m[93m^^^^^^^^^[0m

[1m[93mwarning[0m[1m[97m: multiple associated items are never used[0m
   [1m[96m--> [0msrc\media\codec_selection.rs:163:12
    [1m[96m|[0m
[1m[96m162[0m [1m[96m|[0m impl CodecSelector {
    [1m[96m|[0m [1m[96m------------------[0m [1m[96massociated items in this implementation[0m
[1m[96m163[0m [1m[96m|[0m     pub fn new(
    [1m[96m|[0m            [1m[93m^^^[0m
[1m[96m...[0m
[1m[96m183[0m [1m[96m|[0m     pub fn current_settings(&self) -> StreamSettings {
    [1m[96m|[0m            [1m[93m^^^^^^^^^^^^^^^^[0m
[1m[96m...[0m
[1m[96m187[0m [1m[96m|[0m     pub fn enforced(&self) -> Option<CodecKind> {
    [1m[96m|[0m            [1m[93m^^^^^^^^[0m
[1m[96m...[0m
[1m[96m192[0m [1m[96m|[0m     pub fn record_swap(&self, new: StreamSettings) {
    [1m[96m|[0m            [1m[93m^^^^^^^^^^^[0m
[1m[96m...[0m
[1m[96m198[0m [1m[96m|[0m     pub fn on_watcher_joined(self: &Arc<Self>, username: String, decode: Vec<CodecCap>) {
    [1m[96m|[0m            [1m[93m^^^^^^^^^^^^^^^^^[0m
[1m[96m...[0m
[1m[96m205[0m [1m[96m|[0m     pub fn on_watcher_left(self: &Arc<Self>, username: &str) {
    [1m[96m|[0m            [1m[93m^^^^^^^^^^^^^^^[0m
[1m[96m...[0m
[1m[96m212[0m [1m[96m|[0m     fn recompute_locked(self: &Arc<Self>, s: &mut SelectorState) {
    [1m[96m|[0m        [1m[93m^^^^^^^^^^^^^^^^[0m

[1m[93mwarning[0m[1m[97m: methods `is_sealed`, `local_addr`, and `peer` are never used[0m
   [1m[96m--> [0msrc\media\media_socket.rs:275:12
    [1m[96m|[0m
[1m[96m243[0m [1m[96m|[0m impl MediaSocket {
    [1m[96m|[0m [1m[96m----------------[0m [1m[96mmethods in this implementation[0m
[1m[96m...[0m
[1m[96m275[0m [1m[96m|[0m     pub fn is_sealed(&self) -> bool {
    [1m[96m|[0m            [1m[93m^^^^^^^^^[0m
[1m[96m...[0m
[1m[96m294[0m [1m[96m|[0m     pub fn local_addr(&self) -> io::Result<SocketAddr> {
    [1m[96m|[0m            [1m[93m^^^^^^^^^^[0m
[1m[96m...[0m
[1m[96m299[0m [1m[96m|[0m     pub fn peer(&self) -> Option<SocketAddr> {
    [1m[96m|[0m            [1m[93m^^^^[0m

[1m[93mwarning[0m[1m[97m: constant `PACKET_TYPE_VIDEO` is never used[0m
 [1m[96m--> [0msrc\media\packet.rs:2:11
  [1m[96m|[0m
[1m[96m2[0m [1m[96m|[0m pub const PACKET_TYPE_VIDEO: u8 = 1;
  [1m[96m|[0m           [1m[93m^^^^^^^^^^^^^^^^^[0m

[1m[93mwarning[0m[1m[97m: constant `PACKET_TYPE_KEYFRAME_REQUEST` is never used[0m
 [1m[96m--> [0msrc\media\packet.rs:3:11
  [1m[96m|[0m
[1m[96m3[0m [1m[96m|[0m pub const PACKET_TYPE_KEYFRAME_REQUEST: u8 = 2;
  [1m[96m|[0m           [1m[93m^^^^^^^^^^^^^^^^^^^^^^^^^^^^[0m

[1m[93mwarning[0m[1m[97m: constant `PACKET_TYPE_NACK` is never used[0m
 [1m[96m--> [0msrc\media\packet.rs:4:11
  [1m[96m|[0m
[1m[96m4[0m [1m[96m|[0m pub const PACKET_TYPE_NACK: u8 = 3;
  [1m[96m|[0m           [1m[93m^^^^^^^^^^^^^^^^[0m

[1m[93mwarning[0m[1m[97m: field `username` is never read[0m
  [1m[96m--> [0msrc\media\peer.rs:37:9
   [1m[96m|[0m
[1m[96m36[0m [1m[96m|[0m pub struct PeerOutput {
   [1m[96m|[0m            [1m[96m----------[0m [1m[96mfield in this struct[0m
[1m[96m37[0m [1m[96m|[0m     pub username: String,
   [1m[96m|[0m         [1m[93m^^^^^^^^[0m
   [1m[96m|[0m
   [1m[96m= [0m[1m[97mnote[0m: `PeerOutput` has a derived impl for the trait `Clone`, but this is intentionally ignored during dead code analysis

[1m[93mwarning[0m[1m[97m: method `output_rate` is never used[0m
   [1m[96m--> [0msrc\media\peer.rs:150:12
    [1m[96m|[0m
[1m[96m 84[0m [1m[96m|[0m impl PeerAudio {
    [1m[96m|[0m [1m[96m--------------[0m [1m[96mmethod in this implementation[0m
[1m[96m...[0m
[1m[96m150[0m [1m[96m|[0m     pub fn output_rate(&self) -> u32 {
    [1m[96m|[0m            [1m[93m^^^^^^^^^^^[0m

[1m[93mwarning[0m[1m[97m: fields `width` and `height` are never read[0m
  [1m[96m--> [0msrc\media\encoder.rs:31:5
   [1m[96m|[0m
[1m[96m29[0m [1m[96m|[0m pub struct Encoder {
   [1m[96m|[0m            [1m[96m-------[0m [1m[96mfields in this struct[0m
[1m[96m30[0m [1m[96m|[0m     encoder_name: String,
[1m[96m31[0m [1m[96m|[0m     width: u32,
   [1m[96m|[0m     [1m[93m^^^^^[0m
[1m[96m32[0m [1m[96m|[0m     height: u32,
   [1m[96m|[0m     [1m[93m^^^^^^[0m

[1m[93mwarning[0m[1m[97m: field `frames_dropped` is never read[0m
  [1m[96m--> [0msrc\media\capture_wgc.rs:48:5
   [1m[96m|[0m
[1m[96m46[0m [1m[96m|[0m pub struct Capture {
   [1m[96m|[0m            [1m[96m-------[0m [1m[96mfield in this struct[0m
[1m[96m47[0m [1m[96m|[0m     stop: Arc<AtomicBool>,
[1m[96m48[0m [1m[96m|[0m     frames_dropped: Arc<AtomicU32>,
   [1m[96m|[0m     [1m[93m^^^^^^^^^^^^^^[0m

[1m[93mwarning[0m[1m[97m: method `frames_dropped` is never used[0m
  [1m[96m--> [0msrc\media\capture_wgc.rs:90:12
   [1m[96m|[0m
[1m[96m52[0m [1m[96m|[0m impl Capture {
   [1m[96m|[0m [1m[96m------------[0m [1m[96mmethod in this implementation[0m
[1m[96m...[0m
[1m[96m90[0m [1m[96m|[0m     pub fn frames_dropped(&self) -> u32 {
   [1m[96m|[0m            [1m[93m^^^^^^^^^^^^^^[0m

[1m[93mwarning[0m[1m[97m: field `frames_dropped` is never read[0m
  [1m[96m--> [0msrc\media\capture_dxgi.rs:53:5
   [1m[96m|[0m
[1m[96m51[0m [1m[96m|[0m pub struct Capture {
   [1m[96m|[0m            [1m[96m-------[0m [1m[96mfield in this struct[0m
[1m[96m52[0m [1m[96m|[0m     stop: Arc<AtomicBool>,
[1m[96m53[0m [1m[96m|[0m     frames_dropped: Arc<AtomicU32>,
   [1m[96m|[0m     [1m[93m^^^^^^^^^^^^^^[0m

[1m[93mwarning[0m[1m[97m: method `frames_dropped` is never used[0m
   [1m[96m--> [0msrc\media\capture_dxgi.rs:126:12
    [1m[96m|[0m
[1m[96m 57[0m [1m[96m|[0m impl Capture {
    [1m[96m|[0m [1m[96m------------[0m [1m[96mmethod in this implementation[0m
[1m[96m...[0m
[1m[96m126[0m [1m[96m|[0m     pub fn frames_dropped(&self) -> u32 {
    [1m[96m|[0m            [1m[93m^^^^^^^^^^^^^^[0m

[1m[93mwarning[0m[1m[97m: constant `CODEC_UNKNOWN` is never used[0m
  [1m[96m--> [0msrc\media\video_packet.rs:29:11
   [1m[96m|[0m
[1m[96m29[0m [1m[96m|[0m pub const CODEC_UNKNOWN: u8 = 0;
   [1m[96m|[0m           [1m[93m^^^^^^^^^^^^^[0m

[1m[93mwarning[0m[1m[97m: constant `CODEC_H264_SW` is never used[0m
  [1m[96m--> [0msrc\media\video_packet.rs:31:11
   [1m[96m|[0m
[1m[96m31[0m [1m[96m|[0m pub const CODEC_H264_SW: u8 = 2;
   [1m[96m|[0m           [1m[93m^^^^^^^^^^^^^[0m

[1m[93mwarning[0m[1m[97m: constant `CODEC_H265` is never used[0m
  [1m[96m--> [0msrc\media\video_packet.rs:32:11
   [1m[96m|[0m
[1m[96m32[0m [1m[96m|[0m pub const CODEC_H265: u8 = 3;
   [1m[96m|[0m           [1m[93m^^^^^^^^^^[0m

[1m[93mwarning[0m[1m[97m: constant `CODEC_AV1` is never used[0m
  [1m[96m--> [0msrc\media\video_packet.rs:33:11
   [1m[96m|[0m
[1m[96m33[0m [1m[96m|[0m pub const CODEC_AV1: u8 = 4;
   [1m[96m|[0m           [1m[93m^^^^^^^^^[0m

[1m[93mwarning[0m[1m[97m: method `sender_username_matches` is never used[0m
   [1m[96m--> [0msrc\media\video_packet.rs:205:12
    [1m[96m|[0m
[1m[96m 94[0m [1m[96m|[0m impl UdpVideoPacket {
    [1m[96m|[0m [1m[96m-------------------[0m [1m[96mmethod in this implementation[0m
[1m[96m...[0m
[1m[96m205[0m [1m[96m|[0m     pub fn sender_username_matches(&self, other: &str) -> bool {
    [1m[96m|[0m            [1m[93m^^^^^^^^^^^^^^^^^^^^^^^[0m

[1m[93mwarning[0m[1m[97m: associated items `new` and `to_bytes` are never used[0m
   [1m[96m--> [0msrc\media\video_packet.rs:252:12
    [1m[96m|[0m
[1m[96m251[0m [1m[96m|[0m impl UdpFecPacket {
    [1m[96m|[0m [1m[96m-----------------[0m [1m[96massociated items in this implementation[0m
[1m[96m252[0m [1m[96m|[0m     pub fn new(
    [1m[96m|[0m            [1m[93m^^^[0m
[1m[96m...[0m
[1m[96m277[0m [1m[96m|[0m     pub fn to_bytes(&self) -> Vec<u8> {
    [1m[96m|[0m            [1m[93m^^^^^^^^[0m

[1m[93mwarning[0m[1m[97m: function `current_frame_sink` is never used[0m
   [1m[96m--> [0msrc\media\video_pipeline.rs:161:8
    [1m[96m|[0m
[1m[96m161[0m [1m[96m|[0m pub fn current_frame_sink() -> Option<Arc<VideoSender>> {
    [1m[96m|[0m        [1m[93m^^^^^^^^^^^^^^^^^^[0m

[1m[93mwarning[0m[1m[97m: methods `epoch` and `can_send` are never used[0m
   [1m[96m--> [0msrc\media\frame_crypto.rs:167:12
    [1m[96m|[0m
[1m[96m143[0m [1m[96m|[0m impl KeyRing {
    [1m[96m|[0m [1m[96m------------[0m [1m[96mmethods in this implementation[0m
[1m[96m...[0m
[1m[96m167[0m [1m[96m|[0m     pub fn epoch(&self) -> Option<u32> {
    [1m[96m|[0m            [1m[93m^^^^^[0m
[1m[96m...[0m
[1m[96m172[0m [1m[96m|[0m     pub fn can_send(&self) -> bool {
    [1m[96m|[0m            [1m[93m^^^^^^^^[0m

[1m[93mwarning[0m[1m[97m: methods `request_server_list` and `send_private_message` are never used[0m
   [1m[96m--> [0msrc\net\central.rs:106:18
    [1m[96m|[0m
[1m[96m 31[0m [1m[96m|[0m impl CentralClient {
    [1m[96m|[0m [1m[96m------------------[0m [1m[96mmethods in this implementation[0m
[1m[96m...[0m
[1m[96m106[0m [1m[96m|[0m     pub async fn request_server_list(&self, token: Option<&str>) -> Result<(), String> {
    [1m[96m|[0m                  [1m[93m^^^^^^^^^^^^^^^^^^^[0m
[1m[96m...[0m
[1m[96m120[0m [1m[96m|[0m     pub async fn send_private_message(
    [1m[96m|[0m                  [1m[93m^^^^^^^^^^^^^^^^^^^^[0m

[1m[93mwarning[0m[1m[97m: field `terminated` is never read[0m
   [1m[96m--> [0msrc\net\community.rs:112:5
    [1m[96m|[0m
[1m[96m 87[0m [1m[96m|[0m pub struct CommunityClient {
    [1m[96m|[0m            [1m[96m---------------[0m [1m[96mfield in this struct[0m
[1m[96m...[0m
[1m[96m112[0m [1m[96m|[0m     terminated: Arc<AtomicBool>,
    [1m[96m|[0m     [1m[93m^^^^^^^^^^[0m

[1m[93mwarning[0m[1m[97m: methods `send`, `start_stream`, `stop_stream`, `watch_stream`, and `stop_watching` are never used[0m
   [1m[96m--> [0msrc\net\community.rs:197:18
    [1m[96m|[0m
[1m[96m115[0m [1m[96m|[0m impl CommunityClient {
    [1m[96m|[0m [1m[96m--------------------[0m [1m[96mmethods in this implementation[0m
[1m[96m...[0m
[1m[96m197[0m [1m[96m|[0m     pub async fn send(&self, data: Vec<u8>) -> Result<(), String> {
    [1m[96m|[0m                  [1m[93m^^^^[0m
[1m[96m...[0m
[1m[96m206[0m [1m[96m|[0m     pub async fn start_stream(
    [1m[96m|[0m                  [1m[93m^^^^^^^^^^^^[0m
[1m[96m...[0m
[1m[96m234[0m [1m[96m|[0m     pub async fn stop_stream(&self, channel_id: &str) -> Result<(), String> {
    [1m[96m|[0m                  [1m[93m^^^^^^^^^^^[0m
[1m[96m...[0m
[1m[96m245[0m [1m[96m|[0m     pub async fn watch_stream(&self, channel_id: &str, target_username: &str) -> Result<(), String> {
    [1m[96m|[0m                  [1m[93m^^^^^^^^^^^^[0m
[1m[96m...[0m
[1m[96m257[0m [1m[96m|[0m     pub async fn stop_watching(
    [1m[96m|[0m                  [1m[93m^^^^^^^^^^^^^[0m

[1m[93mwarning[0m[1m[97m: method `is_alive` is never used[0m
   [1m[96m--> [0msrc\net\connection.rs:209:12
    [1m[96m|[0m
[1m[96m 21[0m [1m[96m|[0m impl Connection {
    [1m[96m|[0m [1m[96m---------------[0m [1m[96mmethod in this implementation[0m
[1m[96m...[0m
[1m[96m209[0m [1m[96m|[0m     pub fn is_alive(&self) -> bool {
    [1m[96m|[0m            [1m[93m^^^^^^^^[0m

[1m[93mwarning[0m[1m[97m: fields `channel_id`, `streamer_username`, `watcher_username`, and `action` are never read[0m
  [1m[96m--> [0msrc\state.rs:33:9
   [1m[96m|[0m
[1m[96m32[0m [1m[96m|[0m pub struct WatcherEvent {
   [1m[96m|[0m            [1m[96m------------[0m [1m[96mfields in this struct[0m
[1m[96m33[0m [1m[96m|[0m     pub channel_id: String,
   [1m[96m|[0m         [1m[93m^^^^^^^^^^[0m
[1m[96m34[0m [1m[96m|[0m     pub streamer_username: String,
   [1m[96m|[0m         [1m[93m^^^^^^^^^^^^^^^^^[0m
[1m[96m35[0m [1m[96m|[0m     pub watcher_username: String,
   [1m[96m|[0m         [1m[93m^^^^^^^^^^^^^^^^[0m
[1m[96m36[0m [1m[96m|[0m     /// Mirrors chatproj::StreamWatcherNotify::Action — 1 = JOINED, 2 = LEFT.
[1m[96m37[0m [1m[96m|[0m     pub action: i32,
   [1m[96m|[0m         [1m[93m^^^^^^[0m
   [1m[96m|[0m
   [1m[96m= [0m[1m[97mnote[0m: `WatcherEvent` has derived impls for the traits `Debug` and `Clone`, but these are intentionally ignored during dead code analysis

[1m[93mwarning[0m[1m[97m: fields `cache_dir` and `app_version` are never read[0m
  [1m[96m--> [0msrc\state.rs:60:9
   [1m[96m|[0m
[1m[96m58[0m [1m[96m|[0m pub struct BootConfig {
   [1m[96m|[0m            [1m[96m----------[0m [1m[96mfields in this struct[0m
[1m[96m59[0m [1m[96m|[0m     pub user_data_dir: PathBuf,
[1m[96m60[0m [1m[96m|[0m     pub cache_dir: PathBuf,
   [1m[96m|[0m         [1m[93m^^^^^^^^^[0m
[1m[96m61[0m [1m[96m|[0m     pub app_version: String,
   [1m[96m|[0m         [1m[93m^^^^^^^^^^^[0m

[1m[93mwarning[0m[1m[97m: field `mic_test_stop` is never read[0m
   [1m[96m--> [0msrc\state.rs:107:9
    [1m[96m|[0m
[1m[96m 67[0m [1m[96m|[0m pub struct AppState {
    [1m[96m|[0m            [1m[96m--------[0m [1m[96mfield in this struct[0m
[1m[96m...[0m
[1m[96m107[0m [1m[96m|[0m     pub mic_test_stop: Option<Arc<std::sync::atomic::AtomicBool>>,
    [1m[96m|[0m         [1m[93m^^^^^^^^^^^^^[0m

[1m[93mwarning[0m[1m[97m: unused `BOOL` that must be used[0m
  [1m[96m--> [0msrc\media\gpu_pipeline.rs:58:17
   [1m[96m|[0m
[1m[96m58[0m [1m[96m|[0m                 mt.SetMultithreadProtected(true);
   [1m[96m|[0m                 [1m[93m^^^^^^^^^^^^^^^^^^^^^^^^^^^^^^^^[0m
   [1m[96m|[0m
   [1m[96m= [0m[1m[97mnote[0m: `#[warn(unused_must_use)]` (part of `#[warn(unused)]`) on by default
[1m[96mhelp[0m: use `let _ = ...` to ignore the resulting value
   [1m[96m|[0m
[1m[96m58[0m [1m[96m| [0m                [92mlet _ = [0mmt.SetMultithreadProtected(true);
   [1m[96m|[0m                 [92m+++++++[0m

[1m[93mwarning[0m[1m[97m: unused `BOOL` that must be used[0m
   [1m[96m--> [0msrc\media\capture_wgc.rs:305:9
    [1m[96m|[0m
[1m[96m305[0m [1m[96m|[0m         EnumDisplayMonitors(None, None, Some(cb), lparam);
    [1m[96m|[0m         [1m[93m^^^^^^^^^^^^^^^^^^^^^^^^^^^^^^^^^^^^^^^^^^^^^^^^^[0m
    [1m[96m|[0m
[1m[96mhelp[0m: use `let _ = ...` to ignore the resulting value
    [1m[96m|[0m
[1m[96m305[0m [1m[96m| [0m        [92mlet _ = [0mEnumDisplayMonitors(None, None, Some(cb), lparam);
    [1m[96m|[0m         [92m+++++++[0m

[1m[93mwarning[0m: `decibell-native` (lib) generated 68 warnings (run `cargo fix --lib -p decibell-native` to apply 1 suggestion)
[1m[93mwarning[0m[1m[97m: struct `LoginArgs` is never constructed[0m
  [1m[96m--> [0msrc\commands\auth.rs:22:12
   [1m[96m|[0m
[1m[96m22[0m [1m[96m|[0m pub struct LoginArgs {
   [1m[96m|[0m            [1m[93m^^^^^^^^^[0m
   [1m[96m|[0m
   [1m[96m= [0m[1m[97mnote[0m: `#[warn(dead_code)]` (part of `#[warn(unused)]`) on by default

[1m[93mwarning[0m[1m[97m: function `login` is never used[0m
  [1m[96m--> [0msrc\commands\auth.rs:28:14
   [1m[96m|[0m
[1m[96m28[0m [1m[96m|[0m pub async fn login(args: LoginArgs) -> napi::Result<()> {
   [1m[96m|[0m              [1m[93m^^^^^[0m

[1m[93mwarning[0m[1m[97m: struct `RegisterArgs` is never constructed[0m
  [1m[96m--> [0msrc\commands\auth.rs:69:12
   [1m[96m|[0m
[1m[96m69[0m [1m[96m|[0m pub struct RegisterArgs {
   [1m[96m|[0m            [1m[93m^^^^^^^^^^^^[0m

[1m[93mwarning[0m[1m[97m: function `register` is never used[0m
  [1m[96m--> [0msrc\commands\auth.rs:76:14
   [1m[96m|[0m
[1m[96m76[0m [1m[96m|[0m pub async fn register(args: RegisterArgs) -> napi::Result<()> {
   [1m[96m|[0m              [1m[93m^^^^^^^^[0m

[1m[93mwarning[0m[1m[97m: function `logout` is never used[0m
   [1m[96m--> [0msrc\commands\auth.rs:126:14
    [1m[96m|[0m
[1m[96m126[0m [1m[96m|[0m pub async fn logout() -> napi::Result<()> {
    [1m[96m|[0m              [1m[93m^^^^^^[0m

[1m[93mwarning[0m[1m[97m: struct `UploadAvatarResult` is never constructed[0m
   [1m[96m--> [0msrc\commands\auth.rs:216:12
    [1m[96m|[0m
[1m[96m216[0m [1m[96m|[0m pub struct UploadAvatarResult {
    [1m[96m|[0m            [1m[93m^^^^^^^^^^^^^^^^^^[0m

[1m[93mwarning[0m[1m[97m: struct `UploadAvatarArgs` is never constructed[0m
   [1m[96m--> [0msrc\commands\auth.rs:224:12
    [1m[96m|[0m
[1m[96m224[0m [1m[96m|[0m pub struct UploadAvatarArgs {
    [1m[96m|[0m            [1m[93m^^^^^^^^^^^^^^^^[0m

[1m[93mwarning[0m[1m[97m: function `upload_avatar` is never used[0m
   [1m[96m--> [0msrc\commands\auth.rs:232:14
    [1m[96m|[0m
[1m[96m232[0m [1m[96m|[0m pub async fn upload_avatar(args: UploadAvatarArgs) -> napi::Result<UploadAvatarResult> {
    [1m[96m|[0m              [1m[93m^^^^^^^^^^^^^[0m

[1m[93mwarning[0m[1m[97m: struct `FetchAvatarResult` is never constructed[0m
   [1m[96m--> [0msrc\commands\auth.rs:284:12
    [1m[96m|[0m
[1m[96m284[0m [1m[96m|[0m pub struct FetchAvatarResult {
    [1m[96m|[0m            [1m[93m^^^^^^^^^^^^^^^^^[0m

[1m[93mwarning[0m[1m[97m: struct `FetchAvatarArgs` is never constructed[0m
   [1m[96m--> [0msrc\commands\auth.rs:291:12
    [1m[96m|[0m
[1m[96m291[0m [1m[96m|[0m pub struct FetchAvatarArgs {
    [1m[96m|[0m            [1m[93m^^^^^^^^^^^^^^^[0m

[1m[93mwarning[0m[1m[97m: function `fetch_avatar` is never used[0m
   [1m[96m--> [0msrc\commands\auth.rs:299:14
    [1m[96m|[0m
[1m[96m299[0m [1m[96m|[0m pub async fn fetch_avatar(args: FetchAvatarArgs) -> napi::Result<FetchAvatarResult> {
    [1m[96m|[0m              [1m[93m^^^^^^^^^^^^[0m

[1m[93mwarning[0m[1m[97m: constant `PUNCH_DEADLINE` is never used[0m
  [1m[96m--> [0msrc\commands\call.rs:49:7
   [1m[96m|[0m
[1m[96m49[0m [1m[96m|[0m const PUNCH_DEADLINE: Duration = Duration::from_secs(10);
   [1m[96m|[0m       [1m[93m^^^^^^^^^^^^^^[0m

[1m[93mwarning[0m[1m[97m: constant `PEER_LOST_AFTER` is never used[0m
  [1m[96m--> [0msrc\commands\call.rs:52:7
   [1m[96m|[0m
[1m[96m52[0m [1m[96m|[0m const PEER_LOST_AFTER: Duration = Duration::from_secs(15);
   [1m[96m|[0m       [1m[93m^^^^^^^^^^^^^^^[0m

[1m[93mwarning[0m[1m[97m: constant `MAX_HOST_IPS` is never used[0m
  [1m[96m--> [0msrc\commands\call.rs:53:7
   [1m[96m|[0m
[1m[96m53[0m [1m[96m|[0m const MAX_HOST_IPS: usize = 6;
   [1m[96m|[0m       [1m[93m^^^^^^^^^^^^[0m

[1m[93mwarning[0m[1m[97m: struct `CallConfig` is never constructed[0m
  [1m[96m--> [0msrc\commands\call.rs:58:12
   [1m[96m|[0m
[1m[96m58[0m [1m[96m|[0m pub struct CallConfig {
   [1m[96m|[0m            [1m[93m^^^^^^^^^^[0m

[1m[93mwarning[0m[1m[97m: function `get_call_config` is never used[0m
  [1m[96m--> [0msrc\commands\call.rs:64:14
   [1m[96m|[0m
[1m[96m64[0m [1m[96m|[0m pub async fn get_call_config() -> napi::Result<CallConfig> {
   [1m[96m|[0m              [1m[93m^^^^^^^^^^^^^^^[0m

[1m[93mwarning[0m[1m[97m: struct `CallCandidateArg` is never constructed[0m
  [1m[96m--> [0msrc\commands\call.rs:75:12
   [1m[96m|[0m
[1m[96m75[0m [1m[96m|[0m pub struct CallCandidateArg {
   [1m[96m|[0m            [1m[93m^^^^^^^^^^^^^^^^[0m

[1m[93mwarning[0m[1m[97m: struct `CallStreamMetaArg` is never constructed[0m
  [1m[96m--> [0msrc\commands\call.rs:85:12
   [1m[96m|[0m
[1m[96m85[0m [1m[96m|[0m pub struct CallStreamMetaArg {
   [1m[96m|[0m            [1m[93m^^^^^^^^^^^^^^^^^[0m

[1m[93mwarning[0m[1m[97m: struct `SendCallSignalArgs` is never constructed[0m
  [1m[96m--> [0msrc\commands\call.rs:94:12
   [1m[96m|[0m
[1m[96m94[0m [1m[96m|[0m pub struct SendCallSignalArgs {
   [1m[96m|[0m            [1m[93m^^^^^^^^^^^^^^^^^^[0m

[1m[93mwarning[0m[1m[97m: function `send_call_signal` is never used[0m
   [1m[96m--> [0msrc\commands\call.rs:106:14
    [1m[96m|[0m
[1m[96m106[0m [1m[96m|[0m pub async fn send_call_signal(args: SendCallSignalArgs) -> napi::Result<()> {
    [1m[96m|[0m              [1m[93m^^^^^^^^^^^^^^^^[0m

[1m[93mwarning[0m[1m[97m: function `host_ips` is never used[0m
   [1m[96m--> [0msrc\commands\call.rs:196:4
    [1m[96m|[0m
[1m[96m196[0m [1m[96m|[0m fn host_ips() -> Vec<std::net::Ipv4Addr> {
    [1m[96m|[0m    [1m[93m^^^^^^^^[0m

[1m[93mwarning[0m[1m[97m: function `random_txid` is never used[0m
   [1m[96m--> [0msrc\commands\call.rs:228:4
    [1m[96m|[0m
[1m[96m228[0m [1m[96m|[0m fn random_txid() -> [u8; 12] {
    [1m[96m|[0m    [1m[93m^^^^^^^^^^^[0m

[1m[93mwarning[0m[1m[97m: function `candidate` is never used[0m
   [1m[96m--> [0msrc\commands\call.rs:235:4
    [1m[96m|[0m
[1m[96m235[0m [1m[96m|[0m fn candidate(socket: &str, kind: &str, ip: impl ToString, port: u16) -> CallCandidateArg {
    [1m[96m|[0m    [1m[93m^^^^^^^^^[0m

[1m[93mwarning[0m[1m[97m: function `parse_remote` is never used[0m
   [1m[96m--> [0msrc\commands\call.rs:244:4
    [1m[96m|[0m
[1m[96m244[0m [1m[96m|[0m fn parse_remote(cands: &[CallCandidateArg], socket: &str) -> Vec<RemoteCandidate> {
    [1m[96m|[0m    [1m[93m^^^^^^^^^^^^[0m

[1m[93mwarning[0m[1m[97m: struct `CallPrepareArgs` is never constructed[0m
   [1m[96m--> [0msrc\commands\call.rs:268:12
    [1m[96m|[0m
[1m[96m268[0m [1m[96m|[0m pub struct CallPrepareArgs {
    [1m[96m|[0m            [1m[93m^^^^^^^^^^^^^^^[0m

[1m[93mwarning[0m[1m[97m: struct `CallPrepareResult` is never constructed[0m
   [1m[96m--> [0msrc\commands\call.rs:274:12
    [1m[96m|[0m
[1m[96m274[0m [1m[96m|[0m pub struct CallPrepareResult {
    [1m[96m|[0m            [1m[93m^^^^^^^^^^^^^^^^^[0m

[1m[93mwarning[0m[1m[97m: function `call_prepare` is never used[0m
   [1m[96m--> [0msrc\commands\call.rs:281:14
    [1m[96m|[0m
[1m[96m281[0m [1m[96m|[0m pub async fn call_prepare(args: CallPrepareArgs) -> napi::Result<CallPrepareResult> {
    [1m[96m|[0m              [1m[93m^^^^^^^^^^^^[0m

[1m[93mwarning[0m[1m[97m: struct `CallConnectArgs` is never constructed[0m
   [1m[96m--> [0msrc\commands\call.rs:382:12
    [1m[96m|[0m
[1m[96m382[0m [1m[96m|[0m pub struct CallConnectArgs {
    [1m[96m|[0m            [1m[93m^^^^^^^^^^^^^^^[0m

[1m[93mwarning[0m[1m[97m: function `call_connect` is never used[0m
   [1m[96m--> [0msrc\commands\call.rs:397:14
    [1m[96m|[0m
[1m[96m397[0m [1m[96m|[0m pub async fn call_connect(args: CallConnectArgs) -> napi::Result<()> {
    [1m[96m|[0m              [1m[93m^^^^^^^^^^^^[0m

[1m[93mwarning[0m[1m[97m: function `call_end` is never used[0m
   [1m[96m--> [0msrc\commands\call.rs:639:14
    [1m[96m|[0m
[1m[96m639[0m [1m[96m|[0m pub async fn call_end() -> napi::Result<()> {
    [1m[96m|[0m              [1m[93m^^^^^^^^[0m

[1m[93mwarning[0m[1m[97m: struct `CallWatchStreamArgs` is never constructed[0m
   [1m[96m--> [0msrc\commands\call.rs:700:12
    [1m[96m|[0m
[1m[96m700[0m [1m[96m|[0m pub struct CallWatchStreamArgs {
    [1m[96m|[0m            [1m[93m^^^^^^^^^^^^^^^^^^^[0m

[1m[93mwarning[0m[1m[97m: function `call_watch_stream` is never used[0m
   [1m[96m--> [0msrc\commands\call.rs:705:14
    [1m[96m|[0m
[1m[96m705[0m [1m[96m|[0m pub async fn call_watch_stream(args: CallWatchStreamArgs) -> napi::Result<()> {
    [1m[96m|[0m              [1m[93m^^^^^^^^^^^^^^^^^[0m

[1m[93mwarning[0m[1m[97m: function `send_for_server` is never used[0m
  [1m[96m--> [0msrc\commands\channels.rs:14:10
   [1m[96m|[0m
[1m[96m14[0m [1m[96m|[0m async fn send_for_server(
   [1m[96m|[0m          [1m[93m^^^^^^^^^^^^^^^[0m

[1m[93mwarning[0m[1m[97m: struct `RequestChannelHistoryArgs` is never constructed[0m
  [1m[96m--> [0msrc\commands\channels.rs:40:12
   [1m[96m|[0m
[1m[96m40[0m [1m[96m|[0m pub struct RequestChannelHistoryArgs {
   [1m[96m|[0m            [1m[93m^^^^^^^^^^^^^^^^^^^^^^^^^[0m

[1m[93mwarning[0m[1m[97m: function `request_channel_history` is never used[0m
  [1m[96m--> [0msrc\commands\channels.rs:53:14
   [1m[96m|[0m
[1m[96m53[0m [1m[96m|[0m pub async fn request_channel_history(args: RequestChannelHistoryArgs) -> napi::Result<()> {
   [1m[96m|[0m              [1m[93m^^^^^^^^^^^^^^^^^^^^^^^[0m

[1m[93mwarning[0m[1m[97m: struct `WipeChannelHistoryArgs` is never constructed[0m
  [1m[96m--> [0msrc\commands\channels.rs:77:12
   [1m[96m|[0m
[1m[96m77[0m [1m[96m|[0m pub struct WipeChannelHistoryArgs {
   [1m[96m|[0m            [1m[93m^^^^^^^^^^^^^^^^^^^^^^[0m

[1m[93mwarning[0m[1m[97m: function `wipe_channel_history` is never used[0m
  [1m[96m--> [0msrc\commands\channels.rs:90:14
   [1m[96m|[0m
[1m[96m90[0m [1m[96m|[0m pub async fn wipe_channel_history(args: WipeChannelHistoryArgs) -> napi::Result<()> {
   [1m[96m|[0m              [1m[93m^^^^^^^^^^^^^^^^^^^^[0m

[1m[93mwarning[0m[1m[97m: struct `UpdateChannelRetentionArgs` is never constructed[0m
   [1m[96m--> [0msrc\commands\channels.rs:104:12
    [1m[96m|[0m
[1m[96m104[0m [1m[96m|[0m pub struct UpdateChannelRetentionArgs {
    [1m[96m|[0m            [1m[93m^^^^^^^^^^^^^^^^^^^^^^^^^^[0m

[1m[93mwarning[0m[1m[97m: function `update_channel_retention` is never used[0m
   [1m[96m--> [0msrc\commands\channels.rs:126:14
    [1m[96m|[0m
[1m[96m126[0m [1m[96m|[0m pub async fn update_channel_retention(args: UpdateChannelRetentionArgs) -> napi::Result<()> {
    [1m[96m|[0m              [1m[93m^^^^^^^^^^^^^^^^^^^^^^^^[0m

[1m[93mwarning[0m[1m[97m: struct `SendChannelMessageArgs` is never constructed[0m
   [1m[96m--> [0msrc\commands\channels.rs:158:12
    [1m[96m|[0m
[1m[96m158[0m [1m[96m|[0m pub struct SendChannelMessageArgs {
    [1m[96m|[0m            [1m[93m^^^^^^^^^^^^^^^^^^^^^^[0m

[1m[93mwarning[0m[1m[97m: struct `EncryptedAttachmentArg` is never constructed[0m
   [1m[96m--> [0msrc\commands\channels.rs:187:12
    [1m[96m|[0m
[1m[96m187[0m [1m[96m|[0m pub struct EncryptedAttachmentArg {
    [1m[96m|[0m            [1m[93m^^^^^^^^^^^^^^^^^^^^^^[0m

[1m[93mwarning[0m[1m[97m: function `attachment_metas` is never used[0m
   [1m[96m--> [0msrc\commands\channels.rs:201:4
    [1m[96m|[0m
[1m[96m201[0m [1m[96m|[0m fn attachment_metas(args: Option<Vec<EncryptedAttachmentArg>>) -> Vec<crate::e2ee::channel_keys::AttachmentMeta> {
    [1m[96m|[0m    [1m[93m^^^^^^^^^^^^^^^^[0m

[1m[93mwarning[0m[1m[97m: function `send_channel_message` is never used[0m
   [1m[96m--> [0msrc\commands\channels.rs:221:14
    [1m[96m|[0m
[1m[96m221[0m [1m[96m|[0m pub async fn send_channel_message(args: SendChannelMessageArgs) -> napi::Result<()> {
    [1m[96m|[0m              [1m[93m^^^^^^^^^^^^^^^^^^^^[0m

[1m[93mwarning[0m[1m[97m: struct `DeleteChannelMessageArgs` is never constructed[0m
   [1m[96m--> [0msrc\commands\channels.rs:324:12
    [1m[96m|[0m
[1m[96m324[0m [1m[96m|[0m pub struct DeleteChannelMessageArgs {
    [1m[96m|[0m            [1m[93m^^^^^^^^^^^^^^^^^^^^^^^^[0m

[1m[93mwarning[0m[1m[97m: function `delete_channel_message` is never used[0m
   [1m[96m--> [0msrc\commands\channels.rs:335:14
    [1m[96m|[0m
[1m[96m335[0m [1m[96m|[0m pub async fn delete_channel_message(args: DeleteChannelMessageArgs) -> napi::Result<()> {
    [1m[96m|[0m              [1m[93m^^^^^^^^^^^^^^^^^^^^^^[0m

[1m[93mwarning[0m[1m[97m: struct `EditChannelMessageArgs` is never constructed[0m
   [1m[96m--> [0msrc\commands\channels.rs:353:12
    [1m[96m|[0m
[1m[96m353[0m [1m[96m|[0m pub struct EditChannelMessageArgs {
    [1m[96m|[0m            [1m[93m^^^^^^^^^^^^^^^^^^^^^^[0m

[1m[93mwarning[0m[1m[97m: function `edit_channel_message` is never used[0m
   [1m[96m--> [0msrc\commands\channels.rs:369:14
    [1m[96m|[0m
[1m[96m369[0m [1m[96m|[0m pub async fn edit_channel_message(args: EditChannelMessageArgs) -> napi::Result<()> {
    [1m[96m|[0m              [1m[93m^^^^^^^^^^^^^^^^^^^^[0m

[1m[93mwarning[0m[1m[97m: struct `CreateChannelArgs` is never constructed[0m
   [1m[96m--> [0msrc\commands\channels.rs:407:12
    [1m[96m|[0m
[1m[96m407[0m [1m[96m|[0m pub struct CreateChannelArgs {
    [1m[96m|[0m            [1m[93m^^^^^^^^^^^^^^^^^[0m

[1m[93mwarning[0m[1m[97m: function `create_channel` is never used[0m
   [1m[96m--> [0msrc\commands\channels.rs:421:14
    [1m[96m|[0m
[1m[96m421[0m [1m[96m|[0m pub async fn create_channel(args: CreateChannelArgs) -> napi::Result<()> {
    [1m[96m|[0m              [1m[93m^^^^^^^^^^^^^^[0m

[1m[93mwarning[0m[1m[97m: struct `ReorderChannelsArgs` is never constructed[0m
   [1m[96m--> [0msrc\commands\channels.rs:448:12
    [1m[96m|[0m
[1m[96m448[0m [1m[96m|[0m pub struct ReorderChannelsArgs {
    [1m[96m|[0m            [1m[93m^^^^^^^^^^^^^^^^^^^[0m

[1m[93mwarning[0m[1m[97m: function `reorder_channels` is never used[0m
   [1m[96m--> [0msrc\commands\channels.rs:457:14
    [1m[96m|[0m
[1m[96m457[0m [1m[96m|[0m pub async fn reorder_channels(args: ReorderChannelsArgs) -> napi::Result<()> {
    [1m[96m|[0m              [1m[93m^^^^^^^^^^^^^^^^[0m

[1m[93mwarning[0m[1m[97m: struct `RenameChannelArgs` is never constructed[0m
   [1m[96m--> [0msrc\commands\channels.rs:471:12
    [1m[96m|[0m
[1m[96m471[0m [1m[96m|[0m pub struct RenameChannelArgs {
    [1m[96m|[0m            [1m[93m^^^^^^^^^^^^^^^^^[0m

[1m[93mwarning[0m[1m[97m: function `rename_channel` is never used[0m
   [1m[96m--> [0msrc\commands\channels.rs:478:14
    [1m[96m|[0m
[1m[96m478[0m [1m[96m|[0m pub async fn rename_channel(args: RenameChannelArgs) -> napi::Result<()> {
    [1m[96m|[0m              [1m[93m^^^^^^^^^^^^^^[0m

[1m[93mwarning[0m[1m[97m: struct `SetChannelOverwriteArgs` is never constructed[0m
   [1m[96m--> [0msrc\commands\channels.rs:493:12
    [1m[96m|[0m
[1m[96m493[0m [1m[96m|[0m pub struct SetChannelOverwriteArgs {
    [1m[96m|[0m            [1m[93m^^^^^^^^^^^^^^^^^^^^^^^[0m

[1m[93mwarning[0m[1m[97m: function `set_channel_overwrite` is never used[0m
   [1m[96m--> [0msrc\commands\channels.rs:509:14
    [1m[96m|[0m
[1m[96m509[0m [1m[96m|[0m pub async fn set_channel_overwrite(args: SetChannelOverwriteArgs) -> napi::Result<()> {
    [1m[96m|[0m              [1m[93m^^^^^^^^^^^^^^^^^^^^^[0m

[1m[93mwarning[0m[1m[97m: struct `ListChannelOverwritesArgs` is never constructed[0m
   [1m[96m--> [0msrc\commands\channels.rs:532:12
    [1m[96m|[0m
[1m[96m532[0m [1m[96m|[0m pub struct ListChannelOverwritesArgs {
    [1m[96m|[0m            [1m[93m^^^^^^^^^^^^^^^^^^^^^^^^^[0m

[1m[93mwarning[0m[1m[97m: function `list_channel_overwrites` is never used[0m
   [1m[96m--> [0msrc\commands\channels.rs:538:14
    [1m[96m|[0m
[1m[96m538[0m [1m[96m|[0m pub async fn list_channel_overwrites(args: ListChannelOverwritesArgs) -> napi::Result<()> {
    [1m[96m|[0m              [1m[93m^^^^^^^^^^^^^^^^^^^^^^^[0m

[1m[93mwarning[0m[1m[97m: struct `DeleteChannelArgs` is never constructed[0m
   [1m[96m--> [0msrc\commands\channels.rs:550:12
    [1m[96m|[0m
[1m[96m550[0m [1m[96m|[0m pub struct DeleteChannelArgs {
    [1m[96m|[0m            [1m[93m^^^^^^^^^^^^^^^^^[0m

[1m[93mwarning[0m[1m[97m: function `delete_channel` is never used[0m
   [1m[96m--> [0msrc\commands\channels.rs:556:14
    [1m[96m|[0m
[1m[96m556[0m [1m[96m|[0m pub async fn delete_channel(args: DeleteChannelArgs) -> napi::Result<()> {
    [1m[96m|[0m              [1m[93m^^^^^^^^^^^^^^[0m

[1m[93mwarning[0m[1m[97m: function `send_for_server` is never used[0m
  [1m[96m--> [0msrc\commands\community.rs:13:10
   [1m[96m|[0m
[1m[96m13[0m [1m[96m|[0m async fn send_for_server(
   [1m[96m|[0m          [1m[93m^^^^^^^^^^^^^^^[0m

[1m[93mwarning[0m[1m[97m: struct `ListMembersArgs` is never constructed[0m
  [1m[96m--> [0msrc\commands\community.rs:39:12
   [1m[96m|[0m
[1m[96m39[0m [1m[96m|[0m pub struct ListMembersArgs {
   [1m[96m|[0m            [1m[93m^^^^^^^^^^^^^^^[0m

[1m[93mwarning[0m[1m[97m: function `list_members` is never used[0m
  [1m[96m--> [0msrc\commands\community.rs:51:14
   [1m[96m|[0m
[1m[96m51[0m [1m[96m|[0m pub async fn list_members(args: ListMembersArgs) -> napi::Result<()> {
   [1m[96m|[0m              [1m[93m^^^^^^^^^^^^[0m

[1m[93mwarning[0m[1m[97m: struct `UpdateServerArgs` is never constructed[0m
  [1m[96m--> [0msrc\commands\community.rs:64:12
   [1m[96m|[0m
[1m[96m64[0m [1m[96m|[0m pub struct UpdateServerArgs {
   [1m[96m|[0m            [1m[93m^^^^^^^^^^^^^^^^[0m

[1m[93mwarning[0m[1m[97m: function `update_server` is never used[0m
  [1m[96m--> [0msrc\commands\community.rs:77:14
   [1m[96m|[0m
[1m[96m77[0m [1m[96m|[0m pub async fn update_server(args: UpdateServerArgs) -> napi::Result<()> {
   [1m[96m|[0m              [1m[93m^^^^^^^^^^^^^[0m

[1m[93mwarning[0m[1m[97m: struct `ListAuditLogArgs` is never constructed[0m
  [1m[96m--> [0msrc\commands\community.rs:91:12
   [1m[96m|[0m
[1m[96m91[0m [1m[96m|[0m pub struct ListAuditLogArgs {
   [1m[96m|[0m            [1m[93m^^^^^^^^^^^^^^^^[0m

[1m[93mwarning[0m[1m[97m: function `list_audit_log` is never used[0m
  [1m[96m--> [0msrc\commands\community.rs:99:14
   [1m[96m|[0m
[1m[96m99[0m [1m[96m|[0m pub async fn list_audit_log(args: ListAuditLogArgs) -> napi::Result<()> {
   [1m[96m|[0m              [1m[93m^^^^^^^^^^^^^^[0m

[1m[93mwarning[0m[1m[97m: struct `StorageInfoArgs` is never constructed[0m
   [1m[96m--> [0msrc\commands\community.rs:112:12
    [1m[96m|[0m
[1m[96m112[0m [1m[96m|[0m pub struct StorageInfoArgs {
    [1m[96m|[0m            [1m[93m^^^^^^^^^^^^^^^[0m

[1m[93mwarning[0m[1m[97m: function `get_storage_info` is never used[0m
   [1m[96m--> [0msrc\commands\community.rs:119:14
    [1m[96m|[0m
[1m[96m119[0m [1m[96m|[0m pub async fn get_storage_info(args: StorageInfoArgs) -> napi::Result<()> {
    [1m[96m|[0m              [1m[93m^^^^^^^^^^^^^^^^[0m

[1m[93mwarning[0m[1m[97m: struct `SetStorageMinFreeArgs` is never constructed[0m
   [1m[96m--> [0msrc\commands\community.rs:129:12
    [1m[96m|[0m
[1m[96m129[0m [1m[96m|[0m pub struct SetStorageMinFreeArgs {
    [1m[96m|[0m            [1m[93m^^^^^^^^^^^^^^^^^^^^^[0m

[1m[93mwarning[0m[1m[97m: function `set_storage_min_free` is never used[0m
   [1m[96m--> [0msrc\commands\community.rs:139:14
    [1m[96m|[0m
[1m[96m139[0m [1m[96m|[0m pub async fn set_storage_min_free(args: SetStorageMinFreeArgs) -> napi::Result<()> {
    [1m[96m|[0m              [1m[93m^^^^^^^^^^^^^^^^^^^^[0m

[1m[93mwarning[0m[1m[97m: struct `TimeoutMemberArgs` is never constructed[0m
   [1m[96m--> [0msrc\commands\community.rs:151:12
    [1m[96m|[0m
[1m[96m151[0m [1m[96m|[0m pub struct TimeoutMemberArgs {
    [1m[96m|[0m            [1m[93m^^^^^^^^^^^^^^^^^[0m

[1m[93mwarning[0m[1m[97m: function `timeout_member` is never used[0m
   [1m[96m--> [0msrc\commands\community.rs:162:14
    [1m[96m|[0m
[1m[96m162[0m [1m[96m|[0m pub async fn timeout_member(args: TimeoutMemberArgs) -> napi::Result<()> {
    [1m[96m|[0m              [1m[93m^^^^^^^^^^^^^^[0m

[1m[93mwarning[0m[1m[97m: struct `VoiceModArgs` is never constructed[0m
   [1m[96m--> [0msrc\commands\community.rs:176:12
    [1m[96m|[0m
[1m[96m176[0m [1m[96m|[0m pub struct VoiceModArgs {
    [1m[96m|[0m            [1m[93m^^^^^^^^^^^^[0m

[1m[93mwarning[0m[1m[97m: function `voice_mod` is never used[0m
   [1m[96m--> [0msrc\commands\community.rs:186:14
    [1m[96m|[0m
[1m[96m186[0m [1m[96m|[0m pub async fn voice_mod(args: VoiceModArgs) -> napi::Result<()> {
    [1m[96m|[0m              [1m[93m^^^^^^^^^[0m

[1m[93mwarning[0m[1m[97m: struct `TransferOwnershipArgs` is never constructed[0m
   [1m[96m--> [0msrc\commands\community.rs:214:12
    [1m[96m|[0m
[1m[96m214[0m [1m[96m|[0m pub struct TransferOwnershipArgs {
    [1m[96m|[0m            [1m[93m^^^^^^^^^^^^^^^^^^^^^[0m

[1m[93mwarning[0m[1m[97m: function `transfer_ownership` is never used[0m
   [1m[96m--> [0msrc\commands\community.rs:222:14
    [1m[96m|[0m
[1m[96m222[0m [1m[96m|[0m pub async fn transfer_ownership(args: TransferOwnershipArgs) -> napi::Result<()> {
    [1m[96m|[0m              [1m[93m^^^^^^^^^^^^^^^^^^[0m

[1m[93mwarning[0m[1m[97m: struct `ListBansArgs` is never constructed[0m
   [1m[96m--> [0msrc\commands\community.rs:234:12
    [1m[96m|[0m
[1m[96m234[0m [1m[96m|[0m pub struct ListBansArgs {
    [1m[96m|[0m            [1m[93m^^^^^^^^^^^^[0m

[1m[93mwarning[0m[1m[97m: function `list_bans` is never used[0m
   [1m[96m--> [0msrc\commands\community.rs:240:14
    [1m[96m|[0m
[1m[96m240[0m [1m[96m|[0m pub async fn list_bans(args: ListBansArgs) -> napi::Result<()> {
    [1m[96m|[0m              [1m[93m^^^^^^^^^[0m

[1m[93mwarning[0m[1m[97m: struct `KickMemberArgs` is never constructed[0m
   [1m[96m--> [0msrc\commands\community.rs:250:12
    [1m[96m|[0m
[1m[96m250[0m [1m[96m|[0m pub struct KickMemberArgs {
    [1m[96m|[0m            [1m[93m^^^^^^^^^^^^^^[0m

[1m[93mwarning[0m[1m[97m: function `kick_member` is never used[0m
   [1m[96m--> [0msrc\commands\community.rs:260:14
    [1m[96m|[0m
[1m[96m260[0m [1m[96m|[0m pub async fn kick_member(args: KickMemberArgs) -> napi::Result<()> {
    [1m[96m|[0m              [1m[93m^^^^^^^^^^^[0m

[1m[93mwarning[0m[1m[97m: struct `BanMemberArgs` is never constructed[0m
   [1m[96m--> [0msrc\commands\community.rs:278:12
    [1m[96m|[0m
[1m[96m278[0m [1m[96m|[0m pub struct BanMemberArgs {
    [1m[96m|[0m            [1m[93m^^^^^^^^^^^^^[0m

[1m[93mwarning[0m[1m[97m: function `ban_member` is never used[0m
   [1m[96m--> [0msrc\commands\community.rs:290:14
    [1m[96m|[0m
[1m[96m290[0m [1m[96m|[0m pub async fn ban_member(args: BanMemberArgs) -> napi::Result<()> {
    [1m[96m|[0m              [1m[93m^^^^^^^^^^[0m

[1m[93mwarning[0m[1m[97m: struct `LeaveServerArgs` is never constructed[0m
   [1m[96m--> [0msrc\commands\community.rs:312:12
    [1m[96m|[0m
[1m[96m312[0m [1m[96m|[0m pub struct LeaveServerArgs {
    [1m[96m|[0m            [1m[93m^^^^^^^^^^^^^^^[0m

[1m[93mwarning[0m[1m[97m: function `leave_server` is never used[0m
   [1m[96m--> [0msrc\commands\community.rs:317:14
    [1m[96m|[0m
[1m[96m317[0m [1m[96m|[0m pub async fn leave_server(args: LeaveServerArgs) -> napi::Result<()> {
    [1m[96m|[0m              [1m[93m^^^^^^^^^^^^[0m

[1m[93mwarning[0m[1m[97m: struct `CreateInviteArgs` is never constructed[0m
   [1m[96m--> [0msrc\commands\community.rs:327:12
    [1m[96m|[0m
[1m[96m327[0m [1m[96m|[0m pub struct CreateInviteArgs {
    [1m[96m|[0m            [1m[93m^^^^^^^^^^^^^^^^[0m

[1m[93mwarning[0m[1m[97m: function `create_invite` is never used[0m
   [1m[96m--> [0msrc\commands\community.rs:336:14
    [1m[96m|[0m
[1m[96m336[0m [1m[96m|[0m pub async fn create_invite(args: CreateInviteArgs) -> napi::Result<()> {
    [1m[96m|[0m              [1m[93m^^^^^^^^^^^^^[0m

[1m[93mwarning[0m[1m[97m: struct `ListInvitesArgs` is never constructed[0m
   [1m[96m--> [0msrc\commands\community.rs:349:12
    [1m[96m|[0m
[1m[96m349[0m [1m[96m|[0m pub struct ListInvitesArgs {
    [1m[96m|[0m            [1m[93m^^^^^^^^^^^^^^^[0m

[1m[93mwarning[0m[1m[97m: function `list_invites` is never used[0m
   [1m[96m--> [0msrc\commands\community.rs:354:14
    [1m[96m|[0m
[1m[96m354[0m [1m[96m|[0m pub async fn list_invites(args: ListInvitesArgs) -> napi::Result<()> {
    [1m[96m|[0m              [1m[93m^^^^^^^^^^^^[0m

[1m[93mwarning[0m[1m[97m: struct `RevokeInviteArgs` is never constructed[0m
   [1m[96m--> [0msrc\commands\community.rs:364:12
    [1m[96m|[0m
[1m[96m364[0m [1m[96m|[0m pub struct RevokeInviteArgs {
    [1m[96m|[0m            [1m[93m^^^^^^^^^^^^^^^^[0m

[1m[93mwarning[0m[1m[97m: function `revoke_invite` is never used[0m
   [1m[96m--> [0msrc\commands\community.rs:370:14
    [1m[96m|[0m
[1m[96m370[0m [1m[96m|[0m pub async fn revoke_invite(args: RevokeInviteArgs) -> napi::Result<()> {
    [1m[96m|[0m              [1m[93m^^^^^^^^^^^^^[0m

[1m[93mwarning[0m[1m[97m: struct `ListRolesArgs` is never constructed[0m
   [1m[96m--> [0msrc\commands\community.rs:387:12
    [1m[96m|[0m
[1m[96m387[0m [1m[96m|[0m pub struct ListRolesArgs {
    [1m[96m|[0m            [1m[93m^^^^^^^^^^^^^[0m

[1m[93mwarning[0m[1m[97m: function `list_roles` is never used[0m
   [1m[96m--> [0msrc\commands\community.rs:392:14
    [1m[96m|[0m
[1m[96m392[0m [1m[96m|[0m pub async fn list_roles(args: ListRolesArgs) -> napi::Result<()> {
    [1m[96m|[0m              [1m[93m^^^^^^^^^^[0m

[1m[93mwarning[0m[1m[97m: struct `CreateRoleArgs` is never constructed[0m
   [1m[96m--> [0msrc\commands\community.rs:402:12
    [1m[96m|[0m
[1m[96m402[0m [1m[96m|[0m pub struct CreateRoleArgs {
    [1m[96m|[0m            [1m[93m^^^^^^^^^^^^^^[0m

[1m[93mwarning[0m[1m[97m: function `create_role` is never used[0m
   [1m[96m--> [0msrc\commands\community.rs:411:14
    [1m[96m|[0m
[1m[96m411[0m [1m[96m|[0m pub async fn create_role(args: CreateRoleArgs) -> napi::Result<()> {
    [1m[96m|[0m              [1m[93m^^^^^^^^^^^[0m

[1m[93mwarning[0m[1m[97m: struct `UpdateRoleArgs` is never constructed[0m
   [1m[96m--> [0msrc\commands\community.rs:425:12
    [1m[96m|[0m
[1m[96m425[0m [1m[96m|[0m pub struct UpdateRoleArgs {
    [1m[96m|[0m            [1m[93m^^^^^^^^^^^^^^[0m

[1m[93mwarning[0m[1m[97m: function `update_role` is never used[0m
   [1m[96m--> [0msrc\commands\community.rs:435:14
    [1m[96m|[0m
[1m[96m435[0m [1m[96m|[0m pub async fn update_role(args: UpdateRoleArgs) -> napi::Result<()> {
    [1m[96m|[0m              [1m[93m^^^^^^^^^^^[0m

[1m[93mwarning[0m[1m[97m: struct `DeleteRoleArgs` is never constructed[0m
   [1m[96m--> [0msrc\commands\community.rs:451:12
    [1m[96m|[0m
[1m[96m451[0m [1m[96m|[0m pub struct DeleteRoleArgs {
    [1m[96m|[0m            [1m[93m^^^^^^^^^^^^^^[0m

[1m[93mwarning[0m[1m[97m: function `delete_role` is never used[0m
   [1m[96m--> [0msrc\commands\community.rs:457:14
    [1m[96m|[0m
[1m[96m457[0m [1m[96m|[0m pub async fn delete_role(args: DeleteRoleArgs) -> napi::Result<()> {
    [1m[96m|[0m              [1m[93m^^^^^^^^^^^[0m

[1m[93mwarning[0m[1m[97m: struct `SetMemberRolesArgs` is never constructed[0m
   [1m[96m--> [0msrc\commands\community.rs:469:12
    [1m[96m|[0m
[1m[96m469[0m [1m[96m|[0m pub struct SetMemberRolesArgs {
    [1m[96m|[0m            [1m[93m^^^^^^^^^^^^^^^^^^[0m

[1m[93mwarning[0m[1m[97m: function `set_member_roles` is never used[0m
   [1m[96m--> [0msrc\commands\community.rs:477:14
    [1m[96m|[0m
[1m[96m477[0m [1m[96m|[0m pub async fn set_member_roles(args: SetMemberRolesArgs) -> napi::Result<()> {
    [1m[96m|[0m              [1m[93m^^^^^^^^^^^^^^^^[0m

[1m[93mwarning[0m[1m[97m: struct `UnbanMemberArgs` is never constructed[0m
   [1m[96m--> [0msrc\commands\community.rs:490:12
    [1m[96m|[0m
[1m[96m490[0m [1m[96m|[0m pub struct UnbanMemberArgs {
    [1m[96m|[0m            [1m[93m^^^^^^^^^^^^^^^[0m

[1m[93mwarning[0m[1m[97m: function `unban_member` is never used[0m
   [1m[96m--> [0msrc\commands\community.rs:496:14
    [1m[96m|[0m
[1m[96m496[0m [1m[96m|[0m pub async fn unban_member(args: UnbanMemberArgs) -> napi::Result<()> {
    [1m[96m|[0m              [1m[93m^^^^^^^^^^^^[0m

[1m[93mwarning[0m[1m[97m: struct `SetNicknameArgs` is never constructed[0m
   [1m[96m--> [0msrc\commands\community.rs:508:12
    [1m[96m|[0m
[1m[96m508[0m [1m[96m|[0m pub struct SetNicknameArgs {
    [1m[96m|[0m            [1m[93m^^^^^^^^^^^^^^^[0m

[1m[93mwarning[0m[1m[97m: function `set_nickname` is never used[0m
   [1m[96m--> [0msrc\commands\community.rs:518:14
    [1m[96m|[0m
[1m[96m518[0m [1m[96m|[0m pub async fn set_nickname(args: SetNicknameArgs) -> napi::Result<()> {
    [1m[96m|[0m              [1m[93m^^^^^^^^^^^^[0m

[1m[93mwarning[0m[1m[97m: function `request_dm_conversations` is never used[0m
  [1m[96m--> [0msrc\commands\dm.rs:22:14
   [1m[96m|[0m
[1m[96m22[0m [1m[96m|[0m pub async fn request_dm_conversations() -> napi::Result<()> {
   [1m[96m|[0m              [1m[93m^^^^^^^^^^^^^^^^^^^^^^^^[0m

[1m[93mwarning[0m[1m[97m: struct `RequestDmHistoryArgs` is never constructed[0m
  [1m[96m--> [0msrc\commands\dm.rs:51:12
   [1m[96m|[0m
[1m[96m51[0m [1m[96m|[0m pub struct RequestDmHistoryArgs {
   [1m[96m|[0m            [1m[93m^^^^^^^^^^^^^^^^^^^^[0m

[1m[93mwarning[0m[1m[97m: function `request_dm_history` is never used[0m
  [1m[96m--> [0msrc\commands\dm.rs:62:14
   [1m[96m|[0m
[1m[96m62[0m [1m[96m|[0m pub async fn request_dm_history(args: RequestDmHistoryArgs) -> napi::Result<()> {
   [1m[96m|[0m              [1m[93m^^^^^^^^^^^^^^^^^^[0m

[1m[93mwarning[0m[1m[97m: struct `MarkDmReadArgs` is never constructed[0m
  [1m[96m--> [0msrc\commands\dm.rs:97:12
   [1m[96m|[0m
[1m[96m97[0m [1m[96m|[0m pub struct MarkDmReadArgs {
   [1m[96m|[0m            [1m[93m^^^^^^^^^^^^^^[0m

[1m[93mwarning[0m[1m[97m: function `mark_dm_read` is never used[0m
   [1m[96m--> [0msrc\commands\dm.rs:103:14
    [1m[96m|[0m
[1m[96m103[0m [1m[96m|[0m pub async fn mark_dm_read(args: MarkDmReadArgs) -> napi::Result<()> {
    [1m[96m|[0m              [1m[93m^^^^^^^^^^^^[0m

[1m[93mwarning[0m[1m[97m: struct `DeleteDmMessageArgs` is never constructed[0m
   [1m[96m--> [0msrc\commands\dm.rs:130:12
    [1m[96m|[0m
[1m[96m130[0m [1m[96m|[0m pub struct DeleteDmMessageArgs {
    [1m[96m|[0m            [1m[93m^^^^^^^^^^^^^^^^^^^[0m

[1m[93mwarning[0m[1m[97m: function `delete_dm_message` is never used[0m
   [1m[96m--> [0msrc\commands\dm.rs:140:14
    [1m[96m|[0m
[1m[96m140[0m [1m[96m|[0m pub async fn delete_dm_message(args: DeleteDmMessageArgs) -> napi::Result<()> {
    [1m[96m|[0m              [1m[93m^^^^^^^^^^^^^^^^^[0m

[1m[93mwarning[0m[1m[97m: struct `EditDmMessageArgs` is never constructed[0m
   [1m[96m--> [0msrc\commands\dm.rs:170:12
    [1m[96m|[0m
[1m[96m170[0m [1m[96m|[0m pub struct EditDmMessageArgs {
    [1m[96m|[0m            [1m[93m^^^^^^^^^^^^^^^^^[0m

[1m[93mwarning[0m[1m[97m: function `edit_dm_message` is never used[0m
   [1m[96m--> [0msrc\commands\dm.rs:180:14
    [1m[96m|[0m
[1m[96m180[0m [1m[96m|[0m pub async fn edit_dm_message(args: EditDmMessageArgs) -> napi::Result<()> {
    [1m[96m|[0m              [1m[93m^^^^^^^^^^^^^^^[0m

[1m[93mwarning[0m[1m[97m: struct `E2eeStatus` is never constructed[0m
  [1m[96m--> [0msrc\commands\e2ee.rs:25:12
   [1m[96m|[0m
[1m[96m25[0m [1m[96m|[0m pub struct E2eeStatus {
   [1m[96m|[0m            [1m[93m^^^^^^^^^^[0m

[1m[93mwarning[0m[1m[97m: function `e2ee_get_status` is never used[0m
  [1m[96m--> [0msrc\commands\e2ee.rs:34:14
   [1m[96m|[0m
[1m[96m34[0m [1m[96m|[0m pub async fn e2ee_get_status() -> napi::Result<E2eeStatus> {
   [1m[96m|[0m              [1m[93m^^^^^^^^^^^^^^^[0m

[1m[93mwarning[0m[1m[97m: struct `PassphraseArgs` is never constructed[0m
  [1m[96m--> [0msrc\commands\e2ee.rs:48:12
   [1m[96m|[0m
[1m[96m48[0m [1m[96m|[0m pub struct PassphraseArgs {
   [1m[96m|[0m            [1m[93m^^^^^^^^^^^^^^[0m

[1m[93mwarning[0m[1m[97m: function `e2ee_setup` is never used[0m
  [1m[96m--> [0msrc\commands\e2ee.rs:53:14
   [1m[96m|[0m
[1m[96m53[0m [1m[96m|[0m pub async fn e2ee_setup(args: PassphraseArgs) -> napi::Result<()> {
   [1m[96m|[0m              [1m[93m^^^^^^^^^^[0m

[1m[93mwarning[0m[1m[97m: function `e2ee_unlock` is never used[0m
  [1m[96m--> [0msrc\commands\e2ee.rs:61:14
   [1m[96m|[0m
[1m[96m61[0m [1m[96m|[0m pub async fn e2ee_unlock(args: PassphraseArgs) -> napi::Result<()> {
   [1m[96m|[0m              [1m[93m^^^^^^^^^^^[0m

[1m[93mwarning[0m[1m[97m: function `e2ee_change_passphrase` is never used[0m
  [1m[96m--> [0msrc\commands\e2ee.rs:69:14
   [1m[96m|[0m
[1m[96m69[0m [1m[96m|[0m pub async fn e2ee_change_passphrase(args: PassphraseArgs) -> napi::Result<()> {
   [1m[96m|[0m              [1m[93m^^^^^^^^^^^^^^^^^^^^^^[0m

[1m[93mwarning[0m[1m[97m: function `e2ee_reset` is never used[0m
  [1m[96m--> [0msrc\commands\e2ee.rs:77:14
   [1m[96m|[0m
[1m[96m77[0m [1m[96m|[0m pub async fn e2ee_reset(args: PassphraseArgs) -> napi::Result<()> {
   [1m[96m|[0m              [1m[93m^^^^^^^^^^[0m

[1m[93mwarning[0m[1m[97m: struct `PeerInfoArgs` is never constructed[0m
  [1m[96m--> [0msrc\commands\e2ee.rs:85:12
   [1m[96m|[0m
[1m[96m85[0m [1m[96m|[0m pub struct PeerInfoArgs {
   [1m[96m|[0m            [1m[93m^^^^^^^^^^^^[0m

[1m[93mwarning[0m[1m[97m: struct `E2eePeerInfo` is never constructed[0m
  [1m[96m--> [0msrc\commands\e2ee.rs:90:12
   [1m[96m|[0m
[1m[96m90[0m [1m[96m|[0m pub struct E2eePeerInfo {
   [1m[96m|[0m            [1m[93m^^^^^^^^^^^^[0m

[1m[93mwarning[0m[1m[97m: function `e2ee_peer_info` is never used[0m
   [1m[96m--> [0msrc\commands\e2ee.rs:105:14
    [1m[96m|[0m
[1m[96m105[0m [1m[96m|[0m pub async fn e2ee_peer_info(args: PeerInfoArgs) -> napi::Result<E2eePeerInfo> {
    [1m[96m|[0m              [1m[93m^^^^^^^^^^^^^^[0m

[1m[93mwarning[0m[1m[97m: function `request_friend_list` is never used[0m
  [1m[96m--> [0msrc\commands\friends.rs:11:14
   [1m[96m|[0m
[1m[96m11[0m [1m[96m|[0m pub async fn request_friend_list() -> napi::Result<()> {
   [1m[96m|[0m              [1m[93m^^^^^^^^^^^^^^^^^^^[0m

[1m[93mwarning[0m[1m[97m: struct `SendFriendActionArgs` is never constructed[0m
  [1m[96m--> [0msrc\commands\friends.rs:40:12
   [1m[96m|[0m
[1m[96m40[0m [1m[96m|[0m pub struct SendFriendActionArgs {
   [1m[96m|[0m            [1m[93m^^^^^^^^^^^^^^^^^^^^[0m

[1m[93mwarning[0m[1m[97m: function `send_friend_action` is never used[0m
  [1m[96m--> [0msrc\commands\friends.rs:48:14
   [1m[96m|[0m
[1m[96m48[0m [1m[96m|[0m pub async fn send_friend_action(args: SendFriendActionArgs) -> napi::Result<()> {
   [1m[96m|[0m              [1m[93m^^^^^^^^^^^^^^^^^^[0m

[1m[93mwarning[0m[1m[97m: struct `SendPrivateMessageArgs` is never constructed[0m
  [1m[96m--> [0msrc\commands\messaging.rs:16:12
   [1m[96m|[0m
[1m[96m16[0m [1m[96m|[0m pub struct SendPrivateMessageArgs {
   [1m[96m|[0m            [1m[93m^^^^^^^^^^^^^^^^^^^^^^[0m

[1m[93mwarning[0m[1m[97m: function `send_private_message` is never used[0m
  [1m[96m--> [0msrc\commands\messaging.rs:27:14
   [1m[96m|[0m
[1m[96m27[0m [1m[96m|[0m pub async fn send_private_message(args: SendPrivateMessageArgs) -> napi::Result<()> {
   [1m[96m|[0m              [1m[93m^^^^^^^^^^^^^^^^^^^^[0m

[1m[93mwarning[0m[1m[97m: function `request_server_list` is never used[0m
  [1m[96m--> [0msrc\commands\servers.rs:20:14
   [1m[96m|[0m
[1m[96m20[0m [1m[96m|[0m pub async fn request_server_list() -> napi::Result<()> {
   [1m[96m|[0m              [1m[93m^^^^^^^^^^^^^^^^^^^[0m

[1m[93mwarning[0m[1m[97m: struct `ConnectToCommunityArgs` is never constructed[0m
  [1m[96m--> [0msrc\commands\servers.rs:49:12
   [1m[96m|[0m
[1m[96m49[0m [1m[96m|[0m pub struct ConnectToCommunityArgs {
   [1m[96m|[0m            [1m[93m^^^^^^^^^^^^^^^^^^^^^^[0m

[1m[93mwarning[0m[1m[97m: function `connect_to_community` is never used[0m
  [1m[96m--> [0msrc\commands\servers.rs:56:14
   [1m[96m|[0m
[1m[96m56[0m [1m[96m|[0m pub async fn connect_to_community(args: ConnectToCommunityArgs) -> napi::Result<()> {
   [1m[96m|[0m              [1m[93m^^^^^^^^^^^^^^^^^^^^[0m

[1m[93mwarning[0m[1m[97m: struct `RedeemInviteArgs` is never constructed[0m
  [1m[96m--> [0msrc\commands\servers.rs:62:12
   [1m[96m|[0m
[1m[96m62[0m [1m[96m|[0m pub struct RedeemInviteArgs {
   [1m[96m|[0m            [1m[93m^^^^^^^^^^^^^^^^[0m

[1m[93mwarning[0m[1m[97m: function `redeem_invite` is never used[0m
  [1m[96m--> [0msrc\commands\servers.rs:72:14
   [1m[96m|[0m
[1m[96m72[0m [1m[96m|[0m pub async fn redeem_invite(args: RedeemInviteArgs) -> napi::Result<()> {
   [1m[96m|[0m              [1m[93m^^^^^^^^^^^^^[0m

[1m[93mwarning[0m[1m[97m: struct `DisconnectFromCommunityArgs` is never constructed[0m
  [1m[96m--> [0msrc\commands\servers.rs:82:12
   [1m[96m|[0m
[1m[96m82[0m [1m[96m|[0m pub struct DisconnectFromCommunityArgs {
   [1m[96m|[0m            [1m[93m^^^^^^^^^^^^^^^^^^^^^^^^^^^[0m

[1m[93mwarning[0m[1m[97m: function `disconnect_from_community` is never used[0m
  [1m[96m--> [0msrc\commands\servers.rs:87:14
   [1m[96m|[0m
[1m[96m87[0m [1m[96m|[0m pub async fn disconnect_from_community(
   [1m[96m|[0m              [1m[93m^^^^^^^^^^^^^^^^^^^^^^^^^[0m

[1m[93mwarning[0m[1m[97m: struct `ParseInviteLinkArgs` is never constructed[0m
   [1m[96m--> [0msrc\commands\servers.rs:111:12
    [1m[96m|[0m
[1m[96m111[0m [1m[96m|[0m pub struct ParseInviteLinkArgs {
    [1m[96m|[0m            [1m[93m^^^^^^^^^^^^^^^^^^^[0m

[1m[93mwarning[0m[1m[97m: struct `ParsedInviteLink` is never constructed[0m
   [1m[96m--> [0msrc\commands\servers.rs:116:12
    [1m[96m|[0m
[1m[96m116[0m [1m[96m|[0m pub struct ParsedInviteLink {
    [1m[96m|[0m            [1m[93m^^^^^^^^^^^^^^^^[0m

[1m[93mwarning[0m[1m[97m: function `parse_invite_link` is never used[0m
   [1m[96m--> [0msrc\commands\servers.rs:131:8
    [1m[96m|[0m
[1m[96m131[0m [1m[96m|[0m pub fn parse_invite_link(args: ParseInviteLinkArgs) -> napi::Result<ParsedInviteLink> {
    [1m[96m|[0m        [1m[93m^^^^^^^^^^^^^^^^^[0m

[1m[93mwarning[0m[1m[97m: struct `ResolveInviteCodeArgs` is never constructed[0m
   [1m[96m--> [0msrc\commands\servers.rs:185:12
    [1m[96m|[0m
[1m[96m185[0m [1m[96m|[0m pub struct ResolveInviteCodeArgs {
    [1m[96m|[0m            [1m[93m^^^^^^^^^^^^^^^^^^^^^[0m

[1m[93mwarning[0m[1m[97m: struct `ResolvedInvite` is never constructed[0m
   [1m[96m--> [0msrc\commands\servers.rs:190:12
    [1m[96m|[0m
[1m[96m190[0m [1m[96m|[0m pub struct ResolvedInvite {
    [1m[96m|[0m            [1m[93m^^^^^^^^^^^^^^[0m

[1m[93mwarning[0m[1m[97m: function `resolve_invite_code` is never used[0m
   [1m[96m--> [0msrc\commands\servers.rs:209:14
    [1m[96m|[0m
[1m[96m209[0m [1m[96m|[0m pub async fn resolve_invite_code(args: ResolveInviteCodeArgs) -> napi::Result<ResolvedInvite> {
    [1m[96m|[0m              [1m[93m^^^^^^^^^^^^^^^^^^^[0m

[1m[93mwarning[0m[1m[97m: struct `GetAttachmentTargetArgs` is never constructed[0m
   [1m[96m--> [0msrc\commands\servers.rs:281:12
    [1m[96m|[0m
[1m[96m281[0m [1m[96m|[0m pub struct GetAttachmentTargetArgs {
    [1m[96m|[0m            [1m[93m^^^^^^^^^^^^^^^^^^^^^^^[0m

[1m[93mwarning[0m[1m[97m: struct `AttachmentTarget` is never constructed[0m
   [1m[96m--> [0msrc\commands\servers.rs:286:12
    [1m[96m|[0m
[1m[96m286[0m [1m[96m|[0m pub struct AttachmentTarget {
    [1m[96m|[0m            [1m[93m^^^^^^^^^^^^^^^^[0m

[1m[93mwarning[0m[1m[97m: function `get_attachment_target` is never used[0m
   [1m[96m--> [0msrc\commands\servers.rs:305:14
    [1m[96m|[0m
[1m[96m305[0m [1m[96m|[0m pub async fn get_attachment_target(
    [1m[96m|[0m              [1m[93m^^^^^^^^^^^^^^^^^^^^^[0m

[1m[93mwarning[0m[1m[97m: struct `TrustCertificateArgs` is never constructed[0m
   [1m[96m--> [0msrc\commands\servers.rs:326:12
    [1m[96m|[0m
[1m[96m326[0m [1m[96m|[0m pub struct TrustCertificateArgs {
    [1m[96m|[0m            [1m[93m^^^^^^^^^^^^^^^^^^^^[0m

[1m[93mwarning[0m[1m[97m: function `trust_certificate` is never used[0m
   [1m[96m--> [0msrc\commands\servers.rs:336:14
    [1m[96m|[0m
[1m[96m336[0m [1m[96m|[0m pub async fn trust_certificate(args: TrustCertificateArgs) -> napi::Result<()> {
    [1m[96m|[0m              [1m[93m^^^^^^^^^^^^^^^^^[0m

[1m[93mwarning[0m[1m[97m: function `percent_decode` is never used[0m
   [1m[96m--> [0msrc\commands\servers.rs:344:4
    [1m[96m|[0m
[1m[96m344[0m [1m[96m|[0m fn percent_decode(s: &str) -> String {
    [1m[96m|[0m    [1m[93m^^^^^^^^^^^^^^[0m

[1m[93mwarning[0m[1m[97m: function `connect_with_invite` is never used[0m
   [1m[96m--> [0msrc\commands\servers.rs:363:21
    [1m[96m|[0m
[1m[96m363[0m [1m[96m|[0m pub(crate) async fn connect_with_invite(
    [1m[96m|[0m                     [1m[93m^^^^^^^^^^^^^^^^^^^[0m

[1m[93mwarning[0m[1m[97m: struct `DropMembershipArgs` is never constructed[0m
   [1m[96m--> [0msrc\commands\servers.rs:406:12
    [1m[96m|[0m
[1m[96m406[0m [1m[96m|[0m pub struct DropMembershipArgs {
    [1m[96m|[0m            [1m[93m^^^^^^^^^^^^^^^^^^[0m

[1m[93mwarning[0m[1m[97m: function `request_drop_membership` is never used[0m
   [1m[96m--> [0msrc\commands\servers.rs:418:14
    [1m[96m|[0m
[1m[96m418[0m [1m[96m|[0m pub async fn request_drop_membership(args: DropMembershipArgs) -> napi::Result<()> {
    [1m[96m|[0m              [1m[93m^^^^^^^^^^^^^^^^^^^^^^^[0m

[1m[93mwarning[0m[1m[97m: struct `UpdateServerPictureArgs` is never constructed[0m
   [1m[96m--> [0msrc\commands\servers.rs:453:12
    [1m[96m|[0m
[1m[96m453[0m [1m[96m|[0m pub struct UpdateServerPictureArgs {
    [1m[96m|[0m            [1m[93m^^^^^^^^^^^^^^^^^^^^^^^[0m

[1m[93mwarning[0m[1m[97m: function `update_server_picture` is never used[0m
   [1m[96m--> [0msrc\commands\servers.rs:463:14
    [1m[96m|[0m
[1m[96m463[0m [1m[96m|[0m pub async fn update_server_picture(args: UpdateServerPictureArgs) -> napi::Result<()> {
    [1m[96m|[0m              [1m[93m^^^^^^^^^^^^^^^^^^^^^[0m

[1m[93mwarning[0m[1m[97m: struct `FetchServerPictureArgs` is never constructed[0m
   [1m[96m--> [0msrc\commands\servers.rs:494:12
    [1m[96m|[0m
[1m[96m494[0m [1m[96m|[0m pub struct FetchServerPictureArgs {
    [1m[96m|[0m            [1m[93m^^^^^^^^^^^^^^^^^^^^^^[0m

[1m[93mwarning[0m[1m[97m: function `fetch_server_picture` is never used[0m
   [1m[96m--> [0msrc\commands\servers.rs:502:14
    [1m[96m|[0m
[1m[96m502[0m [1m[96m|[0m pub async fn fetch_server_picture(args: FetchServerPictureArgs) -> napi::Result<()> {
    [1m[96m|[0m              [1m[93m^^^^^^^^^^^^^^^^^^^^[0m

[1m[93mwarning[0m[1m[97m: function `load_config` is never used[0m
  [1m[96m--> [0msrc\commands\settings.rs:11:14
   [1m[96m|[0m
[1m[96m11[0m [1m[96m|[0m pub async fn load_config() -> napi::Result<serde_json::Value> {
   [1m[96m|[0m              [1m[93m^^^^^^^^^^^[0m

[1m[93mwarning[0m[1m[97m: function `save_settings` is never used[0m
  [1m[96m--> [0msrc\commands\settings.rs:24:14
   [1m[96m|[0m
[1m[96m24[0m [1m[96m|[0m pub async fn save_settings(settings: serde_json::Value) -> napi::Result<()> {
   [1m[96m|[0m              [1m[93m^^^^^^^^^^^^^[0m

[1m[93mwarning[0m[1m[97m: struct `SetDmPrivacyArgs` is never constructed[0m
  [1m[96m--> [0msrc\commands\settings.rs:40:12
   [1m[96m|[0m
[1m[96m40[0m [1m[96m|[0m pub struct SetDmPrivacyArgs {
   [1m[96m|[0m            [1m[93m^^^^^^^^^^^^^^^^[0m

[1m[93mwarning[0m[1m[97m: function `set_dm_privacy` is never used[0m
  [1m[96m--> [0msrc\commands\settings.rs:49:14
   [1m[96m|[0m
[1m[96m49[0m [1m[96m|[0m pub async fn set_dm_privacy(args: SetDmPrivacyArgs) -> napi::Result<()> {
   [1m[96m|[0m              [1m[93m^^^^^^^^^^^^^^[0m

[1m[93mwarning[0m[1m[97m: struct `SetTransferLimitsArgs` is never constructed[0m
  [1m[96m--> [0msrc\commands\settings.rs:82:12
   [1m[96m|[0m
[1m[96m82[0m [1m[96m|[0m pub struct SetTransferLimitsArgs {
   [1m[96m|[0m            [1m[93m^^^^^^^^^^^^^^^^^^^^^[0m

[1m[93mwarning[0m[1m[97m: function `set_transfer_limits` is never used[0m
  [1m[96m--> [0msrc\commands\settings.rs:96:14
   [1m[96m|[0m
[1m[96m96[0m [1m[96m|[0m pub async fn set_transfer_limits(args: SetTransferLimitsArgs) -> napi::Result<()> {
   [1m[96m|[0m              [1m[93m^^^^^^^^^^^^^^^^^^^[0m

[1m[93mwarning[0m[1m[97m: struct `AudioDevice` is never constructed[0m
   [1m[96m--> [0msrc\commands\settings.rs:105:12
    [1m[96m|[0m
[1m[96m105[0m [1m[96m|[0m pub struct AudioDevice {
    [1m[96m|[0m            [1m[93m^^^^^^^^^^^[0m

[1m[93mwarning[0m[1m[97m: struct `AudioDeviceList` is never constructed[0m
   [1m[96m--> [0msrc\commands\settings.rs:111:12
    [1m[96m|[0m
[1m[96m111[0m [1m[96m|[0m pub struct AudioDeviceList {
    [1m[96m|[0m            [1m[93m^^^^^^^^^^^^^^^[0m

[1m[93mwarning[0m[1m[97m: function `list_audio_devices` is never used[0m
   [1m[96m--> [0msrc\commands\settings.rs:117:14
    [1m[96m|[0m
[1m[96m117[0m [1m[96m|[0m pub async fn list_audio_devices() -> napi::Result<AudioDeviceList> {
    [1m[96m|[0m              [1m[93m^^^^^^^^^^^^^^^^^^[0m

[1m[93mwarning[0m[1m[97m: struct `ListStreamAudioAppsArgs` is never constructed[0m
  [1m[96m--> [0msrc\commands\stream_audio.rs:15:12
   [1m[96m|[0m
[1m[96m15[0m [1m[96m|[0m pub struct ListStreamAudioAppsArgs {
   [1m[96m|[0m            [1m[93m^^^^^^^^^^^^^^^^^^^^^^^[0m

[1m[93mwarning[0m[1m[97m: struct `StreamAudioAppValue` is never constructed[0m
  [1m[96m--> [0msrc\commands\stream_audio.rs:23:12
   [1m[96m|[0m
[1m[96m23[0m [1m[96m|[0m pub struct StreamAudioAppValue {
   [1m[96m|[0m            [1m[93m^^^^^^^^^^^^^^^^^^^[0m

[1m[93mwarning[0m[1m[97m: struct `StreamAudioAppList` is never constructed[0m
  [1m[96m--> [0msrc\commands\stream_audio.rs:37:12
   [1m[96m|[0m
[1m[96m37[0m [1m[96m|[0m pub struct StreamAudioAppList {
   [1m[96m|[0m            [1m[93m^^^^^^^^^^^^^^^^^^[0m

[1m[93mwarning[0m[1m[97m: function `list_stream_audio_apps` is never used[0m
  [1m[96m--> [0msrc\commands\stream_audio.rs:45:14
   [1m[96m|[0m
[1m[96m45[0m [1m[96m|[0m pub async fn list_stream_audio_apps(args: ListStreamAudioAppsArgs) -> napi::Result<StreamAudioAppList> {
   [1m[96m|[0m              [1m[93m^^^^^^^^^^^^^^^^^^^^^^[0m

[1m[93mwarning[0m[1m[97m: struct `SetStreamAudioFilterArgs` is never constructed[0m
   [1m[96m--> [0msrc\commands\stream_audio.rs:103:12
    [1m[96m|[0m
[1m[96m103[0m [1m[96m|[0m pub struct SetStreamAudioFilterArgs {
    [1m[96m|[0m            [1m[93m^^^^^^^^^^^^^^^^^^^^^^^^[0m

[1m[93mwarning[0m[1m[97m: function `set_stream_audio_filter` is never used[0m
   [1m[96m--> [0msrc\commands\stream_audio.rs:114:14
    [1m[96m|[0m
[1m[96m114[0m [1m[96m|[0m pub async fn set_stream_audio_filter(args: SetStreamAudioFilterArgs) -> napi::Result<()> {
    [1m[96m|[0m              [1m[93m^^^^^^^^^^^^^^^^^^^^^^^[0m

[1m[93mwarning[0m[1m[97m: struct `StartScreenShareArgs` is never constructed[0m
  [1m[96m--> [0msrc\commands\streaming.rs:24:12
   [1m[96m|[0m
[1m[96m24[0m [1m[96m|[0m pub struct StartScreenShareArgs {
   [1m[96m|[0m            [1m[93m^^^^^^^^^^^^^^^^^^^^[0m

[1m[93mwarning[0m[1m[97m: function `start_screen_share` is never used[0m
  [1m[96m--> [0msrc\commands\streaming.rs:66:14
   [1m[96m|[0m
[1m[96m66[0m [1m[96m|[0m pub async fn start_screen_share(args: StartScreenShareArgs) -> napi::Result<()> {
   [1m[96m|[0m              [1m[93m^^^^^^^^^^^^^^^^^^[0m

[1m[93mwarning[0m[1m[97m: struct `StopScreenShareArgs` is never constructed[0m
   [1m[96m--> [0msrc\commands\streaming.rs:374:12
    [1m[96m|[0m
[1m[96m374[0m [1m[96m|[0m pub struct StopScreenShareArgs {
    [1m[96m|[0m            [1m[93m^^^^^^^^^^^^^^^^^^^[0m

[1m[93mwarning[0m[1m[97m: function `stop_screen_share` is never used[0m
   [1m[96m--> [0msrc\commands\streaming.rs:381:14
    [1m[96m|[0m
[1m[96m381[0m [1m[96m|[0m pub async fn stop_screen_share(args: StopScreenShareArgs) -> napi::Result<()> {
    [1m[96m|[0m              [1m[93m^^^^^^^^^^^^^^^^^[0m

[1m[93mwarning[0m[1m[97m: struct `MoveStreamToChannelArgs` is never constructed[0m
   [1m[96m--> [0msrc\commands\streaming.rs:440:12
    [1m[96m|[0m
[1m[96m440[0m [1m[96m|[0m pub struct MoveStreamToChannelArgs {
    [1m[96m|[0m            [1m[93m^^^^^^^^^^^^^^^^^^^^^^^[0m

[1m[93mwarning[0m[1m[97m: function `move_stream_to_channel` is never used[0m
   [1m[96m--> [0msrc\commands\streaming.rs:459:14
    [1m[96m|[0m
[1m[96m459[0m [1m[96m|[0m pub async fn move_stream_to_channel(args: MoveStreamToChannelArgs) -> napi::Result<()> {
    [1m[96m|[0m              [1m[93m^^^^^^^^^^^^^^^^^^^^^^[0m

[1m[93mwarning[0m[1m[97m: struct `SendVideoFrameArgs` is never constructed[0m
   [1m[96m--> [0msrc\commands\streaming.rs:531:12
    [1m[96m|[0m
[1m[96m531[0m [1m[96m|[0m pub struct SendVideoFrameArgs {
    [1m[96m|[0m            [1m[93m^^^^^^^^^^^^^^^^^^[0m

[1m[93mwarning[0m[1m[97m: function `send_video_frame` is never used[0m
   [1m[96m--> [0msrc\commands\streaming.rs:550:8
    [1m[96m|[0m
[1m[96m550[0m [1m[96m|[0m pub fn send_video_frame(args: SendVideoFrameArgs) -> napi::Result<()> {
    [1m[96m|[0m        [1m[93m^^^^^^^^^^^^^^^^[0m

[1m[93mwarning[0m[1m[97m: struct `WatchStreamArgs` is never constructed[0m
   [1m[96m--> [0msrc\commands\streaming.rs:610:12
    [1m[96m|[0m
[1m[96m610[0m [1m[96m|[0m pub struct WatchStreamArgs {
    [1m[96m|[0m            [1m[93m^^^^^^^^^^^^^^^[0m

[1m[93mwarning[0m[1m[97m: function `watch_stream` is never used[0m
   [1m[96m--> [0msrc\commands\streaming.rs:617:14
    [1m[96m|[0m
[1m[96m617[0m [1m[96m|[0m pub async fn watch_stream(args: WatchStreamArgs) -> napi::Result<()> {
    [1m[96m|[0m              [1m[93m^^^^^^^^^^^^[0m

[1m[93mwarning[0m[1m[97m: struct `StopWatchingArgs` is never constructed[0m
   [1m[96m--> [0msrc\commands\streaming.rs:652:12
    [1m[96m|[0m
[1m[96m652[0m [1m[96m|[0m pub struct StopWatchingArgs {
    [1m[96m|[0m            [1m[93m^^^^^^^^^^^^^^^^[0m

[1m[93mwarning[0m[1m[97m: function `stop_watching` is never used[0m
   [1m[96m--> [0msrc\commands\streaming.rs:659:14
    [1m[96m|[0m
[1m[96m659[0m [1m[96m|[0m pub async fn stop_watching(args: StopWatchingArgs) -> napi::Result<()> {
    [1m[96m|[0m              [1m[93m^^^^^^^^^^^^^[0m

[1m[93mwarning[0m[1m[97m: struct `FetchStreamThumbnailArgs` is never constructed[0m
   [1m[96m--> [0msrc\commands\streaming.rs:691:12
    [1m[96m|[0m
[1m[96m691[0m [1m[96m|[0m pub struct FetchStreamThumbnailArgs {
    [1m[96m|[0m            [1m[93m^^^^^^^^^^^^^^^^^^^^^^^^[0m

[1m[93mwarning[0m[1m[97m: struct `FetchStreamThumbnailResult` is never constructed[0m
   [1m[96m--> [0msrc\commands\streaming.rs:697:12
    [1m[96m|[0m
[1m[96m697[0m [1m[96m|[0m pub struct FetchStreamThumbnailResult {
    [1m[96m|[0m            [1m[93m^^^^^^^^^^^^^^^^^^^^^^^^^^[0m

[1m[93mwarning[0m[1m[97m: function `fetch_stream_thumbnail` is never used[0m
   [1m[96m--> [0msrc\commands\streaming.rs:712:14
    [1m[96m|[0m
[1m[96m712[0m [1m[96m|[0m pub async fn fetch_stream_thumbnail(
    [1m[96m|[0m              [1m[93m^^^^^^^^^^^^^^^^^^^^^^[0m

[1m[93mwarning[0m[1m[97m: struct `CodecCapValue` is never constructed[0m
   [1m[96m--> [0msrc\commands\streaming.rs:773:12
    [1m[96m|[0m
[1m[96m773[0m [1m[96m|[0m pub struct CodecCapValue {
    [1m[96m|[0m            [1m[93m^^^^^^^^^^^^^[0m

[1m[93mwarning[0m[1m[97m: struct `CapsResponse` is never constructed[0m
   [1m[96m--> [0msrc\commands\streaming.rs:782:12
    [1m[96m|[0m
[1m[96m782[0m [1m[96m|[0m pub struct CapsResponse {
    [1m[96m|[0m            [1m[93m^^^^^^^^^^^^[0m

[1m[93mwarning[0m[1m[97m: function `cap_to_value` is never used[0m
   [1m[96m--> [0msrc\commands\streaming.rs:787:4
    [1m[96m|[0m
[1m[96m787[0m [1m[96m|[0m fn cap_to_value(c: &CodecCap) -> CodecCapValue {
    [1m[96m|[0m    [1m[93m^^^^^^^^^^^^[0m

[1m[93mwarning[0m[1m[97m: function `value_to_cap` is never used[0m
   [1m[96m--> [0msrc\commands\streaming.rs:796:4
    [1m[96m|[0m
[1m[96m796[0m [1m[96m|[0m fn value_to_cap(v: &CodecCapValue) -> Option<CodecCap> {
    [1m[96m|[0m    [1m[93m^^^^^^^^^^^^[0m

[1m[93mwarning[0m[1m[97m: function `get_caps` is never used[0m
   [1m[96m--> [0msrc\commands\streaming.rs:813:14
    [1m[96m|[0m
[1m[96m813[0m [1m[96m|[0m pub async fn get_caps() -> napi::Result<CapsResponse> {
    [1m[96m|[0m              [1m[93m^^^^^^^^[0m

[1m[93mwarning[0m[1m[97m: struct `SetEncoderCapsArgs` is never constructed[0m
   [1m[96m--> [0msrc\commands\streaming.rs:823:12
    [1m[96m|[0m
[1m[96m823[0m [1m[96m|[0m pub struct SetEncoderCapsArgs {
    [1m[96m|[0m            [1m[93m^^^^^^^^^^^^^^^^^^[0m

[1m[93mwarning[0m[1m[97m: function `set_encoder_caps` is never used[0m
   [1m[96m--> [0msrc\commands\streaming.rs:828:14
    [1m[96m|[0m
[1m[96m828[0m [1m[96m|[0m pub async fn set_encoder_caps(args: SetEncoderCapsArgs) -> napi::Result<()> {
    [1m[96m|[0m              [1m[93m^^^^^^^^^^^^^^^^[0m

[1m[93mwarning[0m[1m[97m: struct `SetDecoderCapsArgs` is never constructed[0m
   [1m[96m--> [0msrc\commands\streaming.rs:836:12
    [1m[96m|[0m
[1m[96m836[0m [1m[96m|[0m pub struct SetDecoderCapsArgs {
    [1m[96m|[0m            [1m[93m^^^^^^^^^^^^^^^^^^[0m

[1m[93mwarning[0m[1m[97m: function `set_decoder_caps` is never used[0m
   [1m[96m--> [0msrc\commands\streaming.rs:841:14
    [1m[96m|[0m
[1m[96m841[0m [1m[96m|[0m pub async fn set_decoder_caps(args: SetDecoderCapsArgs) -> napi::Result<()> {
    [1m[96m|[0m              [1m[93m^^^^^^^^^^^^^^^^[0m

[1m[93mwarning[0m[1m[97m: struct `CodecSettingsValue` is never constructed[0m
   [1m[96m--> [0msrc\commands\streaming.rs:853:12
    [1m[96m|[0m
[1m[96m853[0m [1m[96m|[0m pub struct CodecSettingsValue {
    [1m[96m|[0m            [1m[93m^^^^^^^^^^^^^^^^^^[0m

[1m[93mwarning[0m[1m[97m: function `get_codec_settings` is never used[0m
   [1m[96m--> [0msrc\commands\streaming.rs:859:14
    [1m[96m|[0m
[1m[96m859[0m [1m[96m|[0m pub async fn get_codec_settings() -> napi::Result<CodecSettingsValue> {
    [1m[96m|[0m              [1m[93m^^^^^^^^^^^^^^^^^^[0m

[1m[93mwarning[0m[1m[97m: function `set_codec_settings` is never used[0m
   [1m[96m--> [0msrc\commands\streaming.rs:870:14
    [1m[96m|[0m
[1m[96m870[0m [1m[96m|[0m pub async fn set_codec_settings(args: CodecSettingsValue) -> napi::Result<()> {
    [1m[96m|[0m              [1m[93m^^^^^^^^^^^^^^^^^^[0m

[1m[93mwarning[0m[1m[97m: struct `SendStreamThumbnailArgs` is never constructed[0m
   [1m[96m--> [0msrc\commands\streaming.rs:881:12
    [1m[96m|[0m
[1m[96m881[0m [1m[96m|[0m pub struct SendStreamThumbnailArgs {
    [1m[96m|[0m            [1m[93m^^^^^^^^^^^^^^^^^^^^^^^[0m

[1m[93mwarning[0m[1m[97m: function `send_stream_thumbnail` is never used[0m
   [1m[96m--> [0msrc\commands\streaming.rs:892:14
    [1m[96m|[0m
[1m[96m892[0m [1m[96m|[0m pub async fn send_stream_thumbnail(args: SendStreamThumbnailArgs) -> napi::Result<()> {
    [1m[96m|[0m              [1m[93m^^^^^^^^^^^^^^^^^^^^^[0m

[1m[93mwarning[0m[1m[97m: struct `NativeEncoderCap` is never constructed[0m
   [1m[96m--> [0msrc\commands\streaming.rs:927:12
    [1m[96m|[0m
[1m[96m927[0m [1m[96m|[0m pub struct NativeEncoderCap {
    [1m[96m|[0m            [1m[93m^^^^^^^^^^^^^^^^[0m

[1m[93mwarning[0m[1m[97m: function `probe_native_encoders` is never used[0m
   [1m[96m--> [0msrc\commands\streaming.rs:942:8
    [1m[96m|[0m
[1m[96m942[0m [1m[96m|[0m pub fn probe_native_encoders() -> napi::Result<Vec<NativeEncoderCap>> {
    [1m[96m|[0m        [1m[93m^^^^^^^^^^^^^^^^^^^^^[0m

[1m[93mwarning[0m[1m[97m: function `force_keyframe` is never used[0m
   [1m[96m--> [0msrc\commands\streaming.rs:991:14
    [1m[96m|[0m
[1m[96m991[0m [1m[96m|[0m pub async fn force_keyframe() -> napi::Result<()> {
    [1m[96m|[0m              [1m[93m^^^^^^^^^^^^^^[0m

[1m[93mwarning[0m[1m[97m: struct `RequestStreamKeyframeArgs` is never constructed[0m
    [1m[96m--> [0msrc\commands\streaming.rs:1007:12
     [1m[96m|[0m
[1m[96m1007[0m [1m[96m|[0m pub struct RequestStreamKeyframeArgs {
     [1m[96m|[0m            [1m[93m^^^^^^^^^^^^^^^^^^^^^^^^^[0m

[1m[93mwarning[0m[1m[97m: static `KEYFRAME_REQ_LAST` is never used[0m
    [1m[96m--> [0msrc\commands\streaming.rs:1021:8
     [1m[96m|[0m
[1m[96m1021[0m [1m[96m|[0m static KEYFRAME_REQ_LAST: std::sync::OnceLock<
     [1m[96m|[0m        [1m[93m^^^^^^^^^^^^^^^^^[0m

[1m[93mwarning[0m[1m[97m: function `request_stream_keyframe` is never used[0m
    [1m[96m--> [0msrc\commands\streaming.rs:1026:14
     [1m[96m|[0m
[1m[96m1026[0m [1m[96m|[0m pub async fn request_stream_keyframe(args: RequestStreamKeyframeArgs) -> napi::Result<()> {
     [1m[96m|[0m              [1m[93m^^^^^^^^^^^^^^^^^^^^^^^[0m

[1m[93mwarning[0m[1m[97m: function `read_primary_gpu_vendor_id` is never used[0m
    [1m[96m--> [0msrc\commands\streaming.rs:1058:4
     [1m[96m|[0m
[1m[96m1058[0m [1m[96m|[0m fn read_primary_gpu_vendor_id() -> u32 {
     [1m[96m|[0m    [1m[93m^^^^^^^^^^^^^^^^^^^^^^^^^^[0m

[1m[93mwarning[0m[1m[97m: function `send_raw` is never used[0m
  [1m[96m--> [0msrc\commands\voice.rs:20:10
   [1m[96m|[0m
[1m[96m20[0m [1m[96m|[0m async fn send_raw(tx: &tokio::sync::mpsc::Sender<Vec<u8>>, data: Vec<u8>) -> Result<(), String> {
   [1m[96m|[0m          [1m[93m^^^^^^^^[0m

[1m[93mwarning[0m[1m[97m: function `stop_voice_engine_background` is never used[0m
  [1m[96m--> [0msrc\commands\voice.rs:32:15
   [1m[96m|[0m
[1m[96m32[0m [1m[96m|[0m pub(crate) fn stop_voice_engine_background(voice: Option<VoiceEngine>) {
   [1m[96m|[0m               [1m[93m^^^^^^^^^^^^^^^^^^^^^^^^^^^^[0m

[1m[93mwarning[0m[1m[97m: struct `JoinVoiceChannelArgs` is never constructed[0m
  [1m[96m--> [0msrc\commands\voice.rs:41:12
   [1m[96m|[0m
[1m[96m41[0m [1m[96m|[0m pub struct JoinVoiceChannelArgs {
   [1m[96m|[0m            [1m[93m^^^^^^^^^^^^^^^^^^^^[0m

[1m[93mwarning[0m[1m[97m: function `join_voice_channel` is never used[0m
  [1m[96m--> [0msrc\commands\voice.rs:50:14
   [1m[96m|[0m
[1m[96m50[0m [1m[96m|[0m pub async fn join_voice_channel(args: JoinVoiceChannelArgs) -> napi::Result<()> {
   [1m[96m|[0m              [1m[93m^^^^^^^^^^^^^^^^^^[0m

[1m[93mwarning[0m[1m[97m: function `leave_voice_channel` is never used[0m
   [1m[96m--> [0msrc\commands\voice.rs:276:14
    [1m[96m|[0m
[1m[96m276[0m [1m[96m|[0m pub async fn leave_voice_channel() -> napi::Result<()> {
    [1m[96m|[0m              [1m[93m^^^^^^^^^^^^^^^^^^^[0m

[1m[93mwarning[0m[1m[97m: struct `SetVoiceMuteArgs` is never constructed[0m
   [1m[96m--> [0msrc\commands\voice.rs:329:12
    [1m[96m|[0m
[1m[96m329[0m [1m[96m|[0m pub struct SetVoiceMuteArgs {
    [1m[96m|[0m            [1m[93m^^^^^^^^^^^^^^^^[0m

[1m[93mwarning[0m[1m[97m: function `set_voice_mute` is never used[0m
   [1m[96m--> [0msrc\commands\voice.rs:334:14
    [1m[96m|[0m
[1m[96m334[0m [1m[96m|[0m pub async fn set_voice_mute(args: SetVoiceMuteArgs) -> napi::Result<()> {
    [1m[96m|[0m              [1m[93m^^^^^^^^^^^^^^[0m

[1m[93mwarning[0m[1m[97m: struct `SetVoiceDeafenArgs` is never constructed[0m
   [1m[96m--> [0msrc\commands\voice.rs:375:12
    [1m[96m|[0m
[1m[96m375[0m [1m[96m|[0m pub struct SetVoiceDeafenArgs {
    [1m[96m|[0m            [1m[93m^^^^^^^^^^^^^^^^^^[0m

[1m[93mwarning[0m[1m[97m: function `set_voice_deafen` is never used[0m
   [1m[96m--> [0msrc\commands\voice.rs:380:14
    [1m[96m|[0m
[1m[96m380[0m [1m[96m|[0m pub async fn set_voice_deafen(args: SetVoiceDeafenArgs) -> napi::Result<()> {
    [1m[96m|[0m              [1m[93m^^^^^^^^^^^^^^^^[0m

[1m[93mwarning[0m[1m[97m: struct `SetVoiceThresholdArgs` is never constructed[0m
   [1m[96m--> [0msrc\commands\voice.rs:423:12
    [1m[96m|[0m
[1m[96m423[0m [1m[96m|[0m pub struct SetVoiceThresholdArgs {
    [1m[96m|[0m            [1m[93m^^^^^^^^^^^^^^^^^^^^^[0m

[1m[93mwarning[0m[1m[97m: function `set_voice_threshold` is never used[0m
   [1m[96m--> [0msrc\commands\voice.rs:428:14
    [1m[96m|[0m
[1m[96m428[0m [1m[96m|[0m pub async fn set_voice_threshold(args: SetVoiceThresholdArgs) -> napi::Result<()> {
    [1m[96m|[0m              [1m[93m^^^^^^^^^^^^^^^^^^^[0m

[1m[93mwarning[0m[1m[97m: struct `SetVoiceBitrateArgs` is never constructed[0m
   [1m[96m--> [0msrc\commands\voice.rs:440:12
    [1m[96m|[0m
[1m[96m440[0m [1m[96m|[0m pub struct SetVoiceBitrateArgs {
    [1m[96m|[0m            [1m[93m^^^^^^^^^^^^^^^^^^^[0m

[1m[93mwarning[0m[1m[97m: function `set_voice_bitrate` is never used[0m
   [1m[96m--> [0msrc\commands\voice.rs:449:14
    [1m[96m|[0m
[1m[96m449[0m [1m[96m|[0m pub async fn set_voice_bitrate(args: SetVoiceBitrateArgs) -> napi::Result<()> {
    [1m[96m|[0m              [1m[93m^^^^^^^^^^^^^^^^^[0m

[1m[93mwarning[0m[1m[97m: struct `SetStreamVolumeArgs` is never constructed[0m
   [1m[96m--> [0msrc\commands\voice.rs:466:12
    [1m[96m|[0m
[1m[96m466[0m [1m[96m|[0m pub struct SetStreamVolumeArgs {
    [1m[96m|[0m            [1m[93m^^^^^^^^^^^^^^^^^^^[0m

[1m[93mwarning[0m[1m[97m: function `set_stream_volume` is never used[0m
   [1m[96m--> [0msrc\commands\voice.rs:471:14
    [1m[96m|[0m
[1m[96m471[0m [1m[96m|[0m pub async fn set_stream_volume(args: SetStreamVolumeArgs) -> napi::Result<()> {
    [1m[96m|[0m              [1m[93m^^^^^^^^^^^^^^^^^[0m

[1m[93mwarning[0m[1m[97m: struct `SetStreamStereoArgs` is never constructed[0m
   [1m[96m--> [0msrc\commands\voice.rs:483:12
    [1m[96m|[0m
[1m[96m483[0m [1m[96m|[0m pub struct SetStreamStereoArgs {
    [1m[96m|[0m            [1m[93m^^^^^^^^^^^^^^^^^^^[0m

[1m[93mwarning[0m[1m[97m: function `set_stream_stereo` is never used[0m
   [1m[96m--> [0msrc\commands\voice.rs:488:14
    [1m[96m|[0m
[1m[96m488[0m [1m[96m|[0m pub async fn set_stream_stereo(args: SetStreamStereoArgs) -> napi::Result<()> {
    [1m[96m|[0m              [1m[93m^^^^^^^^^^^^^^^^^[0m

[1m[93mwarning[0m[1m[97m: struct `SetUserVolumeArgs` is never constructed[0m
   [1m[96m--> [0msrc\commands\voice.rs:500:12
    [1m[96m|[0m
[1m[96m500[0m [1m[96m|[0m pub struct SetUserVolumeArgs {
    [1m[96m|[0m            [1m[93m^^^^^^^^^^^^^^^^^[0m

[1m[93mwarning[0m[1m[97m: function `set_user_volume` is never used[0m
   [1m[96m--> [0msrc\commands\voice.rs:506:14
    [1m[96m|[0m
[1m[96m506[0m [1m[96m|[0m pub async fn set_user_volume(args: SetUserVolumeArgs) -> napi::Result<()> {
    [1m[96m|[0m              [1m[93m^^^^^^^^^^^^^^^[0m

[1m[93mwarning[0m[1m[97m: struct `SetAecEnabledArgs` is never constructed[0m
   [1m[96m--> [0msrc\commands\voice.rs:518:12
    [1m[96m|[0m
[1m[96m518[0m [1m[96m|[0m pub struct SetAecEnabledArgs {
    [1m[96m|[0m            [1m[93m^^^^^^^^^^^^^^^^^[0m

[1m[93mwarning[0m[1m[97m: function `set_aec_enabled` is never used[0m
   [1m[96m--> [0msrc\commands\voice.rs:523:14
    [1m[96m|[0m
[1m[96m523[0m [1m[96m|[0m pub async fn set_aec_enabled(args: SetAecEnabledArgs) -> napi::Result<()> {
    [1m[96m|[0m              [1m[93m^^^^^^^^^^^^^^^[0m

[1m[93mwarning[0m[1m[97m: struct `SetNoiseSuppressionLevelArgs` is never constructed[0m
   [1m[96m--> [0msrc\commands\voice.rs:533:12
    [1m[96m|[0m
[1m[96m533[0m [1m[96m|[0m pub struct SetNoiseSuppressionLevelArgs {
    [1m[96m|[0m            [1m[93m^^^^^^^^^^^^^^^^^^^^^^^^^^^^[0m

[1m[93mwarning[0m[1m[97m: function `set_noise_suppression_level` is never used[0m
   [1m[96m--> [0msrc\commands\voice.rs:538:14
    [1m[96m|[0m
[1m[96m538[0m [1m[96m|[0m pub async fn set_noise_suppression_level(args: SetNoiseSuppressionLevelArgs) -> napi::Result<()> {
    [1m[96m|[0m              [1m[93m^^^^^^^^^^^^^^^^^^^^^^^^^^^[0m

[1m[93mwarning[0m[1m[97m: struct `SetAgcEnabledArgs` is never constructed[0m
   [1m[96m--> [0msrc\commands\voice.rs:548:12
    [1m[96m|[0m
[1m[96m548[0m [1m[96m|[0m pub struct SetAgcEnabledArgs {
    [1m[96m|[0m            [1m[93m^^^^^^^^^^^^^^^^^[0m

[1m[93mwarning[0m[1m[97m: function `set_agc_enabled` is never used[0m
   [1m[96m--> [0msrc\commands\voice.rs:553:14
    [1m[96m|[0m
[1m[96m553[0m [1m[96m|[0m pub async fn set_agc_enabled(args: SetAgcEnabledArgs) -> napi::Result<()> {
    [1m[96m|[0m              [1m[93m^^^^^^^^^^^^^^^[0m

[1m[93mwarning[0m[1m[97m: struct `SetInputDeviceArgs` is never constructed[0m
   [1m[96m--> [0msrc\commands\voice.rs:563:12
    [1m[96m|[0m
[1m[96m563[0m [1m[96m|[0m pub struct SetInputDeviceArgs {
    [1m[96m|[0m            [1m[93m^^^^^^^^^^^^^^^^^^[0m

[1m[93mwarning[0m[1m[97m: function `set_input_device` is never used[0m
   [1m[96m--> [0msrc\commands\voice.rs:569:14
    [1m[96m|[0m
[1m[96m569[0m [1m[96m|[0m pub async fn set_input_device(args: SetInputDeviceArgs) -> napi::Result<()> {
    [1m[96m|[0m              [1m[93m^^^^^^^^^^^^^^^^[0m

[1m[93mwarning[0m[1m[97m: struct `SetOutputDeviceArgs` is never constructed[0m
   [1m[96m--> [0msrc\commands\voice.rs:579:12
    [1m[96m|[0m
[1m[96m579[0m [1m[96m|[0m pub struct SetOutputDeviceArgs {
    [1m[96m|[0m            [1m[93m^^^^^^^^^^^^^^^^^^^[0m

[1m[93mwarning[0m[1m[97m: function `set_output_device` is never used[0m
   [1m[96m--> [0msrc\commands\voice.rs:584:14
    [1m[96m|[0m
[1m[96m584[0m [1m[96m|[0m pub async fn set_output_device(args: SetOutputDeviceArgs) -> napi::Result<()> {
    [1m[96m|[0m              [1m[93m^^^^^^^^^^^^^^^^^[0m

[1m[93mwarning[0m[1m[97m: struct `SetSeparateStreamOutputArgs` is never constructed[0m
   [1m[96m--> [0msrc\commands\voice.rs:594:12
    [1m[96m|[0m
[1m[96m594[0m [1m[96m|[0m pub struct SetSeparateStreamOutputArgs {
    [1m[96m|[0m            [1m[93m^^^^^^^^^^^^^^^^^^^^^^^^^^^[0m

[1m[93mwarning[0m[1m[97m: function `set_separate_stream_output` is never used[0m
   [1m[96m--> [0msrc\commands\voice.rs:600:14
    [1m[96m|[0m
[1m[96m600[0m [1m[96m|[0m pub async fn set_separate_stream_output(args: SetSeparateStreamOutputArgs) -> napi::Result<()> {
    [1m[96m|[0m              [1m[93m^^^^^^^^^^^^^^^^^^^^^^^^^^[0m

[1m[93mwarning[0m[1m[97m: struct `SetStreamOutputDeviceArgs` is never constructed[0m
   [1m[96m--> [0msrc\commands\voice.rs:610:12
    [1m[96m|[0m
[1m[96m610[0m [1m[96m|[0m pub struct SetStreamOutputDeviceArgs {
    [1m[96m|[0m            [1m[93m^^^^^^^^^^^^^^^^^^^^^^^^^[0m

[1m[93mwarning[0m[1m[97m: function `set_stream_output_device` is never used[0m
   [1m[96m--> [0msrc\commands\voice.rs:615:14
    [1m[96m|[0m
[1m[96m615[0m [1m[96m|[0m pub async fn set_stream_output_device(args: SetStreamOutputDeviceArgs) -> napi::Result<()> {
    [1m[96m|[0m              [1m[93m^^^^^^^^^^^^^^^^^^^^^^^^[0m

[1m[93mwarning[0m[1m[97m: struct `Credentials` is never constructed[0m
   [1m[96m--> [0msrc\config.rs:176:12
    [1m[96m|[0m
[1m[96m176[0m [1m[96m|[0m pub struct Credentials {
    [1m[96m|[0m            [1m[93m^^^^^^^^^^^[0m

[1m[93mwarning[0m[1m[97m: struct `ConfigFile` is never constructed[0m
   [1m[96m--> [0msrc\config.rs:183:8
    [1m[96m|[0m
[1m[96m183[0m [1m[96m|[0m struct ConfigFile {
    [1m[96m|[0m        [1m[93m^^^^^^^^^^[0m

[1m[93mwarning[0m[1m[97m: struct `LoadedConfig` is never constructed[0m
   [1m[96m--> [0msrc\config.rs:192:12
    [1m[96m|[0m
[1m[96m192[0m [1m[96m|[0m pub struct LoadedConfig {
    [1m[96m|[0m            [1m[93m^^^^^^^^^^^^[0m

[1m[93mwarning[0m[1m[97m: function `config_path` is never used[0m
   [1m[96m--> [0msrc\config.rs:197:4
    [1m[96m|[0m
[1m[96m197[0m [1m[96m|[0m fn config_path() -> PathBuf {
    [1m[96m|[0m    [1m[93m^^^^^^^^^^^[0m

[1m[93mwarning[0m[1m[97m: function `encrypt_credentials` is never used[0m
   [1m[96m--> [0msrc\config.rs:218:4
    [1m[96m|[0m
[1m[96m218[0m [1m[96m|[0m fn encrypt_credentials(creds: &Credentials) -> Result<String, String> {
    [1m[96m|[0m    [1m[93m^^^^^^^^^^^^^^^^^^^[0m

[1m[93mwarning[0m[1m[97m: function `decrypt_credentials` is never used[0m
   [1m[96m--> [0msrc\config.rs:239:4
    [1m[96m|[0m
[1m[96m239[0m [1m[96m|[0m fn decrypt_credentials(encrypted: &str) -> Result<Credentials, String> {
    [1m[96m|[0m    [1m[93m^^^^^^^^^^^^^^^^^^^[0m

[1m[93mwarning[0m[1m[97m: function `rand_nonce` is never used[0m
   [1m[96m--> [0msrc\config.rs:262:4
    [1m[96m|[0m
[1m[96m262[0m [1m[96m|[0m fn rand_nonce() -> [u8; 12] {
    [1m[96m|[0m    [1m[93m^^^^^^^^^^[0m

[1m[93mwarning[0m[1m[97m: function `load` is never used[0m
   [1m[96m--> [0msrc\config.rs:277:8
    [1m[96m|[0m
[1m[96m277[0m [1m[96m|[0m pub fn load() -> Result<LoadedConfig, String> {
    [1m[96m|[0m        [1m[93m^^^^[0m

[1m[93mwarning[0m[1m[97m: static `SAVE_LOCK` is never used[0m
   [1m[96m--> [0msrc\config.rs:306:8
    [1m[96m|[0m
[1m[96m306[0m [1m[96m|[0m static SAVE_LOCK: std::sync::Mutex<()> = std::sync::Mutex::new(());
    [1m[96m|[0m        [1m[93m^^^^^^^^^[0m

[1m[93mwarning[0m[1m[97m: function `save` is never used[0m
   [1m[96m--> [0msrc\config.rs:308:8
    [1m[96m|[0m
[1m[96m308[0m [1m[96m|[0m pub fn save(credentials: Option<&Credentials>, settings: &AppSettings) -> Result<(), String> {
    [1m[96m|[0m        [1m[93m^^^^[0m

[1m[93mwarning[0m[1m[97m: function `write_atomic` is never used[0m
   [1m[96m--> [0msrc\config.rs:348:4
    [1m[96m|[0m
[1m[96m348[0m [1m[96m|[0m fn write_atomic(path: &std::path::Path, bytes: &[u8]) -> Result<(), String> {
    [1m[96m|[0m    [1m[93m^^^^^^^^^^^^[0m

[1m[93mwarning[0m[1m[97m: function `clear_credentials` is never used[0m
   [1m[96m--> [0msrc\config.rs:358:8
    [1m[96m|[0m
[1m[96m358[0m [1m[96m|[0m pub fn clear_credentials() -> Result<(), String> {
    [1m[96m|[0m        [1m[93m^^^^^^^^^^^^^^^^^[0m

[1m[93mwarning[0m[1m[97m: constant `PLACEHOLDER` is never used[0m
  [1m[96m--> [0msrc\e2ee\channel_keys.rs:39:11
   [1m[96m|[0m
[1m[96m39[0m [1m[96m|[0m pub const PLACEHOLDER: &str = "🔒 This message is end-to-end encrypted. Update Decibell to read it.";
   [1m[96m|[0m           [1m[93m^^^^^^^^^^^[0m

[1m[93mwarning[0m[1m[97m: constant `UNREADABLE` is never used[0m
  [1m[96m--> [0msrc\e2ee\channel_keys.rs:40:11
   [1m[96m|[0m
[1m[96m40[0m [1m[96m|[0m pub const UNREADABLE: &str = "🔒 Encrypted message";
   [1m[96m|[0m           [1m[93m^^^^^^^^^^[0m

[1m[93mwarning[0m[1m[97m: constant `FETCH_TIMEOUT` is never used[0m
  [1m[96m--> [0msrc\e2ee\channel_keys.rs:41:7
   [1m[96m|[0m
[1m[96m41[0m [1m[96m|[0m const FETCH_TIMEOUT: Duration = Duration::from_secs(6);
   [1m[96m|[0m       [1m[93m^^^^^^^^^^^^^[0m

[1m[93mwarning[0m[1m[97m: constant `FILL_PACE` is never used[0m
  [1m[96m--> [0msrc\e2ee\channel_keys.rs:44:7
   [1m[96m|[0m
[1m[96m44[0m [1m[96m|[0m const FILL_PACE: Duration = Duration::from_millis(250);
   [1m[96m|[0m       [1m[93m^^^^^^^^^[0m

[1m[93mwarning[0m[1m[97m: fields `encrypted`, `current_epoch`, `keys`, `members`, and `needs` are never read[0m
  [1m[96m--> [0msrc\e2ee\channel_keys.rs:49:9
   [1m[96m|[0m
[1m[96m48[0m [1m[96m|[0m pub struct ChannelKeyring {
   [1m[96m|[0m            [1m[96m--------------[0m [1m[96mfields in this struct[0m
[1m[96m49[0m [1m[96m|[0m     pub encrypted: bool,
   [1m[96m|[0m         [1m[93m^^^^^^^^^[0m
[1m[96m50[0m [1m[96m|[0m     pub current_epoch: u32,
   [1m[96m|[0m         [1m[93m^^^^^^^^^^^^^[0m
[1m[96m51[0m [1m[96m|[0m     pub keys: HashMap<u32, [u8; KEY_LEN]>,
   [1m[96m|[0m         [1m[93m^^^^[0m
[1m[96m52[0m [1m[96m|[0m     pub members: Vec<String>,
   [1m[96m|[0m         [1m[93m^^^^^^^[0m
[1m[96m53[0m [1m[96m|[0m     /// Viewers the server said lack blobs (username → epochs).
[1m[96m54[0m [1m[96m|[0m     pub needs: Vec<(String, Vec<u32>)>,
   [1m[96m|[0m         [1m[93m^^^^^[0m
   [1m[96m|[0m
   [1m[96m= [0m[1m[97mnote[0m: `ChannelKeyring` has a derived impl for the trait `Clone`, but this is intentionally ignored during dead code analysis

[1m[93mwarning[0m[1m[97m: enum `DecryptError` is never used[0m
  [1m[96m--> [0msrc\e2ee\channel_keys.rs:60:10
   [1m[96m|[0m
[1m[96m60[0m [1m[96m|[0m pub enum DecryptError {
   [1m[96m|[0m          [1m[93m^^^^^^^^^^^^[0m

[1m[93mwarning[0m[1m[97m: method `as_str` is never used[0m
  [1m[96m--> [0msrc\e2ee\channel_keys.rs:67:12
   [1m[96m|[0m
[1m[96m66[0m [1m[96m|[0m impl DecryptError {
   [1m[96m|[0m [1m[96m-----------------[0m [1m[96mmethod in this implementation[0m
[1m[96m67[0m [1m[96m|[0m     pub fn as_str(self) -> &'static str {
   [1m[96m|[0m            [1m[93m^^^^^^[0m

[1m[93mwarning[0m[1m[97m: function `key_id` is never used[0m
  [1m[96m--> [0msrc\e2ee\channel_keys.rs:76:4
   [1m[96m|[0m
[1m[96m76[0m [1m[96m|[0m fn key_id(server_id: &str, channel_id: &str) -> KeyId {
   [1m[96m|[0m    [1m[93m^^^^^^[0m

[1m[93mwarning[0m[1m[97m: function `send_community` is never used[0m
  [1m[96m--> [0msrc\e2ee\channel_keys.rs:80:10
   [1m[96m|[0m
[1m[96m80[0m [1m[96m|[0m async fn send_community(
   [1m[96m|[0m          [1m[93m^^^^^^^^^^^^^^[0m

[1m[93mwarning[0m[1m[97m: function `fetch` is never used[0m
   [1m[96m--> [0msrc\e2ee\channel_keys.rs:101:10
    [1m[96m|[0m
[1m[96m101[0m [1m[96m|[0m async fn fetch(state: &Arc<Mutex<AppState>>, server_id: &str, channel_id: &str) -> Result<ChannelKeysRes, String> {
    [1m[96m|[0m          [1m[93m^^^^^[0m

[1m[93mwarning[0m[1m[97m: function `publish` is never used[0m
   [1m[96m--> [0msrc\e2ee\channel_keys.rs:125:10
    [1m[96m|[0m
[1m[96m125[0m [1m[96m|[0m async fn publish(
    [1m[96m|[0m          [1m[93m^^^^^^^[0m

[1m[93mwarning[0m[1m[97m: function `unseal_blob` is never used[0m
   [1m[96m--> [0msrc\e2ee\channel_keys.rs:162:10
    [1m[96m|[0m
[1m[96m162[0m [1m[96m|[0m async fn unseal_blob(
    [1m[96m|[0m          [1m[93m^^^^^^^^^^^[0m

[1m[93mwarning[0m[1m[97m: function `seal_blobs_for` is never used[0m
   [1m[96m--> [0msrc\e2ee\channel_keys.rs:174:10
    [1m[96m|[0m
[1m[96m174[0m [1m[96m|[0m async fn seal_blobs_for(
    [1m[96m|[0m          [1m[93m^^^^^^^^^^^^^^[0m

[1m[93mwarning[0m[1m[97m: function `ensure` is never used[0m
   [1m[96m--> [0msrc\e2ee\channel_keys.rs:195:14
    [1m[96m|[0m
[1m[96m195[0m [1m[96m|[0m pub async fn ensure(state: &Arc<Mutex<AppState>>, server_id: &str, channel_id: &str) -> Result<ChannelKeyring, String> {
    [1m[96m|[0m              [1m[93m^^^^^^[0m

[1m[93mwarning[0m[1m[97m: function `refresh` is never used[0m
   [1m[96m--> [0msrc\e2ee\channel_keys.rs:211:14
    [1m[96m|[0m
[1m[96m211[0m [1m[96m|[0m pub async fn refresh(state: &Arc<Mutex<AppState>>, server_id: &str, channel_id: &str) -> Result<ChannelKeyring, String> {
    [1m[96m|[0m              [1m[93m^^^^^^^[0m

[1m[93mwarning[0m[1m[97m: function `create_epoch` is never used[0m
   [1m[96m--> [0msrc\e2ee\channel_keys.rs:253:10
    [1m[96m|[0m
[1m[96m253[0m [1m[96m|[0m async fn create_epoch(
    [1m[96m|[0m          [1m[93m^^^^^^^^^^^^[0m

[1m[93mwarning[0m[1m[97m: function `refresh_no_create` is never used[0m
   [1m[96m--> [0msrc\e2ee\channel_keys.rs:297:10
    [1m[96m|[0m
[1m[96m297[0m [1m[96m|[0m async fn refresh_no_create(state: &Arc<Mutex<AppState>>, server_id: &str, channel_id: &str) -> Result<ChannelKeyring, String> {
    [1m[96m|[0m          [1m[93m^^^^^^^^^^^^^^^^^[0m

[1m[93mwarning[0m[1m[97m: function `fill_gaps` is never used[0m
   [1m[96m--> [0msrc\e2ee\channel_keys.rs:321:14
    [1m[96m|[0m
[1m[96m321[0m [1m[96m|[0m pub async fn fill_gaps(state: &Arc<Mutex<AppState>>, server_id: &str, channel_id: &str) -> Result<(), String> {
    [1m[96m|[0m              [1m[93m^^^^^^^^^[0m

[1m[93mwarning[0m[1m[97m: function `rotate` is never used[0m
   [1m[96m--> [0msrc\e2ee\channel_keys.rs:363:14
    [1m[96m|[0m
[1m[96m363[0m [1m[96m|[0m pub async fn rotate(state: &Arc<Mutex<AppState>>, server_id: &str, channel_id: &str) -> Result<(), String> {
    [1m[96m|[0m              [1m[93m^^^^^^[0m

[1m[93mwarning[0m[1m[97m: function `forget_server` is never used[0m
   [1m[96m--> [0msrc\e2ee\channel_keys.rs:372:8
    [1m[96m|[0m
[1m[96m372[0m [1m[96m|[0m pub fn forget_server(s: &mut AppState, server_id: &str) {
    [1m[96m|[0m        [1m[93m^^^^^^^^^^^^^[0m

[1m[93mwarning[0m[1m[97m: struct `AttachmentMeta` is never constructed[0m
   [1m[96m--> [0msrc\e2ee\channel_keys.rs:381:12
    [1m[96m|[0m
[1m[96m381[0m [1m[96m|[0m pub struct AttachmentMeta {
    [1m[96m|[0m            [1m[93m^^^^^^^^^^^^^^[0m

[1m[93mwarning[0m[1m[97m: method `to_payload` is never used[0m
   [1m[96m--> [0msrc\e2ee\channel_keys.rs:396:8
    [1m[96m|[0m
[1m[96m395[0m [1m[96m|[0m impl AttachmentMeta {
    [1m[96m|[0m [1m[96m-------------------[0m [1m[96mmethod in this implementation[0m
[1m[96m396[0m [1m[96m|[0m     fn to_payload(&self) -> events::EncryptedAttachmentMetaPayload {
    [1m[96m|[0m        [1m[93m^^^^^^^^^^[0m

[1m[93mwarning[0m[1m[97m: function `seal_message` is never used[0m
   [1m[96m--> [0msrc\e2ee\channel_keys.rs:416:14
    [1m[96m|[0m
[1m[96m416[0m [1m[96m|[0m pub async fn seal_message(
    [1m[96m|[0m              [1m[93m^^^^^^^^^^^^[0m

[1m[93mwarning[0m[1m[97m: function `open_message` is never used[0m
   [1m[96m--> [0msrc\e2ee\channel_keys.rs:469:14
    [1m[96m|[0m
[1m[96m469[0m [1m[96m|[0m pub async fn open_message(
    [1m[96m|[0m              [1m[93m^^^^^^^^^^^^[0m

[1m[93mwarning[0m[1m[97m: function `on_keys_res` is never used[0m
   [1m[96m--> [0msrc\e2ee\channel_keys.rs:528:14
    [1m[96m|[0m
[1m[96m528[0m [1m[96m|[0m pub async fn on_keys_res(state: &Arc<Mutex<AppState>>, server_id: &str, res: ChannelKeysRes) {
    [1m[96m|[0m              [1m[93m^^^^^^^^^^^[0m

[1m[93mwarning[0m[1m[97m: function `on_publish_res` is never used[0m
   [1m[96m--> [0msrc\e2ee\channel_keys.rs:537:14
    [1m[96m|[0m
[1m[96m537[0m [1m[96m|[0m pub async fn on_publish_res(state: &Arc<Mutex<AppState>>, server_id: &str, res: ChannelKeysPublishRes) {
    [1m[96m|[0m              [1m[93m^^^^^^^^^^^^^^[0m

[1m[93mwarning[0m[1m[97m: function `on_keys_changed` is never used[0m
   [1m[96m--> [0msrc\e2ee\channel_keys.rs:546:14
    [1m[96m|[0m
[1m[96m546[0m [1m[96m|[0m pub async fn on_keys_changed(state: &Arc<Mutex<AppState>>, server_id: &str, b: ChannelKeysChanged) {
    [1m[96m|[0m              [1m[93m^^^^^^^^^^^^^^^[0m

[1m[93mwarning[0m[1m[97m: variants `Msg`, `History`, and `Edited` are never constructed[0m
   [1m[96m--> [0msrc\e2ee\channel_keys.rs:576:5
    [1m[96m|[0m
[1m[96m575[0m [1m[96m|[0m pub enum ChannelJob {
    [1m[96m|[0m          [1m[96m----------[0m [1m[96mvariants in this enum[0m
[1m[96m576[0m [1m[96m|[0m     Msg(String, ChannelMessage),
    [1m[96m|[0m     [1m[93m^^^[0m
[1m[96m577[0m [1m[96m|[0m     History(String, ChannelHistoryResponse),
    [1m[96m|[0m     [1m[93m^^^^^^^[0m
[1m[96m578[0m [1m[96m|[0m     Edited(String, ChannelMessageEdited),
    [1m[96m|[0m     [1m[93m^^^^^^[0m

[1m[93mwarning[0m[1m[97m: function `enqueue` is never used[0m
   [1m[96m--> [0msrc\e2ee\channel_keys.rs:581:14
    [1m[96m|[0m
[1m[96m581[0m [1m[96m|[0m pub async fn enqueue(state: &Arc<Mutex<AppState>>, job: ChannelJob) {
    [1m[96m|[0m              [1m[93m^^^^^^^[0m

[1m[93mwarning[0m[1m[97m: function `run_worker` is never used[0m
   [1m[96m--> [0msrc\e2ee\channel_keys.rs:599:10
    [1m[96m|[0m
[1m[96m599[0m [1m[96m|[0m async fn run_worker(mut rx: mpsc::Receiver<ChannelJob>, state: Arc<Mutex<AppState>>) {
    [1m[96m|[0m          [1m[93m^^^^^^^^^^[0m

[1m[93mwarning[0m[1m[97m: function `render` is never used[0m
   [1m[96m--> [0msrc\e2ee\channel_keys.rs:609:10
    [1m[96m|[0m
[1m[96m609[0m [1m[96m|[0m async fn render(
    [1m[96m|[0m          [1m[93m^^^^^^[0m

[1m[93mwarning[0m[1m[97m: function `handle_msg` is never used[0m
   [1m[96m--> [0msrc\e2ee\channel_keys.rs:626:10
    [1m[96m|[0m
[1m[96m626[0m [1m[96m|[0m async fn handle_msg(state: &Arc<Mutex<AppState>>, server_id: &str, msg: ChannelMessage) {
    [1m[96m|[0m          [1m[93m^^^^^^^^^^[0m

[1m[93mwarning[0m[1m[97m: function `handle_history` is never used[0m
   [1m[96m--> [0msrc\e2ee\channel_keys.rs:655:10
    [1m[96m|[0m
[1m[96m655[0m [1m[96m|[0m async fn handle_history(state: &Arc<Mutex<AppState>>, server_id: &str, resp: ChannelHistoryResponse) {
    [1m[96m|[0m          [1m[93m^^^^^^^^^^^^^^[0m

[1m[93mwarning[0m[1m[97m: function `handle_edited` is never used[0m
   [1m[96m--> [0msrc\e2ee\channel_keys.rs:694:10
    [1m[96m|[0m
[1m[96m694[0m [1m[96m|[0m async fn handle_edited(state: &Arc<Mutex<AppState>>, server_id: &str, b: ChannelMessageEdited) {
    [1m[96m|[0m          [1m[93m^^^^^^^^^^^^^[0m

[1m[93mwarning[0m[1m[97m: constant `GHOST_GRACE` is never used[0m
  [1m[96m--> [0msrc\e2ee\group.rs:45:7
   [1m[96m|[0m
[1m[96m45[0m [1m[96m|[0m const GHOST_GRACE: Duration = Duration::from_secs(3);
   [1m[96m|[0m       [1m[93m^^^^^^^^^^^[0m

[1m[93mwarning[0m[1m[97m: constant `TICK` is never used[0m
  [1m[96m--> [0msrc\e2ee\group.rs:46:7
   [1m[96m|[0m
[1m[96m46[0m [1m[96m|[0m const TICK: Duration = Duration::from_millis(500);
   [1m[96m|[0m       [1m[93m^^^^[0m

[1m[93mwarning[0m[1m[97m: constant `MAX_JOIN_ATTEMPTS` is never used[0m
  [1m[96m--> [0msrc\e2ee\group.rs:47:7
   [1m[96m|[0m
[1m[96m47[0m [1m[96m|[0m const MAX_JOIN_ATTEMPTS: u32 = 6;
   [1m[96m|[0m       [1m[93m^^^^^^^^^^^^^^^^^[0m

[1m[93mwarning[0m[1m[97m: constant `REPLY_TIMEOUT` is never used[0m
  [1m[96m--> [0msrc\e2ee\group.rs:48:7
   [1m[96m|[0m
[1m[96m48[0m [1m[96m|[0m const REPLY_TIMEOUT: Duration = Duration::from_secs(6);
   [1m[96m|[0m       [1m[93m^^^^^^^^^^^^^[0m

[1m[93mwarning[0m[1m[97m: variants `Presence`, `GroupInfoRes`, `CommitRes`, and `CommitBroadcast` are never constructed[0m
  [1m[96m--> [0msrc\e2ee\group.rs:52:5
   [1m[96m|[0m
[1m[96m50[0m [1m[96m|[0m pub enum GroupCmd {
   [1m[96m|[0m          [1m[96m--------[0m [1m[96mvariants in this enum[0m
[1m[96m51[0m [1m[96m|[0m     /// The channel roster from VOICE_PRESENCE_UPDATE.
[1m[96m52[0m [1m[96m|[0m     Presence(Vec<String>),
   [1m[96m|[0m     [1m[93m^^^^^^^^[0m
[1m[96m53[0m [1m[96m|[0m     GroupInfoRes { exists: bool, epoch: u64, group_info: Vec<u8> },
   [1m[96m|[0m     [1m[93m^^^^^^^^^^^^[0m
[1m[96m54[0m [1m[96m|[0m     CommitRes { success: bool, message: String, epoch: u64 },
   [1m[96m|[0m     [1m[93m^^^^^^^^^[0m
[1m[96m55[0m [1m[96m|[0m     CommitBroadcast { epoch: u64, sender: String, commit: Vec<u8> },
   [1m[96m|[0m     [1m[93m^^^^^^^^^^^^^^^[0m

[1m[93mwarning[0m[1m[97m: fields `ring`, `server_id`, and `channel_id` are never read[0m
  [1m[96m--> [0msrc\e2ee\group.rs:64:9
   [1m[96m|[0m
[1m[96m62[0m [1m[96m|[0m pub struct GroupHandle {
   [1m[96m|[0m            [1m[96m-----------[0m [1m[96mfields in this struct[0m
[1m[96m63[0m [1m[96m|[0m     pub tx: mpsc::UnboundedSender<GroupCmd>,
[1m[96m64[0m [1m[96m|[0m     pub ring: SharedKeyRing,
   [1m[96m|[0m         [1m[93m^^^^[0m
[1m[96m65[0m [1m[96m|[0m     pub server_id: String,
   [1m[96m|[0m         [1m[93m^^^^^^^^^[0m
[1m[96m66[0m [1m[96m|[0m     pub channel_id: String,
   [1m[96m|[0m         [1m[93m^^^^^^^^^^[0m

[1m[93mwarning[0m[1m[97m: enum `Phase` is never used[0m
  [1m[96m--> [0msrc\e2ee\group.rs:78:6
   [1m[96m|[0m
[1m[96m78[0m [1m[96m|[0m enum Phase {
   [1m[96m|[0m      [1m[93m^^^^^[0m

[1m[93mwarning[0m[1m[97m: enum `Pending` is never used[0m
  [1m[96m--> [0msrc\e2ee\group.rs:86:6
   [1m[96m|[0m
[1m[96m86[0m [1m[96m|[0m enum Pending {
   [1m[96m|[0m      [1m[93m^^^^^^^[0m

[1m[93mwarning[0m[1m[97m: struct `Driver` is never constructed[0m
  [1m[96m--> [0msrc\e2ee\group.rs:94:8
   [1m[96m|[0m
[1m[96m94[0m [1m[96m|[0m struct Driver {
   [1m[96m|[0m        [1m[93m^^^^^^[0m

[1m[93mwarning[0m[1m[97m: function `start` is never used[0m
   [1m[96m--> [0msrc\e2ee\group.rs:122:8
    [1m[96m|[0m
[1m[96m122[0m [1m[96m|[0m pub fn start(
    [1m[96m|[0m        [1m[93m^^^^^[0m

[1m[93mwarning[0m[1m[97m: multiple methods are never used[0m
   [1m[96m--> [0msrc\e2ee\group.rs:190:14
    [1m[96m|[0m
[1m[96m189[0m [1m[96m|[0m impl Driver {
    [1m[96m|[0m [1m[96m-----------[0m [1m[96mmethods in this implementation[0m
[1m[96m190[0m [1m[96m|[0m     async fn run(mut self, mut rx: mpsc::UnboundedReceiver<GroupCmd>) {
    [1m[96m|[0m              [1m[93m^^^[0m
[1m[96m...[0m
[1m[96m218[0m [1m[96m|[0m     async fn send(&self, ty: packet::Type, payload: packet::Payload) {
    [1m[96m|[0m              [1m[93m^^^^[0m
[1m[96m...[0m
[1m[96m225[0m [1m[96m|[0m     async fn request_group_info(&mut self) {
    [1m[96m|[0m              [1m[93m^^^^^^^^^^^^^^^^^^[0m
[1m[96m...[0m
[1m[96m237[0m [1m[96m|[0m     fn emit(&mut self, state: &str) {
    [1m[96m|[0m        [1m[93m^^^^[0m
[1m[96m...[0m
[1m[96m257[0m [1m[96m|[0m     async fn on_group_info(&mut self, exists: bool, epoch: u64, group_info: Vec<u8>) {
    [1m[96m|[0m              [1m[93m^^^^^^^^^^^^^[0m
[1m[96m...[0m
[1m[96m355[0m [1m[96m|[0m     fn retry_join_later(&mut self) {
    [1m[96m|[0m        [1m[93m^^^^^^^^^^^^^^^^[0m
[1m[96m...[0m
[1m[96m364[0m [1m[96m|[0m     async fn on_commit_res(&mut self, success: bool, message: String, epoch: u64) {
    [1m[96m|[0m              [1m[93m^^^^^^^^^^^^^[0m
[1m[96m...[0m
[1m[96m436[0m [1m[96m|[0m     async fn on_commit_broadcast(&mut self, epoch: u64, sender: String, commit: Vec<u8>) {
    [1m[96m|[0m              [1m[93m^^^^^^^^^^^^^^^^^^^[0m
[1m[96m...[0m
[1m[96m486[0m [1m[96m|[0m     async fn resync(&mut self) {
    [1m[96m|[0m              [1m[93m^^^^^^[0m
[1m[96m...[0m
[1m[96m495[0m [1m[96m|[0m     async fn after_merge(&mut self) {
    [1m[96m|[0m              [1m[93m^^^^^^^^^^^[0m
[1m[96m...[0m
[1m[96m564[0m [1m[96m|[0m     fn is_elected(&self, members: &[(String, Vec<u8>, LeafNodeIndex)]) -> bool {
    [1m[96m|[0m        [1m[93m^^^^^^^^^^[0m
[1m[96m...[0m
[1m[96m575[0m [1m[96m|[0m     async fn commit_remove(&mut self, leaves: Vec<LeafNodeIndex>) {
    [1m[96m|[0m              [1m[93m^^^^^^^^^^^^^[0m
[1m[96m...[0m
[1m[96m611[0m [1m[96m|[0m     async fn on_presence(&mut self, roster: Vec<String>) {
    [1m[96m|[0m              [1m[93m^^^^^^^^^^^[0m
[1m[96m...[0m
[1m[96m621[0m [1m[96m|[0m     async fn reconcile_roster(&mut self) {
    [1m[96m|[0m              [1m[93m^^^^^^^^^^^^^^^^[0m
[1m[96m...[0m
[1m[96m652[0m [1m[96m|[0m     async fn on_tick(&mut self) {
    [1m[96m|[0m              [1m[93m^^^^^^^[0m

[1m[93mwarning[0m[1m[97m: methods `dh_pub_array` and `fingerprint` are never used[0m
   [1m[96m--> [0msrc\e2ee\identity.rs:159:12
    [1m[96m|[0m
[1m[96m137[0m [1m[96m|[0m impl PublicBundle {
    [1m[96m|[0m [1m[96m-----------------[0m [1m[96mmethods in this implementation[0m
[1m[96m...[0m
[1m[96m159[0m [1m[96m|[0m     pub fn dh_pub_array(&self) -> Result<[u8; KEY_LEN], String> {
    [1m[96m|[0m            [1m[93m^^^^^^^^^^^^[0m
[1m[96m...[0m
[1m[96m163[0m [1m[96m|[0m     pub fn fingerprint(&self) -> String {
    [1m[96m|[0m            [1m[93m^^^^^^^^^^^[0m

[1m[93mwarning[0m[1m[97m: method `key` is never used[0m
  [1m[96m--> [0msrc\e2ee\keystore.rs:64:12
   [1m[96m|[0m
[1m[96m55[0m [1m[96m|[0m impl KeyStore {
   [1m[96m|[0m [1m[96m-------------[0m [1m[96mmethod in this implementation[0m
[1m[96m...[0m
[1m[96m64[0m [1m[96m|[0m     pub fn key(&self, key_id: u32) -> Option<&IdentityKeys> {
   [1m[96m|[0m            [1m[93m^^^[0m

[1m[93mwarning[0m[1m[97m: constant `PLACEHOLDER` is never used[0m
  [1m[96m--> [0msrc\e2ee\session.rs:29:11
   [1m[96m|[0m
[1m[96m29[0m [1m[96m|[0m pub const PLACEHOLDER: &str = "🔒 This message is end-to-end encrypted. Update Decibell to read it.";
   [1m[96m|[0m           [1m[93m^^^^^^^^^^^[0m

[1m[93mwarning[0m[1m[97m: constant `UNREADABLE` is never used[0m
  [1m[96m--> [0msrc\e2ee\session.rs:31:11
   [1m[96m|[0m
[1m[96m31[0m [1m[96m|[0m pub const UNREADABLE: &str = "🔒 Encrypted message";
   [1m[96m|[0m           [1m[93m^^^^^^^^^^[0m

[1m[93mwarning[0m[1m[97m: constant `FETCH_TIMEOUT` is never used[0m
  [1m[96m--> [0msrc\e2ee\session.rs:32:7
   [1m[96m|[0m
[1m[96m32[0m [1m[96m|[0m const FETCH_TIMEOUT: Duration = Duration::from_secs(5);
   [1m[96m|[0m       [1m[93m^^^^^^^^^^^^^[0m

[1m[93mwarning[0m[1m[97m: variants `NotSetUp`, `Locked`, and `Ready` are never constructed[0m
  [1m[96m--> [0msrc\e2ee\session.rs:39:5
   [1m[96m|[0m
[1m[96m35[0m [1m[96m|[0m pub enum Status {
   [1m[96m|[0m          [1m[96m------[0m [1m[96mvariants in this enum[0m
[1m[96m...[0m
[1m[96m39[0m [1m[96m|[0m     NotSetUp,
   [1m[96m|[0m     [1m[93m^^^^^^^^[0m
[1m[96m40[0m [1m[96m|[0m     /// A backup exists on central but this device has no usable store.
[1m[96m41[0m [1m[96m|[0m     Locked,
   [1m[96m|[0m     [1m[93m^^^^^^[0m
[1m[96m42[0m [1m[96m|[0m     /// Keys loaded; sends seal, receives open.
[1m[96m43[0m [1m[96m|[0m     Ready,
   [1m[96m|[0m     [1m[93m^^^^^[0m
   [1m[96m|[0m
   [1m[96m= [0m[1m[97mnote[0m: `Status` has derived impls for the traits `Debug` and `Clone`, but these are intentionally ignored during dead code analysis

[1m[93mwarning[0m[1m[97m: method `as_str` is never used[0m
  [1m[96m--> [0msrc\e2ee\session.rs:47:12
   [1m[96m|[0m
[1m[96m46[0m [1m[96m|[0m impl Status {
   [1m[96m|[0m [1m[96m-----------[0m [1m[96mmethod in this implementation[0m
[1m[96m47[0m [1m[96m|[0m     pub fn as_str(self) -> &'static str {
   [1m[96m|[0m            [1m[93m^^^^^^[0m

[1m[93mwarning[0m[1m[97m: multiple fields are never read[0m
  [1m[96m--> [0msrc\e2ee\session.rs:59:9
   [1m[96m|[0m
[1m[96m58[0m [1m[96m|[0m pub struct E2ee {
   [1m[96m|[0m            [1m[96m----[0m [1m[96mfields in this struct[0m
[1m[96m59[0m [1m[96m|[0m     pub supported: bool,
   [1m[96m|[0m         [1m[93m^^^^^^^^^[0m
[1m[96m60[0m [1m[96m|[0m     pub status: Status,
   [1m[96m|[0m         [1m[93m^^^^^^[0m
[1m[96m61[0m [1m[96m|[0m     pub store: Option<KeyStore>,
   [1m[96m|[0m         [1m[93m^^^^^[0m
[1m[96m...[0m
[1m[96m64[0m [1m[96m|[0m     pub pending_backup: Option<(u32, Vec<u8>)>,
   [1m[96m|[0m         [1m[93m^^^^^^^^^^^^^^[0m
[1m[96m...[0m
[1m[96m67[0m [1m[96m|[0m     pub fresh: HashSet<String>,
   [1m[96m|[0m         [1m[93m^^^^^[0m
[1m[96m68[0m [1m[96m|[0m     /// (username, key_id) → verified bundle, this session.
[1m[96m69[0m [1m[96m|[0m     pub cache: HashMap<(String, u32), PublicBundle>,
   [1m[96m|[0m         [1m[93m^^^^^[0m
[1m[96m70[0m [1m[96m|[0m     /// username → their current key_id, this session.
[1m[96m71[0m [1m[96m|[0m     pub current_ids: HashMap<String, u32>,
   [1m[96m|[0m         [1m[93m^^^^^^^^^^^[0m
[1m[96m...[0m
[1m[96m78[0m [1m[96m|[0m     pub publish_in_flight: bool,
   [1m[96m|[0m         [1m[93m^^^^^^^^^^^^^^^^^[0m

[1m[93mwarning[0m[1m[97m: methods `reset` and `status_payload` are never used[0m
   [1m[96m--> [0msrc\e2ee\session.rs:97:12
    [1m[96m|[0m
[1m[96m 96[0m [1m[96m|[0m impl E2ee {
    [1m[96m|[0m [1m[96m---------[0m [1m[96mmethods in this implementation[0m
[1m[96m 97[0m [1m[96m|[0m     pub fn reset(&mut self) {
    [1m[96m|[0m            [1m[93m^^^^^[0m
[1m[96m...[0m
[1m[96m101[0m [1m[96m|[0m     pub fn status_payload(&self, username: &str) -> events::E2eeStatusPayload {
    [1m[96m|[0m            [1m[93m^^^^^^^^^^^^^^[0m

[1m[93mwarning[0m[1m[97m: function `now_secs` is never used[0m
   [1m[96m--> [0msrc\e2ee\session.rs:118:4
    [1m[96m|[0m
[1m[96m118[0m [1m[96m|[0m fn now_secs() -> i64 {
    [1m[96m|[0m    [1m[93m^^^^^^^^[0m

[1m[93mwarning[0m[1m[97m: function `arr32` is never used[0m
   [1m[96m--> [0msrc\e2ee\session.rs:125:4
    [1m[96m|[0m
[1m[96m125[0m [1m[96m|[0m fn arr32(v: &[u8]) -> Option<[u8; KEY_LEN]> {
    [1m[96m|[0m    [1m[93m^^^^^[0m

[1m[93mwarning[0m[1m[97m: function `emit_status` is never used[0m
   [1m[96m--> [0msrc\e2ee\session.rs:134:8
    [1m[96m|[0m
[1m[96m134[0m [1m[96m|[0m pub fn emit_status(s: &AppState) {
    [1m[96m|[0m        [1m[93m^^^^^^^^^^^[0m

[1m[93mwarning[0m[1m[97m: function `send_central` is never used[0m
   [1m[96m--> [0msrc\e2ee\session.rs:141:10
    [1m[96m|[0m
[1m[96m141[0m [1m[96m|[0m async fn send_central(
    [1m[96m|[0m          [1m[93m^^^^^^^^^^^^[0m

[1m[93mwarning[0m[1m[97m: function `fetch_bundle` is never used[0m
   [1m[96m--> [0msrc\e2ee\session.rs:163:14
    [1m[96m|[0m
[1m[96m163[0m [1m[96m|[0m pub async fn fetch_bundle(
    [1m[96m|[0m              [1m[93m^^^^^^^^^^^^[0m

[1m[93mwarning[0m[1m[97m: function `resolve_peer_current` is never used[0m
   [1m[96m--> [0msrc\e2ee\session.rs:250:14
    [1m[96m|[0m
[1m[96m250[0m [1m[96m|[0m pub async fn resolve_peer_current(
    [1m[96m|[0m              [1m[93m^^^^^^^^^^^^^^^^^^^^[0m

[1m[93mwarning[0m[1m[97m: enum `Outbound` is never used[0m
   [1m[96m--> [0msrc\e2ee\session.rs:329:10
    [1m[96m|[0m
[1m[96m329[0m [1m[96m|[0m pub enum Outbound {
    [1m[96m|[0m          [1m[93m^^^^^^^^[0m

[1m[93mwarning[0m[1m[97m: function `seal_outbound` is never used[0m
   [1m[96m--> [0msrc\e2ee\session.rs:335:14
    [1m[96m|[0m
[1m[96m335[0m [1m[96m|[0m pub async fn seal_outbound(
    [1m[96m|[0m              [1m[93m^^^^^^^^^^^^^[0m

[1m[93mwarning[0m[1m[97m: function `seal_outbound_raw` is never used[0m
   [1m[96m--> [0msrc\e2ee\session.rs:385:14
    [1m[96m|[0m
[1m[96m385[0m [1m[96m|[0m pub async fn seal_outbound_raw(
    [1m[96m|[0m              [1m[93m^^^^^^^^^^^^^^^^^[0m

[1m[93mwarning[0m[1m[97m: function `open_inbound_raw` is never used[0m
   [1m[96m--> [0msrc\e2ee\session.rs:402:14
    [1m[96m|[0m
[1m[96m402[0m [1m[96m|[0m pub async fn open_inbound_raw(
    [1m[96m|[0m              [1m[93m^^^^^^^^^^^^^^^^[0m

[1m[93mwarning[0m[1m[97m: enum `DecryptError` is never used[0m
   [1m[96m--> [0msrc\e2ee\session.rs:416:10
    [1m[96m|[0m
[1m[96m416[0m [1m[96m|[0m pub enum DecryptError {
    [1m[96m|[0m          [1m[93m^^^^^^^^^^^^[0m

[1m[93mwarning[0m[1m[97m: method `as_str` is never used[0m
   [1m[96m--> [0msrc\e2ee\session.rs:428:12
    [1m[96m|[0m
[1m[96m427[0m [1m[96m|[0m impl DecryptError {
    [1m[96m|[0m [1m[96m-----------------[0m [1m[96mmethod in this implementation[0m
[1m[96m428[0m [1m[96m|[0m     pub fn as_str(self) -> &'static str {
    [1m[96m|[0m            [1m[93m^^^^^^[0m

[1m[93mwarning[0m[1m[97m: function `open_inbound` is never used[0m
   [1m[96m--> [0msrc\e2ee\session.rs:440:14
    [1m[96m|[0m
[1m[96m440[0m [1m[96m|[0m pub async fn open_inbound(
    [1m[96m|[0m              [1m[93m^^^^^^^^^^^^[0m

[1m[93mwarning[0m[1m[97m: function `resolve_open_keys` is never used[0m
   [1m[96m--> [0msrc\e2ee\session.rs:458:10
    [1m[96m|[0m
[1m[96m458[0m [1m[96m|[0m async fn resolve_open_keys(
    [1m[96m|[0m          [1m[93m^^^^^^^^^^^^^^^^^[0m

[1m[93mwarning[0m[1m[97m: function `render` is never used[0m
   [1m[96m--> [0msrc\e2ee\session.rs:503:10
    [1m[96m|[0m
[1m[96m503[0m [1m[96m|[0m async fn render(
    [1m[96m|[0m          [1m[93m^^^^^^[0m

[1m[93mwarning[0m[1m[97m: function `fetch_backup` is never used[0m
   [1m[96m--> [0msrc\e2ee\session.rs:521:10
    [1m[96m|[0m
[1m[96m521[0m [1m[96m|[0m async fn fetch_backup(state: &Arc<Mutex<AppState>>) -> Result<Option<(u32, Vec<u8>)>, String> {
    [1m[96m|[0m          [1m[93m^^^^^^^^^^^^[0m

[1m[93mwarning[0m[1m[97m: function `publish` is never used[0m
   [1m[96m--> [0msrc\e2ee\session.rs:544:10
    [1m[96m|[0m
[1m[96m544[0m [1m[96m|[0m async fn publish(
    [1m[96m|[0m          [1m[93m^^^^^^^[0m

[1m[93mwarning[0m[1m[97m: function `bootstrap` is never used[0m
   [1m[96m--> [0msrc\e2ee\session.rs:585:14
    [1m[96m|[0m
[1m[96m585[0m [1m[96m|[0m pub async fn bootstrap(state: Arc<Mutex<AppState>>) {
    [1m[96m|[0m              [1m[93m^^^^^^^^^[0m

[1m[93mwarning[0m[1m[97m: struct `PublishGuard` is never constructed[0m
   [1m[96m--> [0msrc\e2ee\session.rs:639:8
    [1m[96m|[0m
[1m[96m639[0m [1m[96m|[0m struct PublishGuard(Arc<Mutex<AppState>>);
    [1m[96m|[0m        [1m[93m^^^^^^^^^^^^[0m

[1m[93mwarning[0m[1m[97m: function `backup_payload` is never used[0m
   [1m[96m--> [0msrc\e2ee\session.rs:649:4
    [1m[96m|[0m
[1m[96m649[0m [1m[96m|[0m fn backup_payload(store: &KeyStore) -> backup::BackupPayload {
    [1m[96m|[0m    [1m[93m^^^^^^^^^^^^^^[0m

[1m[93mwarning[0m[1m[97m: function `setup` is never used[0m
   [1m[96m--> [0msrc\e2ee\session.rs:655:14
    [1m[96m|[0m
[1m[96m655[0m [1m[96m|[0m pub async fn setup(state: &Arc<Mutex<AppState>>, passphrase: String) -> Result<(), String> {
    [1m[96m|[0m              [1m[93m^^^^^[0m

[1m[93mwarning[0m[1m[97m: function `unlock` is never used[0m
   [1m[96m--> [0msrc\e2ee\session.rs:702:14
    [1m[96m|[0m
[1m[96m702[0m [1m[96m|[0m pub async fn unlock(state: &Arc<Mutex<AppState>>, passphrase: String) -> Result<(), String> {
    [1m[96m|[0m              [1m[93m^^^^^^[0m

[1m[93mwarning[0m[1m[97m: function `change_passphrase` is never used[0m
   [1m[96m--> [0msrc\e2ee\session.rs:752:14
    [1m[96m|[0m
[1m[96m752[0m [1m[96m|[0m pub async fn change_passphrase(state: &Arc<Mutex<AppState>>, passphrase: String) -> Result<(), String> {
    [1m[96m|[0m              [1m[93m^^^^^^^^^^^^^^^^^[0m

[1m[93mwarning[0m[1m[97m: function `reset` is never used[0m
   [1m[96m--> [0msrc\e2ee\session.rs:771:14
    [1m[96m|[0m
[1m[96m771[0m [1m[96m|[0m pub async fn reset(state: &Arc<Mutex<AppState>>, passphrase: String) -> Result<(), String> {
    [1m[96m|[0m              [1m[93m^^^^^[0m

[1m[93mwarning[0m[1m[97m: function `on_keys_changed` is never used[0m
   [1m[96m--> [0msrc\e2ee\session.rs:814:14
    [1m[96m|[0m
[1m[96m814[0m [1m[96m|[0m pub async fn on_keys_changed(state: &Arc<Mutex<AppState>>, username: &str, key_id: u32) {
    [1m[96m|[0m              [1m[93m^^^^^^^^^^^^^^^[0m

[1m[93mwarning[0m[1m[97m: function `sign_own_call_key` is never used[0m
   [1m[96m--> [0msrc\e2ee\session.rs:834:14
    [1m[96m|[0m
[1m[96m834[0m [1m[96m|[0m pub async fn sign_own_call_key(
    [1m[96m|[0m              [1m[93m^^^^^^^^^^^^^^^^^[0m

[1m[93mwarning[0m[1m[97m: enum `CallKeyAuth` is never used[0m
   [1m[96m--> [0msrc\e2ee\session.rs:855:10
    [1m[96m|[0m
[1m[96m855[0m [1m[96m|[0m pub enum CallKeyAuth {
    [1m[96m|[0m          [1m[93m^^^^^^^^^^^[0m

[1m[93mwarning[0m[1m[97m: function `verify_peer_call_key` is never used[0m
   [1m[96m--> [0msrc\e2ee\session.rs:869:14
    [1m[96m|[0m
[1m[96m869[0m [1m[96m|[0m pub async fn verify_peer_call_key(
    [1m[96m|[0m              [1m[93m^^^^^^^^^^^^^^^^^^^^[0m

[1m[93mwarning[0m[1m[97m: variants `Direct`, `History`, `Conversations`, and `Edited` are never constructed[0m
   [1m[96m--> [0msrc\e2ee\session.rs:922:5
    [1m[96m|[0m
[1m[96m921[0m [1m[96m|[0m pub enum DmJob {
    [1m[96m|[0m          [1m[96m-----[0m [1m[96mvariants in this enum[0m
[1m[96m922[0m [1m[96m|[0m     Direct(DirectMessage),
    [1m[96m|[0m     [1m[93m^^^^^^[0m
[1m[96m923[0m [1m[96m|[0m     History(DmHistoryRes),
    [1m[96m|[0m     [1m[93m^^^^^^^[0m
[1m[96m924[0m [1m[96m|[0m     Conversations(DmConversationsRes),
    [1m[96m|[0m     [1m[93m^^^^^^^^^^^^^[0m
[1m[96m925[0m [1m[96m|[0m     Edited(DmMessageEdited),
    [1m[96m|[0m     [1m[93m^^^^^^[0m

[1m[93mwarning[0m[1m[97m: function `enqueue` is never used[0m
   [1m[96m--> [0msrc\e2ee\session.rs:931:14
    [1m[96m|[0m
[1m[96m931[0m [1m[96m|[0m pub async fn enqueue(state: &Arc<Mutex<AppState>>, job: DmJob) {
    [1m[96m|[0m              [1m[93m^^^^^^^[0m

[1m[93mwarning[0m[1m[97m: function `run_worker` is never used[0m
   [1m[96m--> [0msrc\e2ee\session.rs:949:10
    [1m[96m|[0m
[1m[96m949[0m [1m[96m|[0m async fn run_worker(mut rx: mpsc::Receiver<DmJob>, state: Arc<Mutex<AppState>>) {
    [1m[96m|[0m          [1m[93m^^^^^^^^^^[0m

[1m[93mwarning[0m[1m[97m: function `my_name` is never used[0m
   [1m[96m--> [0msrc\e2ee\session.rs:960:10
    [1m[96m|[0m
[1m[96m960[0m [1m[96m|[0m async fn my_name(state: &Arc<Mutex<AppState>>) -> String {
    [1m[96m|[0m          [1m[93m^^^^^^^[0m

[1m[93mwarning[0m[1m[97m: function `handle_direct` is never used[0m
   [1m[96m--> [0msrc\e2ee\session.rs:964:10
    [1m[96m|[0m
[1m[96m964[0m [1m[96m|[0m async fn handle_direct(state: &Arc<Mutex<AppState>>, msg: DirectMessage) {
    [1m[96m|[0m          [1m[93m^^^^^^^^^^^^^[0m

[1m[93mwarning[0m[1m[97m: function `other` is never used[0m
   [1m[96m--> [0msrc\e2ee\session.rs:997:4
    [1m[96m|[0m
[1m[96m997[0m [1m[96m|[0m fn other(me: &str, a: &str, b: &str) -> String {
    [1m[96m|[0m    [1m[93m^^^^^[0m

[1m[93mwarning[0m[1m[97m: function `handle_history` is never used[0m
    [1m[96m--> [0msrc\e2ee\session.rs:1001:10
     [1m[96m|[0m
[1m[96m1001[0m [1m[96m|[0m async fn handle_history(state: &Arc<Mutex<AppState>>, res: DmHistoryRes) {
     [1m[96m|[0m          [1m[93m^^^^^^^^^^^^^^[0m

[1m[93mwarning[0m[1m[97m: function `handle_conversations` is never used[0m
    [1m[96m--> [0msrc\e2ee\session.rs:1037:10
     [1m[96m|[0m
[1m[96m1037[0m [1m[96m|[0m async fn handle_conversations(state: &Arc<Mutex<AppState>>, res: DmConversationsRes) {
     [1m[96m|[0m          [1m[93m^^^^^^^^^^^^^^^^^^^^[0m

[1m[93mwarning[0m[1m[97m: function `handle_edited` is never used[0m
    [1m[96m--> [0msrc\e2ee\session.rs:1064:10
     [1m[96m|[0m
[1m[96m1064[0m [1m[96m|[0m async fn handle_edited(state: &Arc<Mutex<AppState>>, b: DmMessageEdited) {
     [1m[96m|[0m          [1m[93m^^^^^^^^^^^^^[0m

[1m[93mwarning[0m[1m[97m: function `on_fetch_keys_res` is never used[0m
    [1m[96m--> [0msrc\e2ee\session.rs:1095:14
     [1m[96m|[0m
[1m[96m1095[0m [1m[96m|[0m pub async fn on_fetch_keys_res(state: &Arc<Mutex<AppState>>, res: E2eeFetchKeysRes) {
     [1m[96m|[0m              [1m[93m^^^^^^^^^^^^^^^^^[0m

[1m[93mwarning[0m[1m[97m: function `on_publish_res` is never used[0m
    [1m[96m--> [0msrc\e2ee\session.rs:1107:14
     [1m[96m|[0m
[1m[96m1107[0m [1m[96m|[0m pub async fn on_publish_res(state: &Arc<Mutex<AppState>>, res: E2eePublishKeysRes) {
     [1m[96m|[0m              [1m[93m^^^^^^^^^^^^^^[0m

[1m[93mwarning[0m[1m[97m: function `on_fetch_backup_res` is never used[0m
    [1m[96m--> [0msrc\e2ee\session.rs:1113:14
     [1m[96m|[0m
[1m[96m1113[0m [1m[96m|[0m pub async fn on_fetch_backup_res(state: &Arc<Mutex<AppState>>, res: E2eeFetchBackupRes) {
     [1m[96m|[0m              [1m[93m^^^^^^^^^^^^^^^^^^^[0m

[1m[93mwarning[0m[1m[97m: function `send_stream_frame` is never used[0m
   [1m[96m--> [0msrc\events.rs:121:8
    [1m[96m|[0m
[1m[96m121[0m [1m[96m|[0m pub fn send_stream_frame(frame: StreamFrame) {
    [1m[96m|[0m        [1m[93m^^^^^^^^^^^^^^^^^[0m

[1m[93mwarning[0m[1m[97m: function `send` is never used[0m
   [1m[96m--> [0msrc\events.rs:179:8
    [1m[96m|[0m
[1m[96m179[0m [1m[96m|[0m pub fn send<P: Serialize>(name: &'static str, payload: P) {
    [1m[96m|[0m        [1m[93m^^^^[0m

[1m[93mwarning[0m[1m[97m: constant `CONNECTION_LOST` is never used[0m
   [1m[96m--> [0msrc\events.rs:196:11
    [1m[96m|[0m
[1m[96m196[0m [1m[96m|[0m pub const CONNECTION_LOST: &str = "connection_lost";
    [1m[96m|[0m           [1m[93m^^^^^^^^^^^^^^^[0m

[1m[93mwarning[0m[1m[97m: constant `CONNECTION_RESTORED` is never used[0m
   [1m[96m--> [0msrc\events.rs:197:11
    [1m[96m|[0m
[1m[96m197[0m [1m[96m|[0m pub const CONNECTION_RESTORED: &str = "connection_restored";
    [1m[96m|[0m           [1m[93m^^^^^^^^^^^^^^^^^^^[0m

[1m[93mwarning[0m[1m[97m: constant `LOGIN_SUCCEEDED` is never used[0m
   [1m[96m--> [0msrc\events.rs:198:11
    [1m[96m|[0m
[1m[96m198[0m [1m[96m|[0m pub const LOGIN_SUCCEEDED: &str = "login_succeeded";
    [1m[96m|[0m           [1m[93m^^^^^^^^^^^^^^^[0m

[1m[93mwarning[0m[1m[97m: constant `LOGIN_FAILED` is never used[0m
   [1m[96m--> [0msrc\events.rs:199:11
    [1m[96m|[0m
[1m[96m199[0m [1m[96m|[0m pub const LOGIN_FAILED: &str = "login_failed";
    [1m[96m|[0m           [1m[93m^^^^^^^^^^^^[0m

[1m[93mwarning[0m[1m[97m: constant `REGISTER_RESPONDED` is never used[0m
   [1m[96m--> [0msrc\events.rs:200:11
    [1m[96m|[0m
[1m[96m200[0m [1m[96m|[0m pub const REGISTER_RESPONDED: &str = "register_responded";
    [1m[96m|[0m           [1m[93m^^^^^^^^^^^^^^^^^^[0m

[1m[93mwarning[0m[1m[97m: constant `LOGGED_OUT` is never used[0m
   [1m[96m--> [0msrc\events.rs:201:11
    [1m[96m|[0m
[1m[96m201[0m [1m[96m|[0m pub const LOGGED_OUT: &str = "logged_out";
    [1m[96m|[0m           [1m[93m^^^^^^^^^^[0m

[1m[93mwarning[0m[1m[97m: constant `SERVER_LIST_RECEIVED` is never used[0m
   [1m[96m--> [0msrc\events.rs:202:11
    [1m[96m|[0m
[1m[96m202[0m [1m[96m|[0m pub const SERVER_LIST_RECEIVED: &str = "server_list_received";
    [1m[96m|[0m           [1m[93m^^^^^^^^^^^^^^^^^^^^[0m

[1m[93mwarning[0m[1m[97m: constant `MEMBERSHIPS_RECEIVED` is never used[0m
   [1m[96m--> [0msrc\events.rs:203:11
    [1m[96m|[0m
[1m[96m203[0m [1m[96m|[0m pub const MEMBERSHIPS_RECEIVED: &str = "memberships_received";
    [1m[96m|[0m           [1m[93m^^^^^^^^^^^^^^^^^^^^[0m

[1m[93mwarning[0m[1m[97m: constant `COMMUNITY_AUTH_RESPONDED` is never used[0m
   [1m[96m--> [0msrc\events.rs:204:11
    [1m[96m|[0m
[1m[96m204[0m [1m[96m|[0m pub const COMMUNITY_AUTH_RESPONDED: &str = "community_auth_responded";
    [1m[96m|[0m           [1m[93m^^^^^^^^^^^^^^^^^^^^^^^^[0m

[1m[93mwarning[0m[1m[97m: constant `MESSAGE_RECEIVED` is never used[0m
   [1m[96m--> [0msrc\events.rs:205:11
    [1m[96m|[0m
[1m[96m205[0m [1m[96m|[0m pub const MESSAGE_RECEIVED: &str = "message_received";
    [1m[96m|[0m           [1m[93m^^^^^^^^^^^^^^^^[0m

[1m[93mwarning[0m[1m[97m: constant `CHANNEL_HISTORY_RECEIVED` is never used[0m
   [1m[96m--> [0msrc\events.rs:206:11
    [1m[96m|[0m
[1m[96m206[0m [1m[96m|[0m pub const CHANNEL_HISTORY_RECEIVED: &str = "channel_history_received";
    [1m[96m|[0m           [1m[93m^^^^^^^^^^^^^^^^^^^^^^^^[0m

[1m[93mwarning[0m[1m[97m: constant `CHANNEL_PRUNED` is never used[0m
   [1m[96m--> [0msrc\events.rs:207:11
    [1m[96m|[0m
[1m[96m207[0m [1m[96m|[0m pub const CHANNEL_PRUNED: &str = "channel_pruned";
    [1m[96m|[0m           [1m[93m^^^^^^^^^^^^^^[0m

[1m[93mwarning[0m[1m[97m: constant `CHANNEL_UPDATED` is never used[0m
   [1m[96m--> [0msrc\events.rs:208:11
    [1m[96m|[0m
[1m[96m208[0m [1m[96m|[0m pub const CHANNEL_UPDATED: &str = "channel_updated";
    [1m[96m|[0m           [1m[93m^^^^^^^^^^^^^^^[0m

[1m[93mwarning[0m[1m[97m: constant `CHANNEL_WIPE_RESPONDED` is never used[0m
   [1m[96m--> [0msrc\events.rs:209:11
    [1m[96m|[0m
[1m[96m209[0m [1m[96m|[0m pub const CHANNEL_WIPE_RESPONDED: &str = "channel_wipe_responded";
    [1m[96m|[0m           [1m[93m^^^^^^^^^^^^^^^^^^^^^^[0m

[1m[93mwarning[0m[1m[97m: constant `CHANNEL_WIPED` is never used[0m
   [1m[96m--> [0msrc\events.rs:210:11
    [1m[96m|[0m
[1m[96m210[0m [1m[96m|[0m pub const CHANNEL_WIPED: &str = "channel_wiped";
    [1m[96m|[0m           [1m[93m^^^^^^^^^^^^^[0m

[1m[93mwarning[0m[1m[97m: constant `USER_LIST_UPDATED` is never used[0m
   [1m[96m--> [0msrc\events.rs:211:11
    [1m[96m|[0m
[1m[96m211[0m [1m[96m|[0m pub const USER_LIST_UPDATED: &str = "user_list_updated";
    [1m[96m|[0m           [1m[93m^^^^^^^^^^^^^^^^^[0m

[1m[93mwarning[0m[1m[97m: constant `FRIEND_LIST_RECEIVED` is never used[0m
   [1m[96m--> [0msrc\events.rs:212:11
    [1m[96m|[0m
[1m[96m212[0m [1m[96m|[0m pub const FRIEND_LIST_RECEIVED: &str = "friend_list_received";
    [1m[96m|[0m           [1m[93m^^^^^^^^^^^^^^^^^^^^[0m

[1m[93mwarning[0m[1m[97m: constant `FRIEND_ACTION_RESPONDED` is never used[0m
   [1m[96m--> [0msrc\events.rs:213:11
    [1m[96m|[0m
[1m[96m213[0m [1m[96m|[0m pub const FRIEND_ACTION_RESPONDED: &str = "friend_action_responded";
    [1m[96m|[0m           [1m[93m^^^^^^^^^^^^^^^^^^^^^^^[0m

[1m[93mwarning[0m[1m[97m: constant `MEMBER_LIST_RECEIVED` is never used[0m
   [1m[96m--> [0msrc\events.rs:214:11
    [1m[96m|[0m
[1m[96m214[0m [1m[96m|[0m pub const MEMBER_LIST_RECEIVED: &str = "member_list_received";
    [1m[96m|[0m           [1m[93m^^^^^^^^^^^^^^^^^^^^[0m

[1m[93mwarning[0m[1m[97m: constant `MOD_ACTION_RESPONDED` is never used[0m
   [1m[96m--> [0msrc\events.rs:215:11
    [1m[96m|[0m
[1m[96m215[0m [1m[96m|[0m pub const MOD_ACTION_RESPONDED: &str = "mod_action_responded";
    [1m[96m|[0m           [1m[93m^^^^^^^^^^^^^^^^^^^^[0m

[1m[93mwarning[0m[1m[97m: constant `CHANNEL_MESSAGE_REJECTED` is never used[0m
   [1m[96m--> [0msrc\events.rs:216:11
    [1m[96m|[0m
[1m[96m216[0m [1m[96m|[0m pub const CHANNEL_MESSAGE_REJECTED: &str = "channel_message_rejected";
    [1m[96m|[0m           [1m[93m^^^^^^^^^^^^^^^^^^^^^^^^[0m

[1m[93mwarning[0m[1m[97m: constant `MEMBERSHIP_REVOKED` is never used[0m
   [1m[96m--> [0msrc\events.rs:217:11
    [1m[96m|[0m
[1m[96m217[0m [1m[96m|[0m pub const MEMBERSHIP_REVOKED: &str = "membership_revoked";
    [1m[96m|[0m           [1m[93m^^^^^^^^^^^^^^^^^^[0m

[1m[93mwarning[0m[1m[97m: constant `ROLE_LIST_RECEIVED` is never used[0m
   [1m[96m--> [0msrc\events.rs:218:11
    [1m[96m|[0m
[1m[96m218[0m [1m[96m|[0m pub const ROLE_LIST_RECEIVED: &str = "role_list_received";
    [1m[96m|[0m           [1m[93m^^^^^^^^^^^^^^^^^^[0m

[1m[93mwarning[0m[1m[97m: constant `MEMBER_UPSERT` is never used[0m
   [1m[96m--> [0msrc\events.rs:219:11
    [1m[96m|[0m
[1m[96m219[0m [1m[96m|[0m pub const MEMBER_UPSERT: &str = "member_upsert";
    [1m[96m|[0m           [1m[93m^^^^^^^^^^^^^[0m

[1m[93mwarning[0m[1m[97m: constant `MEMBER_REMOVE` is never used[0m
   [1m[96m--> [0msrc\events.rs:220:11
    [1m[96m|[0m
[1m[96m220[0m [1m[96m|[0m pub const MEMBER_REMOVE: &str = "member_remove";
    [1m[96m|[0m           [1m[93m^^^^^^^^^^^^^[0m

[1m[93mwarning[0m[1m[97m: constant `BAN_LIST_RECEIVED` is never used[0m
   [1m[96m--> [0msrc\events.rs:221:11
    [1m[96m|[0m
[1m[96m221[0m [1m[96m|[0m pub const BAN_LIST_RECEIVED: &str = "ban_list_received";
    [1m[96m|[0m           [1m[93m^^^^^^^^^^^^^^^^^[0m

[1m[93mwarning[0m[1m[97m: constant `SERVER_META_UPDATED` is never used[0m
   [1m[96m--> [0msrc\events.rs:222:11
    [1m[96m|[0m
[1m[96m222[0m [1m[96m|[0m pub const SERVER_META_UPDATED: &str = "server_meta_updated";
    [1m[96m|[0m           [1m[93m^^^^^^^^^^^^^^^^^^^[0m

[1m[93mwarning[0m[1m[97m: constant `SERVER_UPDATE_RESPONDED` is never used[0m
   [1m[96m--> [0msrc\events.rs:223:11
    [1m[96m|[0m
[1m[96m223[0m [1m[96m|[0m pub const SERVER_UPDATE_RESPONDED: &str = "server_update_responded";
    [1m[96m|[0m           [1m[93m^^^^^^^^^^^^^^^^^^^^^^^[0m

[1m[93mwarning[0m[1m[97m: constant `AUDIT_LOG_RECEIVED` is never used[0m
   [1m[96m--> [0msrc\events.rs:224:11
    [1m[96m|[0m
[1m[96m224[0m [1m[96m|[0m pub const AUDIT_LOG_RECEIVED: &str = "audit_log_received";
    [1m[96m|[0m           [1m[93m^^^^^^^^^^^^^^^^^^[0m

[1m[93mwarning[0m[1m[97m: constant `STORAGE_INFO_RECEIVED` is never used[0m
   [1m[96m--> [0msrc\events.rs:225:11
    [1m[96m|[0m
[1m[96m225[0m [1m[96m|[0m pub const STORAGE_INFO_RECEIVED: &str = "storage_info_received";
    [1m[96m|[0m           [1m[93m^^^^^^^^^^^^^^^^^^^^^[0m

[1m[93mwarning[0m[1m[97m: constant `VOICE_FORCE_NOTIFY` is never used[0m
   [1m[96m--> [0msrc\events.rs:226:11
    [1m[96m|[0m
[1m[96m226[0m [1m[96m|[0m pub const VOICE_FORCE_NOTIFY: &str = "voice_force_notify";
    [1m[96m|[0m           [1m[93m^^^^^^^^^^^^^^^^^^[0m

[1m[93mwarning[0m[1m[97m: constant `CHANNEL_OVERWRITES_RECEIVED` is never used[0m
   [1m[96m--> [0msrc\events.rs:227:11
    [1m[96m|[0m
[1m[96m227[0m [1m[96m|[0m pub const CHANNEL_OVERWRITES_RECEIVED: &str = "channel_overwrites_received";
    [1m[96m|[0m           [1m[93m^^^^^^^^^^^^^^^^^^^^^^^^^^^[0m

[1m[93mwarning[0m[1m[97m: constant `ROLE_ACTION_RESPONDED` is never used[0m
   [1m[96m--> [0msrc\events.rs:228:11
    [1m[96m|[0m
[1m[96m228[0m [1m[96m|[0m pub const ROLE_ACTION_RESPONDED: &str = "role_action_responded";
    [1m[96m|[0m           [1m[93m^^^^^^^^^^^^^^^^^^^^^[0m

[1m[93mwarning[0m[1m[97m: constant `CHANNEL_LIST_UPDATED` is never used[0m
   [1m[96m--> [0msrc\events.rs:229:11
    [1m[96m|[0m
[1m[96m229[0m [1m[96m|[0m pub const CHANNEL_LIST_UPDATED: &str = "channel_list_updated";
    [1m[96m|[0m           [1m[93m^^^^^^^^^^^^^^^^^^^^[0m

[1m[93mwarning[0m[1m[97m: constant `CHANNEL_ACTION_RESPONDED` is never used[0m
   [1m[96m--> [0msrc\events.rs:230:11
    [1m[96m|[0m
[1m[96m230[0m [1m[96m|[0m pub const CHANNEL_ACTION_RESPONDED: &str = "channel_action_responded";
    [1m[96m|[0m           [1m[93m^^^^^^^^^^^^^^^^^^^^^^^^[0m

[1m[93mwarning[0m[1m[97m: constant `INVITE_LIST_RECEIVED` is never used[0m
   [1m[96m--> [0msrc\events.rs:231:11
    [1m[96m|[0m
[1m[96m231[0m [1m[96m|[0m pub const INVITE_LIST_RECEIVED: &str = "invite_list_received";
    [1m[96m|[0m           [1m[93m^^^^^^^^^^^^^^^^^^^^[0m

[1m[93mwarning[0m[1m[97m: constant `INVITE_CREATE_RESPONDED` is never used[0m
   [1m[96m--> [0msrc\events.rs:232:11
    [1m[96m|[0m
[1m[96m232[0m [1m[96m|[0m pub const INVITE_CREATE_RESPONDED: &str = "invite_create_responded";
    [1m[96m|[0m           [1m[93m^^^^^^^^^^^^^^^^^^^^^^^[0m

[1m[93mwarning[0m[1m[97m: constant `INVITE_REVOKE_RESPONDED` is never used[0m
   [1m[96m--> [0msrc\events.rs:233:11
    [1m[96m|[0m
[1m[96m233[0m [1m[96m|[0m pub const INVITE_REVOKE_RESPONDED: &str = "invite_revoke_responded";
    [1m[96m|[0m           [1m[93m^^^^^^^^^^^^^^^^^^^^^^^[0m

[1m[93mwarning[0m[1m[97m: constant `VOICE_PRESENCE_UPDATED` is never used[0m
   [1m[96m--> [0msrc\events.rs:234:11
    [1m[96m|[0m
[1m[96m234[0m [1m[96m|[0m pub const VOICE_PRESENCE_UPDATED: &str = "voice_presence_updated";
    [1m[96m|[0m           [1m[93m^^^^^^^^^^^^^^^^^^^^^^[0m

[1m[93mwarning[0m[1m[97m: constant `VOICE_STATE_CHANGED` is never used[0m
   [1m[96m--> [0msrc\events.rs:235:11
    [1m[96m|[0m
[1m[96m235[0m [1m[96m|[0m pub const VOICE_STATE_CHANGED: &str = "voice_state_changed";
    [1m[96m|[0m           [1m[93m^^^^^^^^^^^^^^^^^^^[0m

[1m[93mwarning[0m[1m[97m: constant `VOICE_USER_SPEAKING` is never used[0m
   [1m[96m--> [0msrc\events.rs:236:11
    [1m[96m|[0m
[1m[96m236[0m [1m[96m|[0m pub const VOICE_USER_SPEAKING: &str = "voice_user_speaking";
    [1m[96m|[0m           [1m[93m^^^^^^^^^^^^^^^^^^^[0m

[1m[93mwarning[0m[1m[97m: constant `VOICE_USER_STATE_CHANGED` is never used[0m
   [1m[96m--> [0msrc\events.rs:237:11
    [1m[96m|[0m
[1m[96m237[0m [1m[96m|[0m pub const VOICE_USER_STATE_CHANGED: &str = "voice_user_state_changed";
    [1m[96m|[0m           [1m[93m^^^^^^^^^^^^^^^^^^^^^^^^[0m

[1m[93mwarning[0m[1m[97m: constant `VOICE_INPUT_LEVEL` is never used[0m
   [1m[96m--> [0msrc\events.rs:238:11
    [1m[96m|[0m
[1m[96m238[0m [1m[96m|[0m pub const VOICE_INPUT_LEVEL: &str = "voice_input_level";
    [1m[96m|[0m           [1m[93m^^^^^^^^^^^^^^^^^[0m

[1m[93mwarning[0m[1m[97m: constant `VOICE_PING_UPDATED` is never used[0m
   [1m[96m--> [0msrc\events.rs:239:11
    [1m[96m|[0m
[1m[96m239[0m [1m[96m|[0m pub const VOICE_PING_UPDATED: &str = "voice_ping_updated";
    [1m[96m|[0m           [1m[93m^^^^^^^^^^^^^^^^^^[0m

[1m[93mwarning[0m[1m[97m: constant `VOICE_CONNECTION_STATS` is never used[0m
   [1m[96m--> [0msrc\events.rs:240:11
    [1m[96m|[0m
[1m[96m240[0m [1m[96m|[0m pub const VOICE_CONNECTION_STATS: &str = "voice_connection_stats";
    [1m[96m|[0m           [1m[93m^^^^^^^^^^^^^^^^^^^^^^[0m

[1m[93mwarning[0m[1m[97m: constant `VOICE_ERROR` is never used[0m
   [1m[96m--> [0msrc\events.rs:241:11
    [1m[96m|[0m
[1m[96m241[0m [1m[96m|[0m pub const VOICE_ERROR: &str = "voice_error";
    [1m[96m|[0m           [1m[93m^^^^^^^^^^^[0m

[1m[93mwarning[0m[1m[97m: constant `STREAM_PRESENCE_UPDATED` is never used[0m
   [1m[96m--> [0msrc\events.rs:242:11
    [1m[96m|[0m
[1m[96m242[0m [1m[96m|[0m pub const STREAM_PRESENCE_UPDATED: &str = "stream_presence_updated";
    [1m[96m|[0m           [1m[93m^^^^^^^^^^^^^^^^^^^^^^^[0m

[1m[93mwarning[0m[1m[97m: constant `STREAM_CODEC_CHANGED` is never used[0m
   [1m[96m--> [0msrc\events.rs:245:11
    [1m[96m|[0m
[1m[96m245[0m [1m[96m|[0m pub const STREAM_CODEC_CHANGED: &str = "stream_codec_changed";
    [1m[96m|[0m           [1m[93m^^^^^^^^^^^^^^^^^^^^[0m

[1m[93mwarning[0m[1m[97m: constant `DM_CONVERSATIONS_RECEIVED` is never used[0m
   [1m[96m--> [0msrc\events.rs:251:11
    [1m[96m|[0m
[1m[96m251[0m [1m[96m|[0m pub const DM_CONVERSATIONS_RECEIVED: &str = "dm_conversations_received";
    [1m[96m|[0m           [1m[93m^^^^^^^^^^^^^^^^^^^^^^^^^[0m

[1m[93mwarning[0m[1m[97m: constant `DM_HISTORY_RECEIVED` is never used[0m
   [1m[96m--> [0msrc\events.rs:252:11
    [1m[96m|[0m
[1m[96m252[0m [1m[96m|[0m pub const DM_HISTORY_RECEIVED: &str = "dm_history_received";
    [1m[96m|[0m           [1m[93m^^^^^^^^^^^^^^^^^^^[0m

[1m[93mwarning[0m[1m[97m: constant `DM_MESSAGE_DELETE_RESPONDED` is never used[0m
   [1m[96m--> [0msrc\events.rs:255:11
    [1m[96m|[0m
[1m[96m255[0m [1m[96m|[0m pub const DM_MESSAGE_DELETE_RESPONDED: &str = "dm_message_delete_responded";
    [1m[96m|[0m           [1m[93m^^^^^^^^^^^^^^^^^^^^^^^^^^^[0m

[1m[93mwarning[0m[1m[97m: constant `DM_MESSAGE_DELETED` is never used[0m
   [1m[96m--> [0msrc\events.rs:256:11
    [1m[96m|[0m
[1m[96m256[0m [1m[96m|[0m pub const DM_MESSAGE_DELETED: &str = "dm_message_deleted";
    [1m[96m|[0m           [1m[93m^^^^^^^^^^^^^^^^^^[0m

[1m[93mwarning[0m[1m[97m: constant `CHANNEL_MESSAGE_DELETE_RESPONDED` is never used[0m
   [1m[96m--> [0msrc\events.rs:257:11
    [1m[96m|[0m
[1m[96m257[0m [1m[96m|[0m pub const CHANNEL_MESSAGE_DELETE_RESPONDED: &str = "channel_message_delete_responded";
    [1m[96m|[0m           [1m[93m^^^^^^^^^^^^^^^^^^^^^^^^^^^^^^^^[0m

[1m[93mwarning[0m[1m[97m: constant `CHANNEL_MESSAGE_DELETED` is never used[0m
   [1m[96m--> [0msrc\events.rs:258:11
    [1m[96m|[0m
[1m[96m258[0m [1m[96m|[0m pub const CHANNEL_MESSAGE_DELETED: &str = "channel_message_deleted";
    [1m[96m|[0m           [1m[93m^^^^^^^^^^^^^^^^^^^^^^^[0m

[1m[93mwarning[0m[1m[97m: constant `DM_MESSAGE_EDIT_RESPONDED` is never used[0m
   [1m[96m--> [0msrc\events.rs:259:11
    [1m[96m|[0m
[1m[96m259[0m [1m[96m|[0m pub const DM_MESSAGE_EDIT_RESPONDED: &str = "dm_message_edit_responded";
    [1m[96m|[0m           [1m[93m^^^^^^^^^^^^^^^^^^^^^^^^^[0m

[1m[93mwarning[0m[1m[97m: constant `DM_MESSAGE_EDITED` is never used[0m
   [1m[96m--> [0msrc\events.rs:260:11
    [1m[96m|[0m
[1m[96m260[0m [1m[96m|[0m pub const DM_MESSAGE_EDITED: &str = "dm_message_edited";
    [1m[96m|[0m           [1m[93m^^^^^^^^^^^^^^^^^[0m

[1m[93mwarning[0m[1m[97m: constant `E2EE_STATUS_CHANGED` is never used[0m
   [1m[96m--> [0msrc\events.rs:261:11
    [1m[96m|[0m
[1m[96m261[0m [1m[96m|[0m pub const E2EE_STATUS_CHANGED: &str = "e2ee_status_changed";
    [1m[96m|[0m           [1m[93m^^^^^^^^^^^^^^^^^^^[0m

[1m[93mwarning[0m[1m[97m: constant `E2EE_PEER_CHANGED` is never used[0m
   [1m[96m--> [0msrc\events.rs:262:11
    [1m[96m|[0m
[1m[96m262[0m [1m[96m|[0m pub const E2EE_PEER_CHANGED: &str = "e2ee_peer_changed";
    [1m[96m|[0m           [1m[93m^^^^^^^^^^^^^^^^^[0m

[1m[93mwarning[0m[1m[97m: constant `VOICE_E2EE_STATE` is never used[0m
   [1m[96m--> [0msrc\events.rs:263:11
    [1m[96m|[0m
[1m[96m263[0m [1m[96m|[0m pub const VOICE_E2EE_STATE: &str = "voice_e2ee_state";
    [1m[96m|[0m           [1m[93m^^^^^^^^^^^^^^^^[0m

[1m[93mwarning[0m[1m[97m: constant `CHANNEL_MESSAGE_EDIT_RESPONDED` is never used[0m
   [1m[96m--> [0msrc\events.rs:264:11
    [1m[96m|[0m
[1m[96m264[0m [1m[96m|[0m pub const CHANNEL_MESSAGE_EDIT_RESPONDED: &str = "channel_message_edit_responded";
    [1m[96m|[0m           [1m[93m^^^^^^^^^^^^^^^^^^^^^^^^^^^^^^[0m

[1m[93mwarning[0m[1m[97m: constant `CHANNEL_MESSAGE_EDITED` is never used[0m
   [1m[96m--> [0msrc\events.rs:265:11
    [1m[96m|[0m
[1m[96m265[0m [1m[96m|[0m pub const CHANNEL_MESSAGE_EDITED: &str = "channel_message_edited";
    [1m[96m|[0m           [1m[93m^^^^^^^^^^^^^^^^^^^^^^[0m

[1m[93mwarning[0m[1m[97m: constant `SERVER_PICTURE_UPDATE_RESPONDED` is never used[0m
   [1m[96m--> [0msrc\events.rs:268:11
    [1m[96m|[0m
[1m[96m268[0m [1m[96m|[0m pub const SERVER_PICTURE_UPDATE_RESPONDED: &str = "server_picture_update_responded";
    [1m[96m|[0m           [1m[93m^^^^^^^^^^^^^^^^^^^^^^^^^^^^^^^[0m

[1m[93mwarning[0m[1m[97m: constant `SERVER_PICTURE_RECEIVED` is never used[0m
   [1m[96m--> [0msrc\events.rs:269:11
    [1m[96m|[0m
[1m[96m269[0m [1m[96m|[0m pub const SERVER_PICTURE_RECEIVED: &str = "server_picture_received";
    [1m[96m|[0m           [1m[93m^^^^^^^^^^^^^^^^^^^^^^^[0m

[1m[93mwarning[0m[1m[97m: constant `SERVER_PICTURE_CHANGED` is never used[0m
   [1m[96m--> [0msrc\events.rs:270:11
    [1m[96m|[0m
[1m[96m270[0m [1m[96m|[0m pub const SERVER_PICTURE_CHANGED: &str = "server_picture_changed";
    [1m[96m|[0m           [1m[93m^^^^^^^^^^^^^^^^^^^^^^[0m

[1m[93mwarning[0m[1m[97m: constant `CALL_SIGNAL` is never used[0m
   [1m[96m--> [0msrc\events.rs:275:11
    [1m[96m|[0m
[1m[96m275[0m [1m[96m|[0m pub const CALL_SIGNAL: &str = "call_signal";
    [1m[96m|[0m           [1m[93m^^^^^^^^^^^[0m

[1m[93mwarning[0m[1m[97m: constant `CALL_CONNECTED` is never used[0m
   [1m[96m--> [0msrc\events.rs:277:11
    [1m[96m|[0m
[1m[96m277[0m [1m[96m|[0m pub const CALL_CONNECTED: &str = "call_connected";
    [1m[96m|[0m           [1m[93m^^^^^^^^^^^^^^[0m

[1m[93mwarning[0m[1m[97m: constant `CALL_FAILED` is never used[0m
   [1m[96m--> [0msrc\events.rs:279:11
    [1m[96m|[0m
[1m[96m279[0m [1m[96m|[0m pub const CALL_FAILED: &str = "call_failed";
    [1m[96m|[0m           [1m[93m^^^^^^^^^^^[0m

[1m[93mwarning[0m[1m[97m: constant `CALL_DROPPED` is never used[0m
   [1m[96m--> [0msrc\events.rs:281:11
    [1m[96m|[0m
[1m[96m281[0m [1m[96m|[0m pub const CALL_DROPPED: &str = "call_dropped";
    [1m[96m|[0m           [1m[93m^^^^^^^^^^^^[0m

[1m[93mwarning[0m[1m[97m: struct `ConnectionEventPayload` is never constructed[0m
   [1m[96m--> [0msrc\events.rs:287:12
    [1m[96m|[0m
[1m[96m287[0m [1m[96m|[0m pub struct ConnectionEventPayload {
    [1m[96m|[0m            [1m[93m^^^^^^^^^^^^^^^^^^^^^^[0m

[1m[93mwarning[0m[1m[97m: struct `LoginSucceededPayload` is never constructed[0m
   [1m[96m--> [0msrc\events.rs:293:12
    [1m[96m|[0m
[1m[96m293[0m [1m[96m|[0m pub struct LoginSucceededPayload {
    [1m[96m|[0m            [1m[93m^^^^^^^^^^^^^^^^^^^^^[0m

[1m[93mwarning[0m[1m[97m: struct `LoginFailedPayload` is never constructed[0m
   [1m[96m--> [0msrc\events.rs:298:12
    [1m[96m|[0m
[1m[96m298[0m [1m[96m|[0m pub struct LoginFailedPayload {
    [1m[96m|[0m            [1m[93m^^^^^^^^^^^^^^^^^^[0m

[1m[93mwarning[0m[1m[97m: struct `RegisterRespondedPayload` is never constructed[0m
   [1m[96m--> [0msrc\events.rs:303:12
    [1m[96m|[0m
[1m[96m303[0m [1m[96m|[0m pub struct RegisterRespondedPayload {
    [1m[96m|[0m            [1m[93m^^^^^^^^^^^^^^^^^^^^^^^^[0m

[1m[93mwarning[0m[1m[97m: struct `ServerInfo` is never constructed[0m
   [1m[96m--> [0msrc\events.rs:310:12
    [1m[96m|[0m
[1m[96m310[0m [1m[96m|[0m pub struct ServerInfo {
    [1m[96m|[0m            [1m[93m^^^^^^^^^^[0m

[1m[93mwarning[0m[1m[97m: struct `ServerListReceivedPayload` is never constructed[0m
   [1m[96m--> [0msrc\events.rs:324:12
    [1m[96m|[0m
[1m[96m324[0m [1m[96m|[0m pub struct ServerListReceivedPayload {
    [1m[96m|[0m            [1m[93m^^^^^^^^^^^^^^^^^^^^^^^^^[0m

[1m[93mwarning[0m[1m[97m: struct `MembershipsReceivedPayload` is never constructed[0m
   [1m[96m--> [0msrc\events.rs:332:12
    [1m[96m|[0m
[1m[96m332[0m [1m[96m|[0m pub struct MembershipsReceivedPayload {
    [1m[96m|[0m            [1m[93m^^^^^^^^^^^^^^^^^^^^^^^^^^[0m

[1m[93mwarning[0m[1m[97m: struct `ChannelInfoPayload` is never constructed[0m
   [1m[96m--> [0msrc\events.rs:338:12
    [1m[96m|[0m
[1m[96m338[0m [1m[96m|[0m pub struct ChannelInfoPayload {
    [1m[96m|[0m            [1m[93m^^^^^^^^^^^^^^^^^^[0m

[1m[93mwarning[0m[1m[97m: struct `ChannelOverwritePayload` is never constructed[0m
   [1m[96m--> [0msrc\events.rs:360:12
    [1m[96m|[0m
[1m[96m360[0m [1m[96m|[0m pub struct ChannelOverwritePayload {
    [1m[96m|[0m            [1m[93m^^^^^^^^^^^^^^^^^^^^^^^[0m

[1m[93mwarning[0m[1m[97m: struct `ChannelOverwritesReceivedPayload` is never constructed[0m
   [1m[96m--> [0msrc\events.rs:372:12
    [1m[96m|[0m
[1m[96m372[0m [1m[96m|[0m pub struct ChannelOverwritesReceivedPayload {
    [1m[96m|[0m            [1m[93m^^^^^^^^^^^^^^^^^^^^^^^^^^^^^^^^[0m

[1m[93mwarning[0m[1m[97m: struct `AttachmentPayload` is never constructed[0m
   [1m[96m--> [0msrc\events.rs:382:12
    [1m[96m|[0m
[1m[96m382[0m [1m[96m|[0m pub struct AttachmentPayload {
    [1m[96m|[0m            [1m[93m^^^^^^^^^^^^^^^^^[0m

[1m[93mwarning[0m[1m[97m: struct `AttachmentTombstonePayload` is never constructed[0m
   [1m[96m--> [0msrc\events.rs:411:12
    [1m[96m|[0m
[1m[96m411[0m [1m[96m|[0m pub struct AttachmentTombstonePayload {
    [1m[96m|[0m            [1m[93m^^^^^^^^^^^^^^^^^^^^^^^^^^[0m

[1m[93mwarning[0m[1m[97m: struct `ChannelMessagePayload` is never constructed[0m
   [1m[96m--> [0msrc\events.rs:418:12
    [1m[96m|[0m
[1m[96m418[0m [1m[96m|[0m pub struct ChannelMessagePayload {
    [1m[96m|[0m            [1m[93m^^^^^^^^^^^^^^^^^^^^^[0m

[1m[93mwarning[0m[1m[97m: struct `EncryptedAttachmentMetaPayload` is never constructed[0m
   [1m[96m--> [0msrc\events.rs:446:12
    [1m[96m|[0m
[1m[96m446[0m [1m[96m|[0m pub struct EncryptedAttachmentMetaPayload {
    [1m[96m|[0m            [1m[93m^^^^^^^^^^^^^^^^^^^^^^^^^^^^^^[0m

[1m[93mwarning[0m[1m[97m: struct `MessageReceivedPayload` is never constructed[0m
   [1m[96m--> [0msrc\events.rs:463:12
    [1m[96m|[0m
[1m[96m463[0m [1m[96m|[0m pub struct MessageReceivedPayload {
    [1m[96m|[0m            [1m[93m^^^^^^^^^^^^^^^^^^^^^^[0m

[1m[93mwarning[0m[1m[97m: struct `ChannelHistoryReceivedPayload` is never constructed[0m
   [1m[96m--> [0msrc\events.rs:499:12
    [1m[96m|[0m
[1m[96m499[0m [1m[96m|[0m pub struct ChannelHistoryReceivedPayload {
    [1m[96m|[0m            [1m[93m^^^^^^^^^^^^^^^^^^^^^^^^^^^^^[0m

[1m[93mwarning[0m[1m[97m: struct `ChannelPrunedPayload` is never constructed[0m
   [1m[96m--> [0msrc\events.rs:511:12
    [1m[96m|[0m
[1m[96m511[0m [1m[96m|[0m pub struct ChannelPrunedPayload {
    [1m[96m|[0m            [1m[93m^^^^^^^^^^^^^^^^^^^^[0m

[1m[93mwarning[0m[1m[97m: struct `ChannelUpdatedPayload` is never constructed[0m
   [1m[96m--> [0msrc\events.rs:520:12
    [1m[96m|[0m
[1m[96m520[0m [1m[96m|[0m pub struct ChannelUpdatedPayload {
    [1m[96m|[0m            [1m[93m^^^^^^^^^^^^^^^^^^^^^[0m

[1m[93mwarning[0m[1m[97m: struct `ChannelListUpdatedPayload` is never constructed[0m
   [1m[96m--> [0msrc\events.rs:531:12
    [1m[96m|[0m
[1m[96m531[0m [1m[96m|[0m pub struct ChannelListUpdatedPayload {
    [1m[96m|[0m            [1m[93m^^^^^^^^^^^^^^^^^^^^^^^^^[0m

[1m[93mwarning[0m[1m[97m: struct `ChannelActionRespondedPayload` is never constructed[0m
   [1m[96m--> [0msrc\events.rs:538:12
    [1m[96m|[0m
[1m[96m538[0m [1m[96m|[0m pub struct ChannelActionRespondedPayload {
    [1m[96m|[0m            [1m[93m^^^^^^^^^^^^^^^^^^^^^^^^^^^^^[0m

[1m[93mwarning[0m[1m[97m: function `emit_channel_list_updated` is never used[0m
   [1m[96m--> [0msrc\events.rs:547:8
    [1m[96m|[0m
[1m[96m547[0m [1m[96m|[0m pub fn emit_channel_list_updated(payload: ChannelListUpdatedPayload) {
    [1m[96m|[0m        [1m[93m^^^^^^^^^^^^^^^^^^^^^^^^^[0m

[1m[93mwarning[0m[1m[97m: function `emit_channel_action_responded` is never used[0m
   [1m[96m--> [0msrc\events.rs:551:8
    [1m[96m|[0m
[1m[96m551[0m [1m[96m|[0m pub fn emit_channel_action_responded(payload: ChannelActionRespondedPayload) {
    [1m[96m|[0m        [1m[93m^^^^^^^^^^^^^^^^^^^^^^^^^^^^^[0m

[1m[93mwarning[0m[1m[97m: struct `ChannelWipeRespondedPayload` is never constructed[0m
   [1m[96m--> [0msrc\events.rs:557:12
    [1m[96m|[0m
[1m[96m557[0m [1m[96m|[0m pub struct ChannelWipeRespondedPayload {
    [1m[96m|[0m            [1m[93m^^^^^^^^^^^^^^^^^^^^^^^^^^^[0m

[1m[93mwarning[0m[1m[97m: struct `ChannelWipedPayload` is never constructed[0m
   [1m[96m--> [0msrc\events.rs:568:12
    [1m[96m|[0m
[1m[96m568[0m [1m[96m|[0m pub struct ChannelWipedPayload {
    [1m[96m|[0m            [1m[93m^^^^^^^^^^^^^^^^^^^[0m

[1m[93mwarning[0m[1m[97m: struct `CommunityAuthRespondedPayload` is never constructed[0m
   [1m[96m--> [0msrc\events.rs:577:12
    [1m[96m|[0m
[1m[96m577[0m [1m[96m|[0m pub struct CommunityAuthRespondedPayload {
    [1m[96m|[0m            [1m[93m^^^^^^^^^^^^^^^^^^^^^^^^^^^^^[0m

[1m[93mwarning[0m[1m[97m: function `emit_connection_lost` is never used[0m
   [1m[96m--> [0msrc\events.rs:600:8
    [1m[96m|[0m
[1m[96m600[0m [1m[96m|[0m pub fn emit_connection_lost(server_type: &str, server_id: Option<String>) {
    [1m[96m|[0m        [1m[93m^^^^^^^^^^^^^^^^^^^^[0m

[1m[93mwarning[0m[1m[97m: function `emit_connection_restored` is never used[0m
   [1m[96m--> [0msrc\events.rs:610:8
    [1m[96m|[0m
[1m[96m610[0m [1m[96m|[0m pub fn emit_connection_restored(server_type: &str, server_id: Option<String>) {
    [1m[96m|[0m        [1m[93m^^^^^^^^^^^^^^^^^^^^^^^^[0m

[1m[93mwarning[0m[1m[97m: function `emit_login_succeeded` is never used[0m
   [1m[96m--> [0msrc\events.rs:620:8
    [1m[96m|[0m
[1m[96m620[0m [1m[96m|[0m pub fn emit_login_succeeded(username: String) {
    [1m[96m|[0m        [1m[93m^^^^^^^^^^^^^^^^^^^^[0m

[1m[93mwarning[0m[1m[97m: function `emit_login_failed` is never used[0m
   [1m[96m--> [0msrc\events.rs:624:8
    [1m[96m|[0m
[1m[96m624[0m [1m[96m|[0m pub fn emit_login_failed(message: String) {
    [1m[96m|[0m        [1m[93m^^^^^^^^^^^^^^^^^[0m

[1m[93mwarning[0m[1m[97m: function `emit_register_responded` is never used[0m
   [1m[96m--> [0msrc\events.rs:628:8
    [1m[96m|[0m
[1m[96m628[0m [1m[96m|[0m pub fn emit_register_responded(success: bool, message: String) {
    [1m[96m|[0m        [1m[93m^^^^^^^^^^^^^^^^^^^^^^^[0m

[1m[93mwarning[0m[1m[97m: function `emit_logged_out` is never used[0m
   [1m[96m--> [0msrc\events.rs:635:8
    [1m[96m|[0m
[1m[96m635[0m [1m[96m|[0m pub fn emit_logged_out() {
    [1m[96m|[0m        [1m[93m^^^^^^^^^^^^^^^[0m

[1m[93mwarning[0m[1m[97m: function `emit_server_list_received` is never used[0m
   [1m[96m--> [0msrc\events.rs:639:8
    [1m[96m|[0m
[1m[96m639[0m [1m[96m|[0m pub fn emit_server_list_received(servers: Vec<ServerInfo>) {
    [1m[96m|[0m        [1m[93m^^^^^^^^^^^^^^^^^^^^^^^^^[0m

[1m[93mwarning[0m[1m[97m: function `emit_memberships_received` is never used[0m
   [1m[96m--> [0msrc\events.rs:643:8
    [1m[96m|[0m
[1m[96m643[0m [1m[96m|[0m pub fn emit_memberships_received(memberships: Vec<ServerInfo>) {
    [1m[96m|[0m        [1m[93m^^^^^^^^^^^^^^^^^^^^^^^^^[0m

[1m[93mwarning[0m[1m[97m: function `emit_community_auth_responded` is never used[0m
   [1m[96m--> [0msrc\events.rs:647:8
    [1m[96m|[0m
[1m[96m647[0m [1m[96m|[0m pub fn emit_community_auth_responded(payload: CommunityAuthRespondedPayload) {
    [1m[96m|[0m        [1m[93m^^^^^^^^^^^^^^^^^^^^^^^^^^^^^[0m

[1m[93mwarning[0m[1m[97m: function `emit_message_received` is never used[0m
   [1m[96m--> [0msrc\events.rs:651:8
    [1m[96m|[0m
[1m[96m651[0m [1m[96m|[0m pub fn emit_message_received(payload: MessageReceivedPayload) {
    [1m[96m|[0m        [1m[93m^^^^^^^^^^^^^^^^^^^^^[0m

[1m[93mwarning[0m[1m[97m: function `emit_channel_history_received` is never used[0m
   [1m[96m--> [0msrc\events.rs:655:8
    [1m[96m|[0m
[1m[96m655[0m [1m[96m|[0m pub fn emit_channel_history_received(payload: ChannelHistoryReceivedPayload) {
    [1m[96m|[0m        [1m[93m^^^^^^^^^^^^^^^^^^^^^^^^^^^^^[0m

[1m[93mwarning[0m[1m[97m: function `emit_channel_pruned` is never used[0m
   [1m[96m--> [0msrc\events.rs:659:8
    [1m[96m|[0m
[1m[96m659[0m [1m[96m|[0m pub fn emit_channel_pruned(payload: ChannelPrunedPayload) {
    [1m[96m|[0m        [1m[93m^^^^^^^^^^^^^^^^^^^[0m

[1m[93mwarning[0m[1m[97m: function `emit_channel_updated` is never used[0m
   [1m[96m--> [0msrc\events.rs:663:8
    [1m[96m|[0m
[1m[96m663[0m [1m[96m|[0m pub fn emit_channel_updated(payload: ChannelUpdatedPayload) {
    [1m[96m|[0m        [1m[93m^^^^^^^^^^^^^^^^^^^^[0m

[1m[93mwarning[0m[1m[97m: function `emit_channel_wipe_responded` is never used[0m
   [1m[96m--> [0msrc\events.rs:667:8
    [1m[96m|[0m
[1m[96m667[0m [1m[96m|[0m pub fn emit_channel_wipe_responded(payload: ChannelWipeRespondedPayload) {
    [1m[96m|[0m        [1m[93m^^^^^^^^^^^^^^^^^^^^^^^^^^^[0m

[1m[93mwarning[0m[1m[97m: function `emit_channel_wiped` is never used[0m
   [1m[96m--> [0msrc\events.rs:671:8
    [1m[96m|[0m
[1m[96m671[0m [1m[96m|[0m pub fn emit_channel_wiped(payload: ChannelWipedPayload) {
    [1m[96m|[0m        [1m[93m^^^^^^^^^^^^^^^^^^[0m

[1m[93mwarning[0m[1m[97m: struct `UserListUpdatedPayload` is never constructed[0m
   [1m[96m--> [0msrc\events.rs:679:12
    [1m[96m|[0m
[1m[96m679[0m [1m[96m|[0m pub struct UserListUpdatedPayload {
    [1m[96m|[0m            [1m[93m^^^^^^^^^^^^^^^^^^^^^^[0m

[1m[93mwarning[0m[1m[97m: struct `UserPresencePayload` is never constructed[0m
   [1m[96m--> [0msrc\events.rs:685:12
    [1m[96m|[0m
[1m[96m685[0m [1m[96m|[0m pub struct UserPresencePayload {
    [1m[96m|[0m            [1m[93m^^^^^^^^^^^^^^^^^^^[0m

[1m[93mwarning[0m[1m[97m: struct `FriendInfoPayload` is never constructed[0m
   [1m[96m--> [0msrc\events.rs:695:12
    [1m[96m|[0m
[1m[96m695[0m [1m[96m|[0m pub struct FriendInfoPayload {
    [1m[96m|[0m            [1m[93m^^^^^^^^^^^^^^^^^[0m

[1m[93mwarning[0m[1m[97m: struct `FriendListReceivedPayload` is never constructed[0m
   [1m[96m--> [0msrc\events.rs:704:12
    [1m[96m|[0m
[1m[96m704[0m [1m[96m|[0m pub struct FriendListReceivedPayload {
    [1m[96m|[0m            [1m[93m^^^^^^^^^^^^^^^^^^^^^^^^^[0m

[1m[93mwarning[0m[1m[97m: struct `FriendActionRespondedPayload` is never constructed[0m
   [1m[96m--> [0msrc\events.rs:709:12
    [1m[96m|[0m
[1m[96m709[0m [1m[96m|[0m pub struct FriendActionRespondedPayload {
    [1m[96m|[0m            [1m[93m^^^^^^^^^^^^^^^^^^^^^^^^^^^^[0m

[1m[93mwarning[0m[1m[97m: function `emit_user_list_updated` is never used[0m
   [1m[96m--> [0msrc\events.rs:714:8
    [1m[96m|[0m
[1m[96m714[0m [1m[96m|[0m pub fn emit_user_list_updated(users: Vec<UserPresencePayload>) {
    [1m[96m|[0m        [1m[93m^^^^^^^^^^^^^^^^^^^^^^[0m

[1m[93mwarning[0m[1m[97m: function `emit_friend_list_received` is never used[0m
   [1m[96m--> [0msrc\events.rs:718:8
    [1m[96m|[0m
[1m[96m718[0m [1m[96m|[0m pub fn emit_friend_list_received(friends: Vec<FriendInfoPayload>) {
    [1m[96m|[0m        [1m[93m^^^^^^^^^^^^^^^^^^^^^^^^^[0m

[1m[93mwarning[0m[1m[97m: function `emit_friend_action_responded` is never used[0m
   [1m[96m--> [0msrc\events.rs:722:8
    [1m[96m|[0m
[1m[96m722[0m [1m[96m|[0m pub fn emit_friend_action_responded(success: bool, message: String) {
    [1m[96m|[0m        [1m[93m^^^^^^^^^^^^^^^^^^^^^^^^^^^^[0m

[1m[93mwarning[0m[1m[97m: struct `MemberInfoPayload` is never constructed[0m
   [1m[96m--> [0msrc\events.rs:733:12
    [1m[96m|[0m
[1m[96m733[0m [1m[96m|[0m pub struct MemberInfoPayload {
    [1m[96m|[0m            [1m[93m^^^^^^^^^^^^^^^^^[0m

[1m[93mwarning[0m[1m[97m: struct `MemberListReceivedPayload` is never constructed[0m
   [1m[96m--> [0msrc\events.rs:748:12
    [1m[96m|[0m
[1m[96m748[0m [1m[96m|[0m pub struct MemberListReceivedPayload {
    [1m[96m|[0m            [1m[93m^^^^^^^^^^^^^^^^^^^^^^^^^[0m

[1m[93mwarning[0m[1m[97m: struct `MemberUpsertPayload` is never constructed[0m
   [1m[96m--> [0msrc\events.rs:765:12
    [1m[96m|[0m
[1m[96m765[0m [1m[96m|[0m pub struct MemberUpsertPayload {
    [1m[96m|[0m            [1m[93m^^^^^^^^^^^^^^^^^^^[0m

[1m[93mwarning[0m[1m[97m: struct `MemberRemovePayload` is never constructed[0m
   [1m[96m--> [0msrc\events.rs:773:12
    [1m[96m|[0m
[1m[96m773[0m [1m[96m|[0m pub struct MemberRemovePayload {
    [1m[96m|[0m            [1m[93m^^^^^^^^^^^^^^^^^^^[0m

[1m[93mwarning[0m[1m[97m: struct `BanListReceivedPayload` is never constructed[0m
   [1m[96m--> [0msrc\events.rs:781:12
    [1m[96m|[0m
[1m[96m781[0m [1m[96m|[0m pub struct BanListReceivedPayload {
    [1m[96m|[0m            [1m[93m^^^^^^^^^^^^^^^^^^^^^^[0m

[1m[93mwarning[0m[1m[97m: struct `ModActionRespondedPayload` is never constructed[0m
   [1m[96m--> [0msrc\events.rs:791:12
    [1m[96m|[0m
[1m[96m791[0m [1m[96m|[0m pub struct ModActionRespondedPayload {
    [1m[96m|[0m            [1m[93m^^^^^^^^^^^^^^^^^^^^^^^^^[0m

[1m[93mwarning[0m[1m[97m: struct `ChannelMessageRejectedPayload` is never constructed[0m
   [1m[96m--> [0msrc\events.rs:805:12
    [1m[96m|[0m
[1m[96m805[0m [1m[96m|[0m pub struct ChannelMessageRejectedPayload {
    [1m[96m|[0m            [1m[93m^^^^^^^^^^^^^^^^^^^^^^^^^^^^^[0m

[1m[93mwarning[0m[1m[97m: struct `MembershipRevokedPayload` is never constructed[0m
   [1m[96m--> [0msrc\events.rs:814:12
    [1m[96m|[0m
[1m[96m814[0m [1m[96m|[0m pub struct MembershipRevokedPayload {
    [1m[96m|[0m            [1m[93m^^^^^^^^^^^^^^^^^^^^^^^^[0m

[1m[93mwarning[0m[1m[97m: struct `ServerMetaUpdatedPayload` is never constructed[0m
   [1m[96m--> [0msrc\events.rs:825:12
    [1m[96m|[0m
[1m[96m825[0m [1m[96m|[0m pub struct ServerMetaUpdatedPayload {
    [1m[96m|[0m            [1m[93m^^^^^^^^^^^^^^^^^^^^^^^^[0m

[1m[93mwarning[0m[1m[97m: struct `ServerUpdateRespondedPayload` is never constructed[0m
   [1m[96m--> [0msrc\events.rs:835:12
    [1m[96m|[0m
[1m[96m835[0m [1m[96m|[0m pub struct ServerUpdateRespondedPayload {
    [1m[96m|[0m            [1m[93m^^^^^^^^^^^^^^^^^^^^^^^^^^^^[0m

[1m[93mwarning[0m[1m[97m: struct `AuditEntryPayload` is never constructed[0m
   [1m[96m--> [0msrc\events.rs:843:12
    [1m[96m|[0m
[1m[96m843[0m [1m[96m|[0m pub struct AuditEntryPayload {
    [1m[96m|[0m            [1m[93m^^^^^^^^^^^^^^^^^[0m

[1m[93mwarning[0m[1m[97m: struct `AuditLogReceivedPayload` is never constructed[0m
   [1m[96m--> [0msrc\events.rs:855:12
    [1m[96m|[0m
[1m[96m855[0m [1m[96m|[0m pub struct AuditLogReceivedPayload {
    [1m[96m|[0m            [1m[93m^^^^^^^^^^^^^^^^^^^^^^^[0m

[1m[93mwarning[0m[1m[97m: struct `StorageKindUsagePayload` is never constructed[0m
   [1m[96m--> [0msrc\events.rs:865:12
    [1m[96m|[0m
[1m[96m865[0m [1m[96m|[0m pub struct StorageKindUsagePayload {
    [1m[96m|[0m            [1m[93m^^^^^^^^^^^^^^^^^^^^^^^[0m

[1m[93mwarning[0m[1m[97m: struct `StorageChannelUsagePayload` is never constructed[0m
   [1m[96m--> [0msrc\events.rs:873:12
    [1m[96m|[0m
[1m[96m873[0m [1m[96m|[0m pub struct StorageChannelUsagePayload {
    [1m[96m|[0m            [1m[93m^^^^^^^^^^^^^^^^^^^^^^^^^^[0m

[1m[93mwarning[0m[1m[97m: struct `StorageLargestItemPayload` is never constructed[0m
   [1m[96m--> [0msrc\events.rs:881:12
    [1m[96m|[0m
[1m[96m881[0m [1m[96m|[0m pub struct StorageLargestItemPayload {
    [1m[96m|[0m            [1m[93m^^^^^^^^^^^^^^^^^^^^^^^^^[0m

[1m[93mwarning[0m[1m[97m: struct `StorageInfoReceivedPayload` is never constructed[0m
   [1m[96m--> [0msrc\events.rs:891:12
    [1m[96m|[0m
[1m[96m891[0m [1m[96m|[0m pub struct StorageInfoReceivedPayload {
    [1m[96m|[0m            [1m[93m^^^^^^^^^^^^^^^^^^^^^^^^^^[0m

[1m[93mwarning[0m[1m[97m: struct `VoiceForceNotifyPayload` is never constructed[0m
   [1m[96m--> [0msrc\events.rs:909:12
    [1m[96m|[0m
[1m[96m909[0m [1m[96m|[0m pub struct VoiceForceNotifyPayload {
    [1m[96m|[0m            [1m[93m^^^^^^^^^^^^^^^^^^^^^^^[0m

[1m[93mwarning[0m[1m[97m: struct `BanInfoPayload` is never constructed[0m
   [1m[96m--> [0msrc\events.rs:919:12
    [1m[96m|[0m
[1m[96m919[0m [1m[96m|[0m pub struct BanInfoPayload {
    [1m[96m|[0m            [1m[93m^^^^^^^^^^^^^^[0m

[1m[93mwarning[0m[1m[97m: struct `RoleInfoPayload` is never constructed[0m
   [1m[96m--> [0msrc\events.rs:931:12
    [1m[96m|[0m
[1m[96m931[0m [1m[96m|[0m pub struct RoleInfoPayload {
    [1m[96m|[0m            [1m[93m^^^^^^^^^^^^^^^[0m

[1m[93mwarning[0m[1m[97m: struct `RoleListReceivedPayload` is never constructed[0m
   [1m[96m--> [0msrc\events.rs:946:12
    [1m[96m|[0m
[1m[96m946[0m [1m[96m|[0m pub struct RoleListReceivedPayload {
    [1m[96m|[0m            [1m[93m^^^^^^^^^^^^^^^^^^^^^^^[0m

[1m[93mwarning[0m[1m[97m: struct `RoleActionRespondedPayload` is never constructed[0m
   [1m[96m--> [0msrc\events.rs:956:12
    [1m[96m|[0m
[1m[96m956[0m [1m[96m|[0m pub struct RoleActionRespondedPayload {
    [1m[96m|[0m            [1m[93m^^^^^^^^^^^^^^^^^^^^^^^^^^[0m

[1m[93mwarning[0m[1m[97m: function `emit_role_list_received` is never used[0m
   [1m[96m--> [0msrc\events.rs:965:8
    [1m[96m|[0m
[1m[96m965[0m [1m[96m|[0m pub fn emit_role_list_received(payload: RoleListReceivedPayload) {
    [1m[96m|[0m        [1m[93m^^^^^^^^^^^^^^^^^^^^^^^[0m

[1m[93mwarning[0m[1m[97m: function `emit_member_upsert` is never used[0m
   [1m[96m--> [0msrc\events.rs:969:8
    [1m[96m|[0m
[1m[96m969[0m [1m[96m|[0m pub fn emit_member_upsert(payload: MemberUpsertPayload) {
    [1m[96m|[0m        [1m[93m^^^^^^^^^^^^^^^^^^[0m

[1m[93mwarning[0m[1m[97m: function `emit_member_remove` is never used[0m
   [1m[96m--> [0msrc\events.rs:973:8
    [1m[96m|[0m
[1m[96m973[0m [1m[96m|[0m pub fn emit_member_remove(payload: MemberRemovePayload) {
    [1m[96m|[0m        [1m[93m^^^^^^^^^^^^^^^^^^[0m

[1m[93mwarning[0m[1m[97m: function `emit_ban_list_received` is never used[0m
   [1m[96m--> [0msrc\events.rs:977:8
    [1m[96m|[0m
[1m[96m977[0m [1m[96m|[0m pub fn emit_ban_list_received(payload: BanListReceivedPayload) {
    [1m[96m|[0m        [1m[93m^^^^^^^^^^^^^^^^^^^^^^[0m

[1m[93mwarning[0m[1m[97m: function `emit_server_meta_updated` is never used[0m
   [1m[96m--> [0msrc\events.rs:981:8
    [1m[96m|[0m
[1m[96m981[0m [1m[96m|[0m pub fn emit_server_meta_updated(payload: ServerMetaUpdatedPayload) {
    [1m[96m|[0m        [1m[93m^^^^^^^^^^^^^^^^^^^^^^^^[0m

[1m[93mwarning[0m[1m[97m: function `emit_server_update_responded` is never used[0m
   [1m[96m--> [0msrc\events.rs:985:8
    [1m[96m|[0m
[1m[96m985[0m [1m[96m|[0m pub fn emit_server_update_responded(payload: ServerUpdateRespondedPayload) {
    [1m[96m|[0m        [1m[93m^^^^^^^^^^^^^^^^^^^^^^^^^^^^[0m

[1m[93mwarning[0m[1m[97m: function `emit_audit_log_received` is never used[0m
   [1m[96m--> [0msrc\events.rs:989:8
    [1m[96m|[0m
[1m[96m989[0m [1m[96m|[0m pub fn emit_audit_log_received(payload: AuditLogReceivedPayload) {
    [1m[96m|[0m        [1m[93m^^^^^^^^^^^^^^^^^^^^^^^[0m

[1m[93mwarning[0m[1m[97m: function `emit_storage_info_received` is never used[0m
   [1m[96m--> [0msrc\events.rs:993:8
    [1m[96m|[0m
[1m[96m993[0m [1m[96m|[0m pub fn emit_storage_info_received(payload: StorageInfoReceivedPayload) {
    [1m[96m|[0m        [1m[93m^^^^^^^^^^^^^^^^^^^^^^^^^^[0m

[1m[93mwarning[0m[1m[97m: function `emit_voice_force_notify` is never used[0m
   [1m[96m--> [0msrc\events.rs:997:8
    [1m[96m|[0m
[1m[96m997[0m [1m[96m|[0m pub fn emit_voice_force_notify(payload: VoiceForceNotifyPayload) {
    [1m[96m|[0m        [1m[93m^^^^^^^^^^^^^^^^^^^^^^^[0m

[1m[93mwarning[0m[1m[97m: function `emit_channel_overwrites_received` is never used[0m
    [1m[96m--> [0msrc\events.rs:1001:8
     [1m[96m|[0m
[1m[96m1001[0m [1m[96m|[0m pub fn emit_channel_overwrites_received(payload: ChannelOverwritesReceivedPayload) {
     [1m[96m|[0m        [1m[93m^^^^^^^^^^^^^^^^^^^^^^^^^^^^^^^^[0m

[1m[93mwarning[0m[1m[97m: function `emit_role_action_responded` is never used[0m
    [1m[96m--> [0msrc\events.rs:1005:8
     [1m[96m|[0m
[1m[96m1005[0m [1m[96m|[0m pub fn emit_role_action_responded(payload: RoleActionRespondedPayload) {
     [1m[96m|[0m        [1m[93m^^^^^^^^^^^^^^^^^^^^^^^^^^[0m

[1m[93mwarning[0m[1m[97m: function `emit_member_list_received` is never used[0m
    [1m[96m--> [0msrc\events.rs:1009:8
     [1m[96m|[0m
[1m[96m1009[0m [1m[96m|[0m pub fn emit_member_list_received(payload: MemberListReceivedPayload) {
     [1m[96m|[0m        [1m[93m^^^^^^^^^^^^^^^^^^^^^^^^^[0m

[1m[93mwarning[0m[1m[97m: function `emit_mod_action_responded` is never used[0m
    [1m[96m--> [0msrc\events.rs:1013:8
     [1m[96m|[0m
[1m[96m1013[0m [1m[96m|[0m pub fn emit_mod_action_responded(payload: ModActionRespondedPayload) {
     [1m[96m|[0m        [1m[93m^^^^^^^^^^^^^^^^^^^^^^^^^[0m

[1m[93mwarning[0m[1m[97m: function `emit_channel_message_rejected` is never used[0m
    [1m[96m--> [0msrc\events.rs:1017:8
     [1m[96m|[0m
[1m[96m1017[0m [1m[96m|[0m pub fn emit_channel_message_rejected(payload: ChannelMessageRejectedPayload) {
     [1m[96m|[0m        [1m[93m^^^^^^^^^^^^^^^^^^^^^^^^^^^^^[0m

[1m[93mwarning[0m[1m[97m: function `emit_membership_revoked` is never used[0m
    [1m[96m--> [0msrc\events.rs:1021:8
     [1m[96m|[0m
[1m[96m1021[0m [1m[96m|[0m pub fn emit_membership_revoked(payload: MembershipRevokedPayload) {
     [1m[96m|[0m        [1m[93m^^^^^^^^^^^^^^^^^^^^^^^[0m

[1m[93mwarning[0m[1m[97m: struct `InviteInfoPayload` is never constructed[0m
    [1m[96m--> [0msrc\events.rs:1029:12
     [1m[96m|[0m
[1m[96m1029[0m [1m[96m|[0m pub struct InviteInfoPayload {
     [1m[96m|[0m            [1m[93m^^^^^^^^^^^^^^^^^[0m

[1m[93mwarning[0m[1m[97m: struct `InviteListReceivedPayload` is never constructed[0m
    [1m[96m--> [0msrc\events.rs:1042:12
     [1m[96m|[0m
[1m[96m1042[0m [1m[96m|[0m pub struct InviteListReceivedPayload {
     [1m[96m|[0m            [1m[93m^^^^^^^^^^^^^^^^^^^^^^^^^[0m

[1m[93mwarning[0m[1m[97m: struct `InviteCreateRespondedPayload` is never constructed[0m
    [1m[96m--> [0msrc\events.rs:1051:12
     [1m[96m|[0m
[1m[96m1051[0m [1m[96m|[0m pub struct InviteCreateRespondedPayload {
     [1m[96m|[0m            [1m[93m^^^^^^^^^^^^^^^^^^^^^^^^^^^^[0m

[1m[93mwarning[0m[1m[97m: struct `InviteRevokeRespondedPayload` is never constructed[0m
    [1m[96m--> [0msrc\events.rs:1060:12
     [1m[96m|[0m
[1m[96m1060[0m [1m[96m|[0m pub struct InviteRevokeRespondedPayload {
     [1m[96m|[0m            [1m[93m^^^^^^^^^^^^^^^^^^^^^^^^^^^^[0m

[1m[93mwarning[0m[1m[97m: function `emit_invite_list_received` is never used[0m
    [1m[96m--> [0msrc\events.rs:1067:8
     [1m[96m|[0m
[1m[96m1067[0m [1m[96m|[0m pub fn emit_invite_list_received(payload: InviteListReceivedPayload) {
     [1m[96m|[0m        [1m[93m^^^^^^^^^^^^^^^^^^^^^^^^^[0m

[1m[93mwarning[0m[1m[97m: function `emit_invite_create_responded` is never used[0m
    [1m[96m--> [0msrc\events.rs:1071:8
     [1m[96m|[0m
[1m[96m1071[0m [1m[96m|[0m pub fn emit_invite_create_responded(payload: InviteCreateRespondedPayload) {
     [1m[96m|[0m        [1m[93m^^^^^^^^^^^^^^^^^^^^^^^^^^^^[0m

[1m[93mwarning[0m[1m[97m: function `emit_invite_revoke_responded` is never used[0m
    [1m[96m--> [0msrc\events.rs:1075:8
     [1m[96m|[0m
[1m[96m1075[0m [1m[96m|[0m pub fn emit_invite_revoke_responded(payload: InviteRevokeRespondedPayload) {
     [1m[96m|[0m        [1m[93m^^^^^^^^^^^^^^^^^^^^^^^^^^^^[0m

[1m[93mwarning[0m[1m[97m: struct `VoiceUserStatePayload` is never constructed[0m
    [1m[96m--> [0msrc\events.rs:1083:12
     [1m[96m|[0m
[1m[96m1083[0m [1m[96m|[0m pub struct VoiceUserStatePayload {
     [1m[96m|[0m            [1m[93m^^^^^^^^^^^^^^^^^^^^^[0m

[1m[93mwarning[0m[1m[97m: struct `CodecCapabilityPayload` is never constructed[0m
    [1m[96m--> [0msrc\events.rs:1094:12
     [1m[96m|[0m
[1m[96m1094[0m [1m[96m|[0m pub struct CodecCapabilityPayload {
     [1m[96m|[0m            [1m[93m^^^^^^^^^^^^^^^^^^^^^^[0m

[1m[93mwarning[0m[1m[97m: struct `ClientCapabilitiesPayload` is never constructed[0m
    [1m[96m--> [0msrc\events.rs:1103:12
     [1m[96m|[0m
[1m[96m1103[0m [1m[96m|[0m pub struct ClientCapabilitiesPayload {
     [1m[96m|[0m            [1m[93m^^^^^^^^^^^^^^^^^^^^^^^^^[0m

[1m[93mwarning[0m[1m[97m: struct `VoicePresenceUpdatedPayload` is never constructed[0m
    [1m[96m--> [0msrc\events.rs:1110:12
     [1m[96m|[0m
[1m[96m1110[0m [1m[96m|[0m pub struct VoicePresenceUpdatedPayload {
     [1m[96m|[0m            [1m[93m^^^^^^^^^^^^^^^^^^^^^^^^^^^[0m

[1m[93mwarning[0m[1m[97m: struct `VoiceStateChangedPayload` is never constructed[0m
    [1m[96m--> [0msrc\events.rs:1123:12
     [1m[96m|[0m
[1m[96m1123[0m [1m[96m|[0m pub struct VoiceStateChangedPayload {
     [1m[96m|[0m            [1m[93m^^^^^^^^^^^^^^^^^^^^^^^^[0m

[1m[93mwarning[0m[1m[97m: struct `VoiceUserSpeakingPayload` is never constructed[0m
    [1m[96m--> [0msrc\events.rs:1130:12
     [1m[96m|[0m
[1m[96m1130[0m [1m[96m|[0m pub struct VoiceUserSpeakingPayload {
     [1m[96m|[0m            [1m[93m^^^^^^^^^^^^^^^^^^^^^^^^[0m

[1m[93mwarning[0m[1m[97m: struct `VoiceUserStateChangedPayload` is never constructed[0m
    [1m[96m--> [0msrc\events.rs:1137:12
     [1m[96m|[0m
[1m[96m1137[0m [1m[96m|[0m pub struct VoiceUserStateChangedPayload {
     [1m[96m|[0m            [1m[93m^^^^^^^^^^^^^^^^^^^^^^^^^^^^[0m

[1m[93mwarning[0m[1m[97m: struct `VoiceInputLevelPayload` is never constructed[0m
    [1m[96m--> [0msrc\events.rs:1144:12
     [1m[96m|[0m
[1m[96m1144[0m [1m[96m|[0m pub struct VoiceInputLevelPayload {
     [1m[96m|[0m            [1m[93m^^^^^^^^^^^^^^^^^^^^^^[0m

[1m[93mwarning[0m[1m[97m: struct `VoicePingUpdatedPayload` is never constructed[0m
    [1m[96m--> [0msrc\events.rs:1150:12
     [1m[96m|[0m
[1m[96m1150[0m [1m[96m|[0m pub struct VoicePingUpdatedPayload {
     [1m[96m|[0m            [1m[93m^^^^^^^^^^^^^^^^^^^^^^^[0m

[1m[93mwarning[0m[1m[97m: struct `VoiceConnectionStatsPayload` is never constructed[0m
    [1m[96m--> [0msrc\events.rs:1156:12
     [1m[96m|[0m
[1m[96m1156[0m [1m[96m|[0m pub struct VoiceConnectionStatsPayload {
     [1m[96m|[0m            [1m[93m^^^^^^^^^^^^^^^^^^^^^^^^^^^[0m

[1m[93mwarning[0m[1m[97m: struct `VoiceErrorPayload` is never constructed[0m
    [1m[96m--> [0msrc\events.rs:1162:12
     [1m[96m|[0m
[1m[96m1162[0m [1m[96m|[0m pub struct VoiceErrorPayload {
     [1m[96m|[0m            [1m[93m^^^^^^^^^^^^^^^^^[0m

[1m[93mwarning[0m[1m[97m: function `emit_voice_presence_updated` is never used[0m
    [1m[96m--> [0msrc\events.rs:1166:8
     [1m[96m|[0m
[1m[96m1166[0m [1m[96m|[0m pub fn emit_voice_presence_updated(payload: VoicePresenceUpdatedPayload) {
     [1m[96m|[0m        [1m[93m^^^^^^^^^^^^^^^^^^^^^^^^^^^[0m

[1m[93mwarning[0m[1m[97m: function `emit_voice_state_changed` is never used[0m
    [1m[96m--> [0msrc\events.rs:1170:8
     [1m[96m|[0m
[1m[96m1170[0m [1m[96m|[0m pub fn emit_voice_state_changed(is_muted: bool, is_deafened: bool) {
     [1m[96m|[0m        [1m[93m^^^^^^^^^^^^^^^^^^^^^^^^[0m

[1m[93mwarning[0m[1m[97m: function `emit_voice_user_speaking` is never used[0m
    [1m[96m--> [0msrc\events.rs:1180:8
     [1m[96m|[0m
[1m[96m1180[0m [1m[96m|[0m pub fn emit_voice_user_speaking(username: String, speaking: bool) {
     [1m[96m|[0m        [1m[93m^^^^^^^^^^^^^^^^^^^^^^^^[0m

[1m[93mwarning[0m[1m[97m: function `emit_voice_user_state_changed` is never used[0m
    [1m[96m--> [0msrc\events.rs:1187:8
     [1m[96m|[0m
[1m[96m1187[0m [1m[96m|[0m pub fn emit_voice_user_state_changed(username: String, is_muted: bool, is_deafened: bool) {
     [1m[96m|[0m        [1m[93m^^^^^^^^^^^^^^^^^^^^^^^^^^^^^[0m

[1m[93mwarning[0m[1m[97m: function `emit_voice_input_level` is never used[0m
    [1m[96m--> [0msrc\events.rs:1198:8
     [1m[96m|[0m
[1m[96m1198[0m [1m[96m|[0m pub fn emit_voice_input_level(db: f32) {
     [1m[96m|[0m        [1m[93m^^^^^^^^^^^^^^^^^^^^^^[0m

[1m[93mwarning[0m[1m[97m: function `emit_voice_ping_updated` is never used[0m
    [1m[96m--> [0msrc\events.rs:1202:8
     [1m[96m|[0m
[1m[96m1202[0m [1m[96m|[0m pub fn emit_voice_ping_updated(latency_ms: u32) {
     [1m[96m|[0m        [1m[93m^^^^^^^^^^^^^^^^^^^^^^^[0m

[1m[93mwarning[0m[1m[97m: function `emit_voice_connection_stats` is never used[0m
    [1m[96m--> [0msrc\events.rs:1206:8
     [1m[96m|[0m
[1m[96m1206[0m [1m[96m|[0m pub fn emit_voice_connection_stats(latency_ms: Option<u32>, packet_loss_pct: f32) {
     [1m[96m|[0m        [1m[93m^^^^^^^^^^^^^^^^^^^^^^^^^^^[0m

[1m[93mwarning[0m[1m[97m: function `emit_voice_error` is never used[0m
    [1m[96m--> [0msrc\events.rs:1216:8
     [1m[96m|[0m
[1m[96m1216[0m [1m[96m|[0m pub fn emit_voice_error(message: String) {
     [1m[96m|[0m        [1m[93m^^^^^^^^^^^^^^^^[0m

[1m[93mwarning[0m[1m[97m: struct `StreamInfoPayload` is never constructed[0m
    [1m[96m--> [0msrc\events.rs:1224:12
     [1m[96m|[0m
[1m[96m1224[0m [1m[96m|[0m pub struct StreamInfoPayload {
     [1m[96m|[0m            [1m[93m^^^^^^^^^^^^^^^^^[0m

[1m[93mwarning[0m[1m[97m: struct `StreamPresenceUpdatedPayload` is never constructed[0m
    [1m[96m--> [0msrc\events.rs:1244:12
     [1m[96m|[0m
[1m[96m1244[0m [1m[96m|[0m pub struct StreamPresenceUpdatedPayload {
     [1m[96m|[0m            [1m[93m^^^^^^^^^^^^^^^^^^^^^^^^^^^^[0m

[1m[93mwarning[0m[1m[97m: struct `StreamCodecChangedPayload` is never constructed[0m
    [1m[96m--> [0msrc\events.rs:1252:12
     [1m[96m|[0m
[1m[96m1252[0m [1m[96m|[0m pub struct StreamCodecChangedPayload {
     [1m[96m|[0m            [1m[93m^^^^^^^^^^^^^^^^^^^^^^^^^[0m

[1m[93mwarning[0m[1m[97m: function `emit_stream_presence_updated` is never used[0m
    [1m[96m--> [0msrc\events.rs:1275:8
     [1m[96m|[0m
[1m[96m1275[0m [1m[96m|[0m pub fn emit_stream_presence_updated(
     [1m[96m|[0m        [1m[93m^^^^^^^^^^^^^^^^^^^^^^^^^^^^[0m

[1m[93mwarning[0m[1m[97m: function `emit_stream_thumbnail_updated` is never used[0m
    [1m[96m--> [0msrc\events.rs:1293:8
     [1m[96m|[0m
[1m[96m1293[0m [1m[96m|[0m pub fn emit_stream_thumbnail_updated(owner_username: String, thumbnail_data: Vec<u8>) {
     [1m[96m|[0m        [1m[93m^^^^^^^^^^^^^^^^^^^^^^^^^^^^^[0m

[1m[93mwarning[0m[1m[97m: function `emit_stream_codec_changed` is never used[0m
    [1m[96m--> [0msrc\events.rs:1306:8
     [1m[96m|[0m
[1m[96m1306[0m [1m[96m|[0m pub fn emit_stream_codec_changed(payload: StreamCodecChangedPayload) {
     [1m[96m|[0m        [1m[93m^^^^^^^^^^^^^^^^^^^^^^^^^[0m

[1m[93mwarning[0m[1m[97m: struct `DmConversationPreviewPayload` is never constructed[0m
    [1m[96m--> [0msrc\events.rs:1326:12
     [1m[96m|[0m
[1m[96m1326[0m [1m[96m|[0m pub struct DmConversationPreviewPayload {
     [1m[96m|[0m            [1m[93m^^^^^^^^^^^^^^^^^^^^^^^^^^^^[0m

[1m[93mwarning[0m[1m[97m: struct `DmConversationsReceivedPayload` is never constructed[0m
    [1m[96m--> [0msrc\events.rs:1340:12
     [1m[96m|[0m
[1m[96m1340[0m [1m[96m|[0m pub struct DmConversationsReceivedPayload {
     [1m[96m|[0m            [1m[93m^^^^^^^^^^^^^^^^^^^^^^^^^^^^^^[0m

[1m[93mwarning[0m[1m[97m: struct `DmHistoryMessagePayload` is never constructed[0m
    [1m[96m--> [0msrc\events.rs:1346:12
     [1m[96m|[0m
[1m[96m1346[0m [1m[96m|[0m pub struct DmHistoryMessagePayload {
     [1m[96m|[0m            [1m[93m^^^^^^^^^^^^^^^^^^^^^^^[0m

[1m[93mwarning[0m[1m[97m: struct `DmHistoryReceivedPayload` is never constructed[0m
    [1m[96m--> [0msrc\events.rs:1364:12
     [1m[96m|[0m
[1m[96m1364[0m [1m[96m|[0m pub struct DmHistoryReceivedPayload {
     [1m[96m|[0m            [1m[93m^^^^^^^^^^^^^^^^^^^^^^^^[0m

[1m[93mwarning[0m[1m[97m: function `emit_dm_conversations_received` is never used[0m
    [1m[96m--> [0msrc\events.rs:1376:8
     [1m[96m|[0m
[1m[96m1376[0m [1m[96m|[0m pub fn emit_dm_conversations_received(payload: DmConversationsReceivedPayload) {
     [1m[96m|[0m        [1m[93m^^^^^^^^^^^^^^^^^^^^^^^^^^^^^^[0m

[1m[93mwarning[0m[1m[97m: function `emit_dm_history_received` is never used[0m
    [1m[96m--> [0msrc\events.rs:1380:8
     [1m[96m|[0m
[1m[96m1380[0m [1m[96m|[0m pub fn emit_dm_history_received(payload: DmHistoryReceivedPayload) {
     [1m[96m|[0m        [1m[93m^^^^^^^^^^^^^^^^^^^^^^^^[0m

[1m[93mwarning[0m[1m[97m: struct `DmMessageDeleteRespondedPayload` is never constructed[0m
    [1m[96m--> [0msrc\events.rs:1388:12
     [1m[96m|[0m
[1m[96m1388[0m [1m[96m|[0m pub struct DmMessageDeleteRespondedPayload {
     [1m[96m|[0m            [1m[93m^^^^^^^^^^^^^^^^^^^^^^^^^^^^^^^[0m

[1m[93mwarning[0m[1m[97m: struct `DmMessageDeletedPayload` is never constructed[0m
    [1m[96m--> [0msrc\events.rs:1397:12
     [1m[96m|[0m
[1m[96m1397[0m [1m[96m|[0m pub struct DmMessageDeletedPayload {
     [1m[96m|[0m            [1m[93m^^^^^^^^^^^^^^^^^^^^^^^[0m

[1m[93mwarning[0m[1m[97m: struct `ChannelMessageDeleteRespondedPayload` is never constructed[0m
    [1m[96m--> [0msrc\events.rs:1405:12
     [1m[96m|[0m
[1m[96m1405[0m [1m[96m|[0m pub struct ChannelMessageDeleteRespondedPayload {
     [1m[96m|[0m            [1m[93m^^^^^^^^^^^^^^^^^^^^^^^^^^^^^^^^^^^^[0m

[1m[93mwarning[0m[1m[97m: struct `ChannelMessageDeletedPayload` is never constructed[0m
    [1m[96m--> [0msrc\events.rs:1415:12
     [1m[96m|[0m
[1m[96m1415[0m [1m[96m|[0m pub struct ChannelMessageDeletedPayload {
     [1m[96m|[0m            [1m[93m^^^^^^^^^^^^^^^^^^^^^^^^^^^^[0m

[1m[93mwarning[0m[1m[97m: function `emit_dm_message_delete_responded` is never used[0m
    [1m[96m--> [0msrc\events.rs:1423:8
     [1m[96m|[0m
[1m[96m1423[0m [1m[96m|[0m pub fn emit_dm_message_delete_responded(payload: DmMessageDeleteRespondedPayload) {
     [1m[96m|[0m        [1m[93m^^^^^^^^^^^^^^^^^^^^^^^^^^^^^^^^[0m

[1m[93mwarning[0m[1m[97m: function `emit_dm_message_deleted` is never used[0m
    [1m[96m--> [0msrc\events.rs:1427:8
     [1m[96m|[0m
[1m[96m1427[0m [1m[96m|[0m pub fn emit_dm_message_deleted(payload: DmMessageDeletedPayload) {
     [1m[96m|[0m        [1m[93m^^^^^^^^^^^^^^^^^^^^^^^[0m

[1m[93mwarning[0m[1m[97m: function `emit_channel_message_delete_responded` is never used[0m
    [1m[96m--> [0msrc\events.rs:1431:8
     [1m[96m|[0m
[1m[96m1431[0m [1m[96m|[0m pub fn emit_channel_message_delete_responded(payload: ChannelMessageDeleteRespondedPayload) {
     [1m[96m|[0m        [1m[93m^^^^^^^^^^^^^^^^^^^^^^^^^^^^^^^^^^^^^[0m

[1m[93mwarning[0m[1m[97m: function `emit_channel_message_deleted` is never used[0m
    [1m[96m--> [0msrc\events.rs:1435:8
     [1m[96m|[0m
[1m[96m1435[0m [1m[96m|[0m pub fn emit_channel_message_deleted(payload: ChannelMessageDeletedPayload) {
     [1m[96m|[0m        [1m[93m^^^^^^^^^^^^^^^^^^^^^^^^^^^^[0m

[1m[93mwarning[0m[1m[97m: struct `DmMessageEditRespondedPayload` is never constructed[0m
    [1m[96m--> [0msrc\events.rs:1443:12
     [1m[96m|[0m
[1m[96m1443[0m [1m[96m|[0m pub struct DmMessageEditRespondedPayload {
     [1m[96m|[0m            [1m[93m^^^^^^^^^^^^^^^^^^^^^^^^^^^^^[0m

[1m[93mwarning[0m[1m[97m: struct `DmMessageEditedPayload` is never constructed[0m
    [1m[96m--> [0msrc\events.rs:1452:12
     [1m[96m|[0m
[1m[96m1452[0m [1m[96m|[0m pub struct DmMessageEditedPayload {
     [1m[96m|[0m            [1m[93m^^^^^^^^^^^^^^^^^^^^^^[0m

[1m[93mwarning[0m[1m[97m: struct `E2eeStatusPayload` is never constructed[0m
    [1m[96m--> [0msrc\events.rs:1469:12
     [1m[96m|[0m
[1m[96m1469[0m [1m[96m|[0m pub struct E2eeStatusPayload {
     [1m[96m|[0m            [1m[93m^^^^^^^^^^^^^^^^^[0m

[1m[93mwarning[0m[1m[97m: struct `E2eePeerChangedPayload` is never constructed[0m
    [1m[96m--> [0msrc\events.rs:1482:12
     [1m[96m|[0m
[1m[96m1482[0m [1m[96m|[0m pub struct E2eePeerChangedPayload {
     [1m[96m|[0m            [1m[93m^^^^^^^^^^^^^^^^^^^^^^[0m

[1m[93mwarning[0m[1m[97m: function `emit_e2ee_status_changed` is never used[0m
    [1m[96m--> [0msrc\events.rs:1488:8
     [1m[96m|[0m
[1m[96m1488[0m [1m[96m|[0m pub fn emit_e2ee_status_changed(payload: E2eeStatusPayload) {
     [1m[96m|[0m        [1m[93m^^^^^^^^^^^^^^^^^^^^^^^^[0m

[1m[93mwarning[0m[1m[97m: function `emit_e2ee_peer_changed` is never used[0m
    [1m[96m--> [0msrc\events.rs:1492:8
     [1m[96m|[0m
[1m[96m1492[0m [1m[96m|[0m pub fn emit_e2ee_peer_changed(payload: E2eePeerChangedPayload) {
     [1m[96m|[0m        [1m[93m^^^^^^^^^^^^^^^^^^^^^^[0m

[1m[93mwarning[0m[1m[97m: struct `VoiceE2eeStatePayload` is never constructed[0m
    [1m[96m--> [0msrc\events.rs:1501:12
     [1m[96m|[0m
[1m[96m1501[0m [1m[96m|[0m pub struct VoiceE2eeStatePayload {
     [1m[96m|[0m            [1m[93m^^^^^^^^^^^^^^^^^^^^^[0m

[1m[93mwarning[0m[1m[97m: function `emit_voice_e2ee_state` is never used[0m
    [1m[96m--> [0msrc\events.rs:1511:8
     [1m[96m|[0m
[1m[96m1511[0m [1m[96m|[0m pub fn emit_voice_e2ee_state(payload: VoiceE2eeStatePayload) {
     [1m[96m|[0m        [1m[93m^^^^^^^^^^^^^^^^^^^^^[0m

[1m[93mwarning[0m[1m[97m: struct `ChannelMessageEditRespondedPayload` is never constructed[0m
    [1m[96m--> [0msrc\events.rs:1517:12
     [1m[96m|[0m
[1m[96m1517[0m [1m[96m|[0m pub struct ChannelMessageEditRespondedPayload {
     [1m[96m|[0m            [1m[93m^^^^^^^^^^^^^^^^^^^^^^^^^^^^^^^^^^[0m

[1m[93mwarning[0m[1m[97m: struct `ChannelMessageEditedPayload` is never constructed[0m
    [1m[96m--> [0msrc\events.rs:1527:12
     [1m[96m|[0m
[1m[96m1527[0m [1m[96m|[0m pub struct ChannelMessageEditedPayload {
     [1m[96m|[0m            [1m[93m^^^^^^^^^^^^^^^^^^^^^^^^^^^[0m

[1m[93mwarning[0m[1m[97m: function `emit_dm_message_edit_responded` is never used[0m
    [1m[96m--> [0msrc\events.rs:1541:8
     [1m[96m|[0m
[1m[96m1541[0m [1m[96m|[0m pub fn emit_dm_message_edit_responded(payload: DmMessageEditRespondedPayload) {
     [1m[96m|[0m        [1m[93m^^^^^^^^^^^^^^^^^^^^^^^^^^^^^^[0m

[1m[93mwarning[0m[1m[97m: function `emit_dm_message_edited` is never used[0m
    [1m[96m--> [0msrc\events.rs:1545:8
     [1m[96m|[0m
[1m[96m1545[0m [1m[96m|[0m pub fn emit_dm_message_edited(payload: DmMessageEditedPayload) {
     [1m[96m|[0m        [1m[93m^^^^^^^^^^^^^^^^^^^^^^[0m

[1m[93mwarning[0m[1m[97m: function `emit_channel_message_edit_responded` is never used[0m
    [1m[96m--> [0msrc\events.rs:1549:8
     [1m[96m|[0m
[1m[96m1549[0m [1m[96m|[0m pub fn emit_channel_message_edit_responded(payload: ChannelMessageEditRespondedPayload) {
     [1m[96m|[0m        [1m[93m^^^^^^^^^^^^^^^^^^^^^^^^^^^^^^^^^^^[0m

[1m[93mwarning[0m[1m[97m: function `emit_channel_message_edited` is never used[0m
    [1m[96m--> [0msrc\events.rs:1553:8
     [1m[96m|[0m
[1m[96m1553[0m [1m[96m|[0m pub fn emit_channel_message_edited(payload: ChannelMessageEditedPayload) {
     [1m[96m|[0m        [1m[93m^^^^^^^^^^^^^^^^^^^^^^^^^^^[0m

[1m[93mwarning[0m[1m[97m: struct `ServerPictureUpdateRespondedPayload` is never constructed[0m
    [1m[96m--> [0msrc\events.rs:1561:12
     [1m[96m|[0m
[1m[96m1561[0m [1m[96m|[0m pub struct ServerPictureUpdateRespondedPayload {
     [1m[96m|[0m            [1m[93m^^^^^^^^^^^^^^^^^^^^^^^^^^^^^^^^^^^[0m

[1m[93mwarning[0m[1m[97m: struct `ServerPictureReceivedPayload` is never constructed[0m
    [1m[96m--> [0msrc\events.rs:1570:12
     [1m[96m|[0m
[1m[96m1570[0m [1m[96m|[0m pub struct ServerPictureReceivedPayload {
     [1m[96m|[0m            [1m[93m^^^^^^^^^^^^^^^^^^^^^^^^^^^^[0m

[1m[93mwarning[0m[1m[97m: struct `ServerPictureChangedPayload` is never constructed[0m
    [1m[96m--> [0msrc\events.rs:1580:12
     [1m[96m|[0m
[1m[96m1580[0m [1m[96m|[0m pub struct ServerPictureChangedPayload {
     [1m[96m|[0m            [1m[93m^^^^^^^^^^^^^^^^^^^^^^^^^^^[0m

[1m[93mwarning[0m[1m[97m: function `emit_server_picture_update_responded` is never used[0m
    [1m[96m--> [0msrc\events.rs:1585:8
     [1m[96m|[0m
[1m[96m1585[0m [1m[96m|[0m pub fn emit_server_picture_update_responded(payload: ServerPictureUpdateRespondedPayload) {
     [1m[96m|[0m        [1m[93m^^^^^^^^^^^^^^^^^^^^^^^^^^^^^^^^^^^^[0m

[1m[93mwarning[0m[1m[97m: function `emit_server_picture_received` is never used[0m
    [1m[96m--> [0msrc\events.rs:1589:8
     [1m[96m|[0m
[1m[96m1589[0m [1m[96m|[0m pub fn emit_server_picture_received(payload: ServerPictureReceivedPayload) {
     [1m[96m|[0m        [1m[93m^^^^^^^^^^^^^^^^^^^^^^^^^^^^[0m

[1m[93mwarning[0m[1m[97m: function `emit_server_picture_changed` is never used[0m
    [1m[96m--> [0msrc\events.rs:1593:8
     [1m[96m|[0m
[1m[96m1593[0m [1m[96m|[0m pub fn emit_server_picture_changed(payload: ServerPictureChangedPayload) {
     [1m[96m|[0m        [1m[93m^^^^^^^^^^^^^^^^^^^^^^^^^^^[0m

[1m[93mwarning[0m[1m[97m: function `bytes_to_data_url` is never used[0m
    [1m[96m--> [0msrc\events.rs:1600:8
     [1m[96m|[0m
[1m[96m1600[0m [1m[96m|[0m pub fn bytes_to_data_url(bytes: &[u8]) -> String {
     [1m[96m|[0m        [1m[93m^^^^^^^^^^^^^^^^^[0m

[1m[93mwarning[0m[1m[97m: struct `CallCandidatePayload` is never constructed[0m
    [1m[96m--> [0msrc\events.rs:1622:12
     [1m[96m|[0m
[1m[96m1622[0m [1m[96m|[0m pub struct CallCandidatePayload {
     [1m[96m|[0m            [1m[93m^^^^^^^^^^^^^^^^^^^^[0m

[1m[93mwarning[0m[1m[97m: struct `CallStreamMetaPayload` is never constructed[0m
    [1m[96m--> [0msrc\events.rs:1633:12
     [1m[96m|[0m
[1m[96m1633[0m [1m[96m|[0m pub struct CallStreamMetaPayload {
     [1m[96m|[0m            [1m[93m^^^^^^^^^^^^^^^^^^^^^[0m

[1m[93mwarning[0m[1m[97m: struct `CallSignalPayload` is never constructed[0m
    [1m[96m--> [0msrc\events.rs:1646:12
     [1m[96m|[0m
[1m[96m1646[0m [1m[96m|[0m pub struct CallSignalPayload {
     [1m[96m|[0m            [1m[93m^^^^^^^^^^^^^^^^^[0m

[1m[93mwarning[0m[1m[97m: struct `CallConnectedPayload` is never constructed[0m
    [1m[96m--> [0msrc\events.rs:1665:12
     [1m[96m|[0m
[1m[96m1665[0m [1m[96m|[0m pub struct CallConnectedPayload {
     [1m[96m|[0m            [1m[93m^^^^^^^^^^^^^^^^^^^^[0m

[1m[93mwarning[0m[1m[97m: struct `CallFailedPayload` is never constructed[0m
    [1m[96m--> [0msrc\events.rs:1678:12
     [1m[96m|[0m
[1m[96m1678[0m [1m[96m|[0m pub struct CallFailedPayload {
     [1m[96m|[0m            [1m[93m^^^^^^^^^^^^^^^^^[0m

[1m[93mwarning[0m[1m[97m: struct `CallDroppedPayload` is never constructed[0m
    [1m[96m--> [0msrc\events.rs:1687:12
     [1m[96m|[0m
[1m[96m1687[0m [1m[96m|[0m pub struct CallDroppedPayload {
     [1m[96m|[0m            [1m[93m^^^^^^^^^^^^^^^^^^[0m

[1m[93mwarning[0m[1m[97m: function `emit_call_signal` is never used[0m
    [1m[96m--> [0msrc\events.rs:1692:8
     [1m[96m|[0m
[1m[96m1692[0m [1m[96m|[0m pub fn emit_call_signal(p: CallSignalPayload) { send(CALL_SIGNAL, p); }
     [1m[96m|[0m        [1m[93m^^^^^^^^^^^^^^^^[0m

[1m[93mwarning[0m[1m[97m: function `emit_call_connected` is never used[0m
    [1m[96m--> [0msrc\events.rs:1693:8
     [1m[96m|[0m
[1m[96m1693[0m [1m[96m|[0m pub fn emit_call_connected(p: CallConnectedPayload) { send(CALL_CONNECTED, p); }
     [1m[96m|[0m        [1m[93m^^^^^^^^^^^^^^^^^^^[0m

[1m[93mwarning[0m[1m[97m: function `emit_call_failed` is never used[0m
    [1m[96m--> [0msrc\events.rs:1694:8
     [1m[96m|[0m
[1m[96m1694[0m [1m[96m|[0m pub fn emit_call_failed(p: CallFailedPayload) { send(CALL_FAILED, p); }
     [1m[96m|[0m        [1m[93m^^^^^^^^^^^^^^^^[0m

[1m[93mwarning[0m[1m[97m: function `emit_call_dropped` is never used[0m
    [1m[96m--> [0msrc\events.rs:1695:8
     [1m[96m|[0m
[1m[96m1695[0m [1m[96m|[0m pub fn emit_call_dropped(p: CallDroppedPayload) { send(CALL_DROPPED, p); }
     [1m[96m|[0m        [1m[93m^^^^^^^^^^^^^^^^^[0m

[1m[93mwarning[0m[1m[97m: function `watch_stream_add` is never used[0m
   [1m[96m--> [0msrc\media\mod.rs:123:8
    [1m[96m|[0m
[1m[96m123[0m [1m[96m|[0m pub fn watch_stream_add(username: &str) {
    [1m[96m|[0m        [1m[93m^^^^^^^^^^^^^^^^[0m

[1m[93mwarning[0m[1m[97m: function `watch_stream_remove` is never used[0m
   [1m[96m--> [0msrc\media\mod.rs:134:8
    [1m[96m|[0m
[1m[96m134[0m [1m[96m|[0m pub fn watch_stream_remove(username: &str) {
    [1m[96m|[0m        [1m[93m^^^^^^^^^^^^^^^^^^^[0m

[1m[93mwarning[0m[1m[97m: function `is_watched` is never used[0m
   [1m[96m--> [0msrc\media\mod.rs:149:15
    [1m[96m|[0m
[1m[96m149[0m [1m[96m|[0m pub(crate) fn is_watched(username: &str) -> bool {
    [1m[96m|[0m               [1m[93m^^^^^^^^^^[0m

[1m[93mwarning[0m[1m[97m: fields `voice_socket`, `media_socket`, `sender_id`, `is_muted`, `is_deafened`, and `was_muted_before_deafen` are never read[0m
   [1m[96m--> [0msrc\media\mod.rs:171:5
    [1m[96m|[0m
[1m[96m159[0m [1m[96m|[0m pub struct VoiceEngine {
    [1m[96m|[0m            [1m[96m-----------[0m [1m[96mfields in this struct[0m
[1m[96m...[0m
[1m[96m171[0m [1m[96m|[0m     voice_socket: Arc<MediaSocket>,
    [1m[96m|[0m     [1m[93m^^^^^^^^^^^^[0m
[1m[96m172[0m [1m[96m|[0m     media_socket: Arc<MediaSocket>,
    [1m[96m|[0m     [1m[93m^^^^^^^^^^^^[0m
[1m[96m173[0m [1m[96m|[0m     sender_id: String,
    [1m[96m|[0m     [1m[93m^^^^^^^^^[0m
[1m[96m174[0m [1m[96m|[0m     is_muted: bool,
    [1m[96m|[0m     [1m[93m^^^^^^^^[0m
[1m[96m175[0m [1m[96m|[0m     is_deafened: bool,
    [1m[96m|[0m     [1m[93m^^^^^^^^^^^[0m
[1m[96m176[0m [1m[96m|[0m     was_muted_before_deafen: bool,
    [1m[96m|[0m     [1m[93m^^^^^^^^^^^^^^^^^^^^^^^[0m

[1m[93mwarning[0m[1m[97m: multiple associated items are never used[0m
   [1m[96m--> [0msrc\media\mod.rs:180:12
    [1m[96m|[0m
[1m[96m179[0m [1m[96m|[0m impl VoiceEngine {
    [1m[96m|[0m [1m[96m----------------[0m [1m[96massociated items in this implementation[0m
[1m[96m180[0m [1m[96m|[0m     pub fn start(
    [1m[96m|[0m            [1m[93m^^^^^[0m
[1m[96m...[0m
[1m[96m237[0m [1m[96m|[0m     pub fn start_p2p(
    [1m[96m|[0m            [1m[93m^^^^^^^^^[0m
[1m[96m...[0m
[1m[96m258[0m [1m[96m|[0m     fn start_with_sockets(
    [1m[96m|[0m        [1m[93m^^^^^^^^^^^^^^^^^^[0m
[1m[96m...[0m
[1m[96m460[0m [1m[96m|[0m     pub fn set_mute(&mut self, muted: bool) {
    [1m[96m|[0m            [1m[93m^^^^^^^^[0m
[1m[96m...[0m
[1m[96m465[0m [1m[96m|[0m     pub fn set_deafen(&mut self, deafened: bool) {
    [1m[96m|[0m            [1m[93m^^^^^^^^^^[0m
[1m[96m...[0m
[1m[96m476[0m [1m[96m|[0m     pub fn set_voice_threshold(&self, db: f32) {
    [1m[96m|[0m            [1m[93m^^^^^^^^^^^^^^^^^^^[0m
[1m[96m...[0m
[1m[96m481[0m [1m[96m|[0m     pub fn set_voice_bitrate(&self, bps: i32) {
    [1m[96m|[0m            [1m[93m^^^^^^^^^^^^^^^^^[0m
[1m[96m...[0m
[1m[96m485[0m [1m[96m|[0m     pub fn set_stream_volume(&self, volume: f32) {
    [1m[96m|[0m            [1m[93m^^^^^^^^^^^^^^^^^[0m
[1m[96m...[0m
[1m[96m489[0m [1m[96m|[0m     pub fn set_stream_stereo(&self, enabled: bool) {
    [1m[96m|[0m            [1m[93m^^^^^^^^^^^^^^^^^[0m
[1m[96m...[0m
[1m[96m493[0m [1m[96m|[0m     pub fn set_input_device(&self, name: Option<String>) {
    [1m[96m|[0m            [1m[93m^^^^^^^^^^^^^^^^[0m
[1m[96m...[0m
[1m[96m497[0m [1m[96m|[0m     pub fn set_output_device(&self, name: Option<String>) {
    [1m[96m|[0m            [1m[93m^^^^^^^^^^^^^^^^^[0m
[1m[96m...[0m
[1m[96m501[0m [1m[96m|[0m     pub fn set_separate_stream_output(&self, enabled: bool, device: Option<String>) {
    [1m[96m|[0m            [1m[93m^^^^^^^^^^^^^^^^^^^^^^^^^^[0m
[1m[96m...[0m
[1m[96m506[0m [1m[96m|[0m     pub fn set_stream_output_device(&self, name: Option<String>) {
    [1m[96m|[0m            [1m[93m^^^^^^^^^^^^^^^^^^^^^^^^[0m
[1m[96m...[0m
[1m[96m511[0m [1m[96m|[0m     pub fn set_user_volume(&self, username: String, gain: f32) {
    [1m[96m|[0m            [1m[93m^^^^^^^^^^^^^^^[0m
[1m[96m...[0m
[1m[96m515[0m [1m[96m|[0m     pub fn set_aec_enabled(&self, enabled: bool) {
    [1m[96m|[0m            [1m[93m^^^^^^^^^^^^^^^[0m
[1m[96m...[0m
[1m[96m519[0m [1m[96m|[0m     pub fn set_noise_suppression_level(&self, level: u8) {
    [1m[96m|[0m            [1m[93m^^^^^^^^^^^^^^^^^^^^^^^^^^^[0m
[1m[96m...[0m
[1m[96m524[0m [1m[96m|[0m     pub fn set_agc_enabled(&self, enabled: bool) {
    [1m[96m|[0m            [1m[93m^^^^^^^^^^^^^^^[0m
[1m[96m...[0m
[1m[96m528[0m [1m[96m|[0m     pub fn is_muted(&self) -> bool {
    [1m[96m|[0m            [1m[93m^^^^^^^^[0m
[1m[96m...[0m
[1m[96m532[0m [1m[96m|[0m     pub fn is_deafened(&self) -> bool {
    [1m[96m|[0m            [1m[93m^^^^^^^^^^^[0m
[1m[96m...[0m
[1m[96m536[0m [1m[96m|[0m     pub fn muted_before_deafen(&self) -> bool {
    [1m[96m|[0m            [1m[93m^^^^^^^^^^^^^^^^^^^[0m
[1m[96m...[0m
[1m[96m540[0m [1m[96m|[0m     pub fn set_muted_before_deafen(&mut self, v: bool) {
    [1m[96m|[0m            [1m[93m^^^^^^^^^^^^^^^^^^^^^^^[0m
[1m[96m...[0m
[1m[96m544[0m [1m[96m|[0m     pub fn voice_socket(&self) -> Arc<MediaSocket> {
    [1m[96m|[0m            [1m[93m^^^^^^^^^^^^[0m
[1m[96m...[0m
[1m[96m548[0m [1m[96m|[0m     pub fn media_socket(&self) -> Arc<MediaSocket> {
    [1m[96m|[0m            [1m[93m^^^^^^^^^^^^[0m
[1m[96m...[0m
[1m[96m554[0m [1m[96m|[0m     pub fn voice_last_rx_age(&self) -> std::time::Duration {
    [1m[96m|[0m            [1m[93m^^^^^^^^^^^^^^^^^[0m
[1m[96m...[0m
[1m[96m558[0m [1m[96m|[0m     pub fn sender_id(&self) -> &str {
    [1m[96m|[0m            [1m[93m^^^^^^^^^[0m

[1m[93mwarning[0m[1m[97m: function `run_video_recv_thread` is never used[0m
   [1m[96m--> [0msrc\media\mod.rs:573:4
    [1m[96m|[0m
[1m[96m573[0m [1m[96m|[0m fn run_video_recv_thread(
    [1m[96m|[0m    [1m[93m^^^^^^^^^^^^^^^^^^^^^[0m

[1m[93mwarning[0m[1m[97m: field `self_username` is never read[0m
   [1m[96m--> [0msrc\media\mod.rs:790:5
    [1m[96m|[0m
[1m[96m788[0m [1m[96m|[0m pub struct VideoEngine {
    [1m[96m|[0m            [1m[96m-----------[0m [1m[96mfield in this struct[0m
[1m[96m789[0m [1m[96m|[0m     sender: Arc<video_pipeline::VideoSender>,
[1m[96m790[0m [1m[96m|[0m     self_username: String,
    [1m[96m|[0m     [1m[93m^^^^^^^^^^^^^[0m

[1m[93mwarning[0m[1m[97m: variants `Wgc` and `Dxgi` are never constructed[0m
   [1m[96m--> [0msrc\media\mod.rs:832:5
    [1m[96m|[0m
[1m[96m831[0m [1m[96m|[0m enum WinCapture {
    [1m[96m|[0m      [1m[96m----------[0m [1m[96mvariants in this enum[0m
[1m[96m832[0m [1m[96m|[0m     Wgc(capture_wgc::Capture),
    [1m[96m|[0m     [1m[93m^^^[0m
[1m[96m833[0m [1m[96m|[0m     Dxgi(capture_dxgi::Capture),
    [1m[96m|[0m     [1m[93m^^^^[0m

[1m[93mwarning[0m[1m[97m: associated items `start`, `set_send_socket`, `start_windows`, `request_keyframe`, `send_encoded_frame`, and `self_username` are never used[0m
    [1m[96m--> [0msrc\media\mod.rs:851:12
     [1m[96m|[0m
[1m[96m 846[0m [1m[96m|[0m impl VideoEngine {
     [1m[96m|[0m [1m[96m----------------[0m [1m[96massociated items in this implementation[0m
[1m[96m...[0m
[1m[96m 851[0m [1m[96m|[0m     pub fn start(
     [1m[96m|[0m            [1m[93m^^^^^[0m
[1m[96m...[0m
[1m[96m 887[0m [1m[96m|[0m     pub fn set_send_socket(&self, socket: Arc<MediaSocket>) {
     [1m[96m|[0m            [1m[93m^^^^^^^^^^^^^^^[0m
[1m[96m...[0m
[1m[96m 897[0m [1m[96m|[0m     pub fn start_windows(
     [1m[96m|[0m            [1m[93m^^^^^^^^^^^^^[0m
[1m[96m...[0m
[1m[96m1027[0m [1m[96m|[0m     pub fn request_keyframe(&self) {
     [1m[96m|[0m            [1m[93m^^^^^^^^^^^^^^^^[0m
[1m[96m...[0m
[1m[96m1150[0m [1m[96m|[0m     pub fn send_encoded_frame(
     [1m[96m|[0m            [1m[93m^^^^^^^^^^^^^^^^^^[0m
[1m[96m...[0m
[1m[96m1159[0m [1m[96m|[0m     pub fn self_username(&self) -> &str {
     [1m[96m|[0m            [1m[93m^^^^^^^^^^^^^[0m

[1m[93mwarning[0m[1m[97m: associated items `start`, `set_filter`, and `set_socket` are never used[0m
    [1m[96m--> [0msrc\media\mod.rs:1203:12
     [1m[96m|[0m
[1m[96m1202[0m [1m[96m|[0m impl AudioStreamEngine {
     [1m[96m|[0m [1m[96m----------------------[0m [1m[96massociated items in this implementation[0m
[1m[96m1203[0m [1m[96m|[0m     pub fn start(
     [1m[96m|[0m            [1m[93m^^^^^[0m
[1m[96m...[0m
[1m[96m1266[0m [1m[96m|[0m     pub fn set_filter(&self, filter: stream_audio_filter::StreamAudioFilter) {
     [1m[96m|[0m            [1m[93m^^^^^^^^^^[0m
[1m[96m...[0m
[1m[96m1274[0m [1m[96m|[0m     pub fn set_socket(&self, socket: Arc<MediaSocket>) {
     [1m[96m|[0m            [1m[93m^^^^^^^^^^[0m

[1m[93mwarning[0m[1m[97m: function `configure_udp_socket` is never used[0m
    [1m[96m--> [0msrc\media\mod.rs:1293:15
     [1m[96m|[0m
[1m[96m1293[0m [1m[96m|[0m pub(crate) fn configure_udp_socket(socket: &UdpSocket) {
     [1m[96m|[0m               [1m[93m^^^^^^^^^^^^^^^^^^^^[0m

[1m[93mwarning[0m[1m[97m: type alias `PeerList` is never used[0m
  [1m[96m--> [0msrc\media\audio_device.rs:16:10
   [1m[96m|[0m
[1m[96m16[0m [1m[96m|[0m pub type PeerList = Arc<ArcSwap<Vec<PeerOutput>>>;
   [1m[96m|[0m          [1m[93m^^^^^^^^[0m

[1m[93mwarning[0m[1m[97m: function `make_sinc_resampler` is never used[0m
  [1m[96m--> [0msrc\media\audio_device.rs:21:8
   [1m[96m|[0m
[1m[96m21[0m [1m[96m|[0m pub fn make_sinc_resampler(from_rate: u32, to_rate: u32, chunk_size: usize, channels: usize) -> SincFixedOut<f64> {
   [1m[96m|[0m        [1m[93m^^^^^^^^^^^^^^^^^^^[0m

[1m[93mwarning[0m[1m[97m: function `default_comms_device_name` is never used[0m
  [1m[96m--> [0msrc\media\audio_device.rs:46:4
   [1m[96m|[0m
[1m[96m46[0m [1m[96m|[0m fn default_comms_device_name(input: bool) -> Option<String> {
   [1m[96m|[0m    [1m[93m^^^^^^^^^^^^^^^^^^^^^^^^^[0m

[1m[93mwarning[0m[1m[97m: function `get_default_device` is never used[0m
  [1m[96m--> [0msrc\media\audio_device.rs:82:8
   [1m[96m|[0m
[1m[96m82[0m [1m[96m|[0m pub fn get_default_device(host: &cpal::Host, input: bool) -> Option<cpal::Device> {
   [1m[96m|[0m        [1m[93m^^^^^^^^^^^^^^^^^^[0m

[1m[93mwarning[0m[1m[97m: function `resolve_capture_device` is never used[0m
   [1m[96m--> [0msrc\media\audio_device.rs:179:4
    [1m[96m|[0m
[1m[96m179[0m [1m[96m|[0m fn resolve_capture_device(host: &cpal::Host, device_name: Option<&str>) -> Option<cpal::Device> {
    [1m[96m|[0m    [1m[93m^^^^^^^^^^^^^^^^^^^^^^[0m

[1m[93mwarning[0m[1m[97m: function `resolve_playback_device` is never used[0m
   [1m[96m--> [0msrc\media\audio_device.rs:202:4
    [1m[96m|[0m
[1m[96m202[0m [1m[96m|[0m fn resolve_playback_device(host: &cpal::Host, device_name: Option<&str>) -> Option<cpal::Device> {
    [1m[96m|[0m    [1m[93m^^^^^^^^^^^^^^^^^^^^^^^[0m

[1m[93mwarning[0m[1m[97m: function `soft_clip` is never used[0m
   [1m[96m--> [0msrc\media\audio_device.rs:239:15
    [1m[96m|[0m
[1m[96m239[0m [1m[96m|[0m pub(crate) fn soft_clip(x: f32) -> f32 {
    [1m[96m|[0m               [1m[93m^^^^^^^^^[0m

[1m[93mwarning[0m[1m[97m: struct `OutputPullStats` is never constructed[0m
   [1m[96m--> [0msrc\media\audio_device.rs:257:12
    [1m[96m|[0m
[1m[96m257[0m [1m[96m|[0m pub struct OutputPullStats {
    [1m[96m|[0m            [1m[93m^^^^^^^^^^^^^^^[0m

[1m[93mwarning[0m[1m[97m: multiple associated items are never used[0m
   [1m[96m--> [0msrc\media\audio_device.rs:273:12
    [1m[96m|[0m
[1m[96m272[0m [1m[96m|[0m impl OutputPullStats {
    [1m[96m|[0m [1m[96m--------------------[0m [1m[96massociated items in this implementation[0m
[1m[96m273[0m [1m[96m|[0m     pub fn new(tap: Option<Arc<std::sync::Mutex<HeapProd<i16>>>>) -> Self {
    [1m[96m|[0m            [1m[93m^^^[0m
[1m[96m...[0m
[1m[96m285[0m [1m[96m|[0m     fn record(&self, frames: usize) {
    [1m[96m|[0m        [1m[93m^^^^^^[0m
[1m[96m...[0m
[1m[96m298[0m [1m[96m|[0m     fn note_short(&self) {
    [1m[96m|[0m        [1m[93m^^^^^^^^^^[0m
[1m[96m...[0m
[1m[96m302[0m [1m[96m|[0m     pub fn take_recent_max(&self) -> usize {
    [1m[96m|[0m            [1m[93m^^^^^^^^^^^^^^^[0m
[1m[96m...[0m
[1m[96m305[0m [1m[96m|[0m     pub fn take_max_gap_us(&self) -> u64 {
    [1m[96m|[0m            [1m[93m^^^^^^^^^^^^^^^[0m
[1m[96m...[0m
[1m[96m308[0m [1m[96m|[0m     pub fn short_pulls(&self) -> u64 {
    [1m[96m|[0m            [1m[93m^^^^^^^^^^^[0m
[1m[96m...[0m
[1m[96m311[0m [1m[96m|[0m     pub fn callbacks(&self) -> u64 {
    [1m[96m|[0m            [1m[93m^^^^^^^^^[0m
[1m[96m...[0m
[1m[96m315[0m [1m[96m|[0m     fn tap_push(&self, mono: f32) {
    [1m[96m|[0m        [1m[93m^^^^^^^^[0m

[1m[93mwarning[0m[1m[97m: function `capture_stream_err` is never used[0m
   [1m[96m--> [0msrc\media\audio_device.rs:324:4
    [1m[96m|[0m
[1m[96m324[0m [1m[96m|[0m fn capture_stream_err(e: cpal::StreamError) {
    [1m[96m|[0m    [1m[93m^^^^^^^^^^^^^^^^^^[0m

[1m[93mwarning[0m[1m[97m: function `playback_stream_err` is never used[0m
   [1m[96m--> [0msrc\media\audio_device.rs:327:4
    [1m[96m|[0m
[1m[96m327[0m [1m[96m|[0m fn playback_stream_err(e: cpal::StreamError) {
    [1m[96m|[0m    [1m[93m^^^^^^^^^^^^^^^^^^^[0m

[1m[93mwarning[0m[1m[97m: function `input_config` is never used[0m
   [1m[96m--> [0msrc\media\audio_device.rs:334:4
    [1m[96m|[0m
[1m[96m334[0m [1m[96m|[0m fn input_config(device: &cpal::Device) -> (cpal::StreamConfig, u16, cpal::SampleFormat) {
    [1m[96m|[0m    [1m[93m^^^^^^^^^^^^[0m

[1m[93mwarning[0m[1m[97m: function `output_config` is never used[0m
   [1m[96m--> [0msrc\media\audio_device.rs:363:4
    [1m[96m|[0m
[1m[96m363[0m [1m[96m|[0m fn output_config(device: &cpal::Device, label: &str) -> (cpal::StreamConfig, u16, cpal::SampleFormat) {
    [1m[96m|[0m    [1m[93m^^^^^^^^^^^^^[0m

[1m[93mwarning[0m[1m[97m: function `default_stream_config` is never used[0m
   [1m[96m--> [0msrc\media\audio_device.rs:387:4
    [1m[96m|[0m
[1m[96m387[0m [1m[96m|[0m fn default_stream_config(channels: u16) -> cpal::StreamConfig {
    [1m[96m|[0m    [1m[93m^^^^^^^^^^^^^^^^^^^^^[0m

[1m[93mwarning[0m[1m[97m: function `preferred_buffer_frames` is never used[0m
   [1m[96m--> [0msrc\media\audio_device.rs:402:4
    [1m[96m|[0m
[1m[96m402[0m [1m[96m|[0m fn preferred_buffer_frames(rate: u32) -> u32 {
    [1m[96m|[0m    [1m[93m^^^^^^^^^^^^^^^^^^^^^^^[0m

[1m[93mwarning[0m[1m[97m: function `input_capture_cb` is never used[0m
   [1m[96m--> [0msrc\media\audio_device.rs:431:4
    [1m[96m|[0m
[1m[96m431[0m [1m[96m|[0m fn input_capture_cb<T>(
    [1m[96m|[0m    [1m[93m^^^^^^^^^^^^^^^^[0m

[1m[93mwarning[0m[1m[97m: function `build_input_stream_fmt` is never used[0m
   [1m[96m--> [0msrc\media\audio_device.rs:462:4
    [1m[96m|[0m
[1m[96m462[0m [1m[96m|[0m fn build_input_stream_fmt(
    [1m[96m|[0m    [1m[93m^^^^^^^^^^^^^^^^^^^^^^[0m

[1m[93mwarning[0m[1m[97m: function `build_input_stream` is never used[0m
   [1m[96m--> [0msrc\media\audio_device.rs:488:8
    [1m[96m|[0m
[1m[96m488[0m [1m[96m|[0m pub fn build_input_stream(
    [1m[96m|[0m        [1m[93m^^^^^^^^^^^^^^^^^^[0m

[1m[93mwarning[0m[1m[97m: function `pop_voice_sum` is never used[0m
   [1m[96m--> [0msrc\media\audio_device.rs:522:4
    [1m[96m|[0m
[1m[96m522[0m [1m[96m|[0m fn pop_voice_sum(guards: &mut [std::sync::MutexGuard<HeapCons<i16>>]) -> i32 {
    [1m[96m|[0m    [1m[93m^^^^^^^^^^^^^[0m

[1m[93mwarning[0m[1m[97m: function `output_mix_cb` is never used[0m
   [1m[96m--> [0msrc\media\audio_device.rs:533:4
    [1m[96m|[0m
[1m[96m533[0m [1m[96m|[0m fn output_mix_cb<T>(
    [1m[96m|[0m    [1m[93m^^^^^^^^^^^^^[0m

[1m[93mwarning[0m[1m[97m: function `voice_only_cb` is never used[0m
   [1m[96m--> [0msrc\media\audio_device.rs:602:4
    [1m[96m|[0m
[1m[96m602[0m [1m[96m|[0m fn voice_only_cb<T>(
    [1m[96m|[0m    [1m[93m^^^^^^^^^^^^^[0m

[1m[93mwarning[0m[1m[97m: function `stream_only_cb` is never used[0m
   [1m[96m--> [0msrc\media\audio_device.rs:637:4
    [1m[96m|[0m
[1m[96m637[0m [1m[96m|[0m fn stream_only_cb<T>(
    [1m[96m|[0m    [1m[93m^^^^^^^^^^^^^^[0m

[1m[93mwarning[0m[1m[97m: function `build_output_stream` is never used[0m
   [1m[96m--> [0msrc\media\audio_device.rs:699:8
    [1m[96m|[0m
[1m[96m699[0m [1m[96m|[0m pub fn build_output_stream(
    [1m[96m|[0m        [1m[93m^^^^^^^^^^^^^^^^^^^[0m

[1m[93mwarning[0m[1m[97m: function `build_voice_output_stream` is never used[0m
   [1m[96m--> [0msrc\media\audio_device.rs:743:8
    [1m[96m|[0m
[1m[96m743[0m [1m[96m|[0m pub fn build_voice_output_stream(
    [1m[96m|[0m        [1m[93m^^^^^^^^^^^^^^^^^^^^^^^^^[0m

[1m[93mwarning[0m[1m[97m: function `build_stream_output_stream` is never used[0m
   [1m[96m--> [0msrc\media\audio_device.rs:778:8
    [1m[96m|[0m
[1m[96m778[0m [1m[96m|[0m pub fn build_stream_output_stream(
    [1m[96m|[0m        [1m[93m^^^^^^^^^^^^^^^^^^^^^^^^^^[0m

[1m[93mwarning[0m[1m[97m: variant `SetSocket` is never constructed[0m
  [1m[96m--> [0msrc\media\audio_stream_pipeline.rs:15:5
   [1m[96m|[0m
[1m[96m11[0m [1m[96m|[0m pub enum AudioStreamControl {
   [1m[96m|[0m          [1m[96m------------------[0m [1m[96mvariant in this enum[0m
[1m[96m...[0m
[1m[96m15[0m [1m[96m|[0m     SetSocket(Arc<MediaSocket>),
   [1m[96m|[0m     [1m[93m^^^^^^^^^[0m

[1m[93mwarning[0m[1m[97m: enum `AudioStreamEvent` is never used[0m
  [1m[96m--> [0msrc\media\audio_stream_pipeline.rs:18:10
   [1m[96m|[0m
[1m[96m18[0m [1m[96m|[0m pub enum AudioStreamEvent {
   [1m[96m|[0m          [1m[93m^^^^^^^^^^^^^^^^[0m

[1m[93mwarning[0m[1m[97m: function `run_audio_stream_pipeline` is never used[0m
  [1m[96m--> [0msrc\media\audio_stream_pipeline.rs:27:8
   [1m[96m|[0m
[1m[96m27[0m [1m[96m|[0m pub fn run_audio_stream_pipeline(
   [1m[96m|[0m        [1m[93m^^^^^^^^^^^^^^^^^^^^^^^^^[0m

[1m[93mwarning[0m[1m[97m: struct `AudioFrame` is never constructed[0m
  [1m[96m--> [0msrc\media\capture.rs:18:12
   [1m[96m|[0m
[1m[96m18[0m [1m[96m|[0m pub struct AudioFrame {
   [1m[96m|[0m            [1m[93m^^^^^^^^^^[0m

[1m[93mwarning[0m[1m[97m: constant `WAVE_FORMAT_EXTENSIBLE_TAG` is never used[0m
  [1m[96m--> [0msrc\media\capture_audio_wasapi.rs:52:7
   [1m[96m|[0m
[1m[96m52[0m [1m[96m|[0m const WAVE_FORMAT_EXTENSIBLE_TAG: u16 = 0xFFFE;
   [1m[96m|[0m       [1m[93m^^^^^^^^^^^^^^^^^^^^^^^^^^[0m

[1m[93mwarning[0m[1m[97m: constant `KSDATAFORMAT_SUBTYPE_IEEE_FLOAT_GUID` is never used[0m
  [1m[96m--> [0msrc\media\capture_audio_wasapi.rs:53:7
   [1m[96m|[0m
[1m[96m53[0m [1m[96m|[0m const KSDATAFORMAT_SUBTYPE_IEEE_FLOAT_GUID: GUID = GUID::from_values(
   [1m[96m|[0m       [1m[93m^^^^^^^^^^^^^^^^^^^^^^^^^^^^^^^^^^^^[0m

[1m[93mwarning[0m[1m[97m: constant `EXCLUDE_SELF_KEY` is never used[0m
  [1m[96m--> [0msrc\media\capture_audio_wasapi.rs:59:7
   [1m[96m|[0m
[1m[96m59[0m [1m[96m|[0m const EXCLUDE_SELF_KEY: u32 = u32::MAX;
   [1m[96m|[0m       [1m[93m^^^^^^^^^^^^^^^^[0m

[1m[93mwarning[0m[1m[97m: constant `TICK` is never used[0m
  [1m[96m--> [0msrc\media\capture_audio_wasapi.rs:60:7
   [1m[96m|[0m
[1m[96m60[0m [1m[96m|[0m const TICK: Duration = Duration::from_millis(10);
   [1m[96m|[0m       [1m[93m^^^^[0m

[1m[93mwarning[0m[1m[97m: constant `SCAN_INTERVAL` is never used[0m
  [1m[96m--> [0msrc\media\capture_audio_wasapi.rs:61:7
   [1m[96m|[0m
[1m[96m61[0m [1m[96m|[0m const SCAN_INTERVAL: Duration = Duration::from_secs(2);
   [1m[96m|[0m       [1m[93m^^^^^^^^^^^^^[0m

[1m[93mwarning[0m[1m[97m: constant `SPAWN_COOLDOWN` is never used[0m
  [1m[96m--> [0msrc\media\capture_audio_wasapi.rs:64:7
   [1m[96m|[0m
[1m[96m64[0m [1m[96m|[0m const SPAWN_COOLDOWN: Duration = Duration::from_secs(15);
   [1m[96m|[0m       [1m[93m^^^^^^^^^^^^^^[0m

[1m[93mwarning[0m[1m[97m: constant `CLIENT_BUFFER_100NS` is never used[0m
  [1m[96m--> [0msrc\media\capture_audio_wasapi.rs:66:7
   [1m[96m|[0m
[1m[96m66[0m [1m[96m|[0m const CLIENT_BUFFER_100NS: i64 = 200_000;
   [1m[96m|[0m       [1m[93m^^^^^^^^^^^^^^^^^^^[0m

[1m[93mwarning[0m[1m[97m: enum `MixerCtl` is never used[0m
  [1m[96m--> [0msrc\media\capture_audio_wasapi.rs:70:6
   [1m[96m|[0m
[1m[96m70[0m [1m[96m|[0m enum MixerCtl {
   [1m[96m|[0m      [1m[93m^^^^^^^^[0m

[1m[93mwarning[0m[1m[97m: struct `ProcessLoopbackMixer` is never constructed[0m
  [1m[96m--> [0msrc\media\capture_audio_wasapi.rs:80:12
   [1m[96m|[0m
[1m[96m80[0m [1m[96m|[0m pub struct ProcessLoopbackMixer {
   [1m[96m|[0m            [1m[93m^^^^^^^^^^^^^^^^^^^^[0m

[1m[93mwarning[0m[1m[97m: associated items `start` and `shutdown` are never used[0m
   [1m[96m--> [0msrc\media\capture_audio_wasapi.rs:89:12
    [1m[96m|[0m
[1m[96m 85[0m [1m[96m|[0m impl ProcessLoopbackMixer {
    [1m[96m|[0m [1m[96m-------------------------[0m [1m[96massociated items in this implementation[0m
[1m[96m...[0m
[1m[96m 89[0m [1m[96m|[0m     pub fn start(filter: StreamAudioFilter) -> Result<(Receiver<AudioFrame>, Self), String> {
    [1m[96m|[0m            [1m[93m^^^^^[0m
[1m[96m...[0m
[1m[96m115[0m [1m[96m|[0m     fn shutdown(&mut self) {
    [1m[96m|[0m        [1m[93m^^^^^^^^[0m

[1m[93mwarning[0m[1m[97m: struct `ListedApp` is never constructed[0m
   [1m[96m--> [0msrc\media\capture_audio_wasapi.rs:137:12
    [1m[96m|[0m
[1m[96m137[0m [1m[96m|[0m pub struct ListedApp {
    [1m[96m|[0m            [1m[93m^^^^^^^^^[0m

[1m[93mwarning[0m[1m[97m: function `list_apps` is never used[0m
   [1m[96m--> [0msrc\media\capture_audio_wasapi.rs:147:8
    [1m[96m|[0m
[1m[96m147[0m [1m[96m|[0m pub fn list_apps(source_id: Option<&str>) -> Result<Vec<ListedApp>, String> {
    [1m[96m|[0m        [1m[93m^^^^^^^^^[0m

[1m[93mwarning[0m[1m[97m: struct `CaptureFormat` is never constructed[0m
   [1m[96m--> [0msrc\media\capture_audio_wasapi.rs:196:8
    [1m[96m|[0m
[1m[96m196[0m [1m[96m|[0m struct CaptureFormat {
    [1m[96m|[0m        [1m[93m^^^^^^^^^^^^^[0m

[1m[93mwarning[0m[1m[97m: struct `SourceHandle` is never constructed[0m
   [1m[96m--> [0msrc\media\capture_audio_wasapi.rs:207:8
    [1m[96m|[0m
[1m[96m207[0m [1m[96m|[0m struct SourceHandle {
    [1m[96m|[0m        [1m[93m^^^^^^^^^^^^[0m

[1m[93mwarning[0m[1m[97m: methods `is_finished` and `stop_and_join` are never used[0m
   [1m[96m--> [0msrc\media\capture_audio_wasapi.rs:214:8
    [1m[96m|[0m
[1m[96m213[0m [1m[96m|[0m impl SourceHandle {
    [1m[96m|[0m [1m[96m-----------------[0m [1m[96mmethods in this implementation[0m
[1m[96m214[0m [1m[96m|[0m     fn is_finished(&self) -> bool {
    [1m[96m|[0m        [1m[93m^^^^^^^^^^^[0m
[1m[96m...[0m
[1m[96m218[0m [1m[96m|[0m     fn stop_and_join(mut self) {
    [1m[96m|[0m        [1m[93m^^^^^^^^^^^^^[0m

[1m[93mwarning[0m[1m[97m: struct `Snapshot` is never constructed[0m
   [1m[96m--> [0msrc\media\capture_audio_wasapi.rs:226:8
    [1m[96m|[0m
[1m[96m226[0m [1m[96m|[0m struct Snapshot {
    [1m[96m|[0m        [1m[93m^^^^^^^^[0m

[1m[93mwarning[0m[1m[97m: function `run_mixer` is never used[0m
   [1m[96m--> [0msrc\media\capture_audio_wasapi.rs:231:4
    [1m[96m|[0m
[1m[96m231[0m [1m[96m|[0m fn run_mixer(
    [1m[96m|[0m    [1m[93m^^^^^^^^^[0m

[1m[93mwarning[0m[1m[97m: function `describe_key` is never used[0m
   [1m[96m--> [0msrc\media\capture_audio_wasapi.rs:366:4
    [1m[96m|[0m
[1m[96m366[0m [1m[96m|[0m fn describe_key(k: u32) -> String {
    [1m[96m|[0m    [1m[93m^^^^^^^^^^^^[0m

[1m[93mwarning[0m[1m[97m: function `replan` is never used[0m
   [1m[96m--> [0msrc\media\capture_audio_wasapi.rs:378:4
    [1m[96m|[0m
[1m[96m378[0m [1m[96m|[0m fn replan(
    [1m[96m|[0m    [1m[93m^^^^^^[0m

[1m[93mwarning[0m[1m[97m: function `spawn_source` is never used[0m
   [1m[96m--> [0msrc\media\capture_audio_wasapi.rs:440:4
    [1m[96m|[0m
[1m[96m440[0m [1m[96m|[0m fn spawn_source(
    [1m[96m|[0m    [1m[93m^^^^^^^^^^^^[0m

[1m[93mwarning[0m[1m[97m: function `run_source` is never used[0m
   [1m[96m--> [0msrc\media\capture_audio_wasapi.rs:464:4
    [1m[96m|[0m
[1m[96m464[0m [1m[96m|[0m fn run_source(
    [1m[96m|[0m    [1m[93m^^^^^^^^^^[0m

[1m[93mwarning[0m[1m[97m: function `convert_packet` is never used[0m
   [1m[96m--> [0msrc\media\capture_audio_wasapi.rs:544:11
    [1m[96m|[0m
[1m[96m544[0m [1m[96m|[0m unsafe fn convert_packet(buffer_ptr: *mut u8, num_frames: u32, flags: u32, fmt: &CaptureFormat) -> Vec<f32> {
    [1m[96m|[0m           [1m[93m^^^^^^^^^^^^^^[0m

[1m[93mwarning[0m[1m[97m: function `read_default_render_format` is never used[0m
   [1m[96m--> [0msrc\media\capture_audio_wasapi.rs:565:11
    [1m[96m|[0m
[1m[96m565[0m [1m[96m|[0m unsafe fn read_default_render_format() -> Result<CaptureFormat, String> {
    [1m[96m|[0m           [1m[93m^^^^^^^^^^^^^^^^^^^^^^^^^^[0m

[1m[93mwarning[0m[1m[97m: function `run_scan` is never used[0m
   [1m[96m--> [0msrc\media\capture_audio_wasapi.rs:603:4
    [1m[96m|[0m
[1m[96m603[0m [1m[96m|[0m fn run_scan(wake_rx: Receiver<()>, ctl_tx: Sender<MixerCtl>) {
    [1m[96m|[0m    [1m[93m^^^^^^^^[0m

[1m[93mwarning[0m[1m[97m: function `enumerate_sessions` is never used[0m
   [1m[96m--> [0msrc\media\capture_audio_wasapi.rs:641:8
    [1m[96m|[0m
[1m[96m641[0m [1m[96m|[0m pub fn enumerate_sessions() -> Result<Vec<AudioSessionInfo>, String> {
    [1m[96m|[0m        [1m[93m^^^^^^^^^^^^^^^^^^[0m

[1m[93mwarning[0m[1m[97m: function `enumerate_sessions_with_names` is never used[0m
   [1m[96m--> [0msrc\media\capture_audio_wasapi.rs:647:4
    [1m[96m|[0m
[1m[96m647[0m [1m[96m|[0m fn enumerate_sessions_with_names() -> Result<(Vec<AudioSessionInfo>, HashMap<String, String>), String> {
    [1m[96m|[0m    [1m[93m^^^^^^^^^^^^^^^^^^^^^^^^^^^^^[0m

[1m[93mwarning[0m[1m[97m: function `process_parent_map` is never used[0m
   [1m[96m--> [0msrc\media\capture_audio_wasapi.rs:705:8
    [1m[96m|[0m
[1m[96m705[0m [1m[96m|[0m pub fn process_parent_map() -> BTreeMap<u32, u32> {
    [1m[96m|[0m        [1m[93m^^^^^^^^^^^^^^^^^^[0m

[1m[93mwarning[0m[1m[97m: struct `WindowOwner` is never constructed[0m
   [1m[96m--> [0msrc\media\capture_audio_wasapi.rs:725:12
    [1m[96m|[0m
[1m[96m725[0m [1m[96m|[0m pub struct WindowOwner {
    [1m[96m|[0m            [1m[93m^^^^^^^^^^^[0m

[1m[93mwarning[0m[1m[97m: function `window_owner_identity` is never used[0m
   [1m[96m--> [0msrc\media\capture_audio_wasapi.rs:732:8
    [1m[96m|[0m
[1m[96m732[0m [1m[96m|[0m pub fn window_owner_identity(hwnd: u64) -> Option<WindowOwner> {
    [1m[96m|[0m        [1m[93m^^^^^^^^^^^^^^^^^^^^^[0m

[1m[93mwarning[0m[1m[97m: function `exe_path` is never used[0m
   [1m[96m--> [0msrc\media\capture_audio_wasapi.rs:743:4
    [1m[96m|[0m
[1m[96m743[0m [1m[96m|[0m fn exe_path(pid: u32) -> Option<String> {
    [1m[96m|[0m    [1m[93m^^^^^^^^[0m

[1m[93mwarning[0m[1m[97m: function `display_from_exe_path` is never used[0m
   [1m[96m--> [0msrc\media\capture_audio_wasapi.rs:756:4
    [1m[96m|[0m
[1m[96m756[0m [1m[96m|[0m fn display_from_exe_path(path: &str) -> String {
    [1m[96m|[0m    [1m[93m^^^^^^^^^^^^^^^^^^^^^[0m

[1m[93mwarning[0m[1m[97m: function `self_identity` is never used[0m
   [1m[96m--> [0msrc\media\capture_audio_wasapi.rs:766:4
    [1m[96m|[0m
[1m[96m766[0m [1m[96m|[0m fn self_identity() -> String {
    [1m[96m|[0m    [1m[93m^^^^^^^^^^^^^[0m

[1m[93mwarning[0m[1m[97m: function `activate_loopback_client` is never used[0m
   [1m[96m--> [0msrc\media\capture_audio_wasapi.rs:776:11
    [1m[96m|[0m
[1m[96m776[0m [1m[96m|[0m unsafe fn activate_loopback_client(
    [1m[96m|[0m           [1m[93m^^^^^^^^^^^^^^^^^^^^^^^^[0m

[1m[93mwarning[0m[1m[97m: struct `AudioActivationWaiter` is never constructed[0m
   [1m[96m--> [0msrc\media\capture_audio_wasapi.rs:839:8
    [1m[96m|[0m
[1m[96m839[0m [1m[96m|[0m struct AudioActivationWaiter {
    [1m[96m|[0m        [1m[93m^^^^^^^^^^^^^^^^^^^^^[0m

[1m[93mwarning[0m[1m[97m: method `wait_for_completion` is never used[0m
   [1m[96m--> [0msrc\media\capture_audio_wasapi.rs:844:8
    [1m[96m|[0m
[1m[96m843[0m [1m[96m|[0m impl AudioActivationWaiter {
    [1m[96m|[0m [1m[96m--------------------------[0m [1m[96mmethod in this implementation[0m
[1m[96m844[0m [1m[96m|[0m     fn wait_for_completion(
    [1m[96m|[0m        [1m[93m^^^^^^^^^^^^^^^^^^^[0m

[1m[93mwarning[0m[1m[97m: function `convert_float_to_stereo` is never used[0m
   [1m[96m--> [0msrc\media\capture_audio_wasapi.rs:907:4
    [1m[96m|[0m
[1m[96m907[0m [1m[96m|[0m fn convert_float_to_stereo(raw: &[u8], channels: usize) -> Vec<f32> {
    [1m[96m|[0m    [1m[93m^^^^^^^^^^^^^^^^^^^^^^^[0m

[1m[93mwarning[0m[1m[97m: function `convert_s16_to_stereo` is never used[0m
   [1m[96m--> [0msrc\media\capture_audio_wasapi.rs:929:4
    [1m[96m|[0m
[1m[96m929[0m [1m[96m|[0m fn convert_s16_to_stereo(raw: &[u8], channels: usize) -> Vec<f32> {
    [1m[96m|[0m    [1m[93m^^^^^^^^^^^^^^^^^^^^^[0m

[1m[93mwarning[0m[1m[97m: function `convert_s32_to_stereo` is never used[0m
   [1m[96m--> [0msrc\media\capture_audio_wasapi.rs:952:4
    [1m[96m|[0m
[1m[96m952[0m [1m[96m|[0m fn convert_s32_to_stereo(raw: &[u8], channels: usize) -> Vec<f32> {
    [1m[96m|[0m    [1m[93m^^^^^^^^^^^^^^^^^^^^^[0m

[1m[93mwarning[0m[1m[97m: function `build_client_capabilities` is never used[0m
  [1m[96m--> [0msrc\media\caps.rs:78:8
   [1m[96m|[0m
[1m[96m78[0m [1m[96m|[0m pub fn build_client_capabilities(
   [1m[96m|[0m        [1m[93m^^^^^^^^^^^^^^^^^^^^^^^^^[0m

[1m[93mwarning[0m[1m[97m: function `cap_to_proto` is never used[0m
  [1m[96m--> [0msrc\media\caps.rs:88:4
   [1m[96m|[0m
[1m[96m88[0m [1m[96m|[0m fn cap_to_proto(c: &CodecCap) -> crate::net::proto::CodecCapability {
   [1m[96m|[0m    [1m[93m^^^^^^^^^^^^[0m

[1m[93mwarning[0m[1m[97m: constant `SAMPLE_RATE` is never used[0m
 [1m[96m--> [0msrc\media\codec.rs:6:11
  [1m[96m|[0m
[1m[96m6[0m [1m[96m|[0m pub const SAMPLE_RATE: u32 = 48000;
  [1m[96m|[0m           [1m[93m^^^^^^^^^^^[0m

[1m[93mwarning[0m[1m[97m: constant `STEREO_FRAME_SIZE` is never used[0m
  [1m[96m--> [0msrc\media\codec.rs:26:11
   [1m[96m|[0m
[1m[96m26[0m [1m[96m|[0m pub const STEREO_FRAME_SIZE: usize = 960; // 20ms at 48kHz — samples per channel
   [1m[96m|[0m           [1m[93m^^^^^^^^^^^^^^^^^[0m

[1m[93mwarning[0m[1m[97m: constant `STEREO_FRAME_SAMPLES` is never used[0m
  [1m[96m--> [0msrc\media\codec.rs:27:11
   [1m[96m|[0m
[1m[96m27[0m [1m[96m|[0m pub const STEREO_FRAME_SAMPLES: usize = STEREO_FRAME_SIZE * 2; // total i16 values (interleaved L,R)
   [1m[96m|[0m           [1m[93m^^^^^^^^^^^^^^^^^^^^[0m

[1m[93mwarning[0m[1m[97m: associated items `DEFAULT_BITRATE_BPS` and `set_bitrate` are never used[0m
  [1m[96m--> [0msrc\media\codec.rs:35:15
   [1m[96m|[0m
[1m[96m33[0m [1m[96m|[0m impl OpusEncoder {
   [1m[96m|[0m [1m[96m----------------[0m [1m[96massociated items in this implementation[0m
[1m[96m34[0m [1m[96m|[0m     /// Default voice bitrate when the server doesn't specify one (matches Discord).
[1m[96m35[0m [1m[96m|[0m     pub const DEFAULT_BITRATE_BPS: i32 = 64000;
   [1m[96m|[0m               [1m[93m^^^^^^^^^^^^^^^^^^^[0m
[1m[96m...[0m
[1m[96m74[0m [1m[96m|[0m     pub fn set_bitrate(&mut self, bitrate_bps: i32) {
   [1m[96m|[0m            [1m[93m^^^^^^^^^^^[0m

[1m[93mwarning[0m[1m[97m: struct `StereoOpusEncoder` is never constructed[0m
  [1m[96m--> [0msrc\media\codec.rs:81:12
   [1m[96m|[0m
[1m[96m81[0m [1m[96m|[0m pub struct StereoOpusEncoder {
   [1m[96m|[0m            [1m[93m^^^^^^^^^^^^^^^^^[0m

[1m[93mwarning[0m[1m[97m: associated items `new`, `encode`, and `encode_silence` are never used[0m
   [1m[96m--> [0msrc\media\codec.rs:86:12
    [1m[96m|[0m
[1m[96m 85[0m [1m[96m|[0m impl StereoOpusEncoder {
    [1m[96m|[0m [1m[96m----------------------[0m [1m[96massociated items in this implementation[0m
[1m[96m 86[0m [1m[96m|[0m     pub fn new(bitrate_bps: i32) -> Result<Self, String> {
    [1m[96m|[0m            [1m[93m^^^[0m
[1m[96m...[0m
[1m[96m 98[0m [1m[96m|[0m     pub fn encode(
    [1m[96m|[0m            [1m[93m^^^^^^[0m
[1m[96m...[0m
[1m[96m108[0m [1m[96m|[0m     pub fn encode_silence(
    [1m[96m|[0m            [1m[93m^^^^^^^^^^^^^^[0m

[1m[93mwarning[0m[1m[97m: struct `StereoOpusDecoder` is never constructed[0m
   [1m[96m--> [0msrc\media\codec.rs:117:12
    [1m[96m|[0m
[1m[96m117[0m [1m[96m|[0m pub struct StereoOpusDecoder {
    [1m[96m|[0m            [1m[93m^^^^^^^^^^^^^^^^^[0m

[1m[93mwarning[0m[1m[97m: associated items `new` and `decode` are never used[0m
   [1m[96m--> [0msrc\media\codec.rs:122:12
    [1m[96m|[0m
[1m[96m121[0m [1m[96m|[0m impl StereoOpusDecoder {
    [1m[96m|[0m [1m[96m----------------------[0m [1m[96massociated items in this implementation[0m
[1m[96m122[0m [1m[96m|[0m     pub fn new() -> Result<Self, String> {
    [1m[96m|[0m            [1m[93m^^^[0m
[1m[96m...[0m
[1m[96m128[0m [1m[96m|[0m     pub fn decode(
    [1m[96m|[0m            [1m[93m^^^^^^[0m

[1m[93mwarning[0m[1m[97m: variant `StreamerInitiated` is never constructed[0m
  [1m[96m--> [0msrc\media\codec_selection.rs:61:5
   [1m[96m|[0m
[1m[96m58[0m [1m[96m|[0m pub enum SwapReason {
   [1m[96m|[0m          [1m[96m----------[0m [1m[96mvariant in this enum[0m
[1m[96m...[0m
[1m[96m61[0m [1m[96m|[0m     StreamerInitiated,
   [1m[96m|[0m     [1m[93m^^^^^^^^^^^^^^^^^[0m
   [1m[96m|[0m
   [1m[96m= [0m[1m[97mnote[0m: `SwapReason` has derived impls for the traits `Debug` and `Clone`, but these are intentionally ignored during dead code analysis

[1m[93mwarning[0m[1m[97m: field `reason` is never read[0m
  [1m[96m--> [0msrc\media\codec_selection.rs:67:9
   [1m[96m|[0m
[1m[96m65[0m [1m[96m|[0m pub struct SwapEvent {
   [1m[96m|[0m            [1m[96m---------[0m [1m[96mfield in this struct[0m
[1m[96m66[0m [1m[96m|[0m     pub target: StreamSettings,
[1m[96m67[0m [1m[96m|[0m     pub reason: SwapReason,
   [1m[96m|[0m         [1m[93m^^^^^^[0m
   [1m[96m|[0m
   [1m[96m= [0m[1m[97mnote[0m: `SwapEvent` has derived impls for the traits `Debug` and `Clone`, but these are intentionally ignored during dead code analysis

[1m[93mwarning[0m[1m[97m: methods `current_settings` and `enforced` are never used[0m
   [1m[96m--> [0msrc\media\codec_selection.rs:183:12
    [1m[96m|[0m
[1m[96m162[0m [1m[96m|[0m impl CodecSelector {
    [1m[96m|[0m [1m[96m------------------[0m [1m[96mmethods in this implementation[0m
[1m[96m...[0m
[1m[96m183[0m [1m[96m|[0m     pub fn current_settings(&self) -> StreamSettings {
    [1m[96m|[0m            [1m[93m^^^^^^^^^^^^^^^^[0m
[1m[96m...[0m
[1m[96m187[0m [1m[96m|[0m     pub fn enforced(&self) -> Option<CodecKind> {
    [1m[96m|[0m            [1m[93m^^^^^^^^[0m

[1m[93mwarning[0m[1m[97m: struct `AudioDump` is never constructed[0m
  [1m[96m--> [0msrc\media\debug_dump.rs:71:12
   [1m[96m|[0m
[1m[96m71[0m [1m[96m|[0m pub struct AudioDump {
   [1m[96m|[0m            [1m[93m^^^^^^^^^[0m

[1m[93mwarning[0m[1m[97m: associated items `from_env`, `event`, `peer_frame`, `output_samples`, and `flush` are never used[0m
   [1m[96m--> [0msrc\media\debug_dump.rs:80:12
    [1m[96m|[0m
[1m[96m 79[0m [1m[96m|[0m impl AudioDump {
    [1m[96m|[0m [1m[96m--------------[0m [1m[96massociated items in this implementation[0m
[1m[96m 80[0m [1m[96m|[0m     pub fn from_env() -> Option<Self> {
    [1m[96m|[0m            [1m[93m^^^^^^^^[0m
[1m[96m...[0m
[1m[96m 90[0m [1m[96m|[0m     pub fn event(&mut self, what: &str) {
    [1m[96m|[0m            [1m[93m^^^^^[0m
[1m[96m...[0m
[1m[96m 96[0m [1m[96m|[0m     pub fn peer_frame(&mut self, name: &str, pcm: &[f32]) {
    [1m[96m|[0m            [1m[93m^^^^^^^^^^[0m
[1m[96m...[0m
[1m[96m106[0m [1m[96m|[0m     pub fn output_samples(&mut self, samples: &[i16], rate: u32) {
    [1m[96m|[0m            [1m[93m^^^^^^^^^^^^^^[0m
[1m[96m...[0m
[1m[96m114[0m [1m[96m|[0m     pub fn flush(&mut self) {
    [1m[96m|[0m            [1m[93m^^^^^[0m

[1m[93mwarning[0m[1m[97m: methods `jitter_ms`, `expand_index`, `set_hard_excess`, `push`, `last_was_silence`, and `next_is_silence` are never used[0m
   [1m[96m--> [0msrc\media\jitter.rs:165:12
    [1m[96m|[0m
[1m[96m133[0m [1m[96m|[0m impl JitterBuffer {
    [1m[96m|[0m [1m[96m-----------------[0m [1m[96mmethods in this implementation[0m
[1m[96m...[0m
[1m[96m165[0m [1m[96m|[0m     pub fn jitter_ms(&self) -> f64 { self.jitter_sec * 1000.0 }
    [1m[96m|[0m            [1m[93m^^^^^^^^^[0m
[1m[96m...[0m
[1m[96m175[0m [1m[96m|[0m     pub fn expand_index(&self) -> u32 { self.expanding }
    [1m[96m|[0m            [1m[93m^^^^^^^^^^^^[0m
[1m[96m...[0m
[1m[96m184[0m [1m[96m|[0m     pub fn set_hard_excess(&mut self, frames: usize) {
    [1m[96m|[0m            [1m[93m^^^^^^^^^^^^^^^[0m
[1m[96m...[0m
[1m[96m246[0m [1m[96m|[0m     pub fn push(&mut self, seq: u16, data: Vec<u8>, silence: bool) {
    [1m[96m|[0m            [1m[93m^^^^[0m
[1m[96m...[0m
[1m[96m448[0m [1m[96m|[0m     pub fn last_was_silence(&self) -> bool { self.last_dequeued_silence }
    [1m[96m|[0m            [1m[93m^^^^^^^^^^^^^^^^[0m
[1m[96m...[0m
[1m[96m453[0m [1m[96m|[0m     pub fn next_is_silence(&self) -> Option<bool> {
    [1m[96m|[0m            [1m[93m^^^^^^^^^^^^^^^[0m

[1m[93mwarning[0m[1m[97m: method `is_sealed` is never used[0m
   [1m[96m--> [0msrc\media\media_socket.rs:275:12
    [1m[96m|[0m
[1m[96m243[0m [1m[96m|[0m impl MediaSocket {
    [1m[96m|[0m [1m[96m----------------[0m [1m[96mmethod in this implementation[0m
[1m[96m...[0m
[1m[96m275[0m [1m[96m|[0m     pub fn is_sealed(&self) -> bool {
    [1m[96m|[0m            [1m[93m^^^^^^^^^[0m

[1m[93mwarning[0m[1m[97m: associated function `new_typed` is never used[0m
  [1m[96m--> [0msrc\media\packet.rs:63:12
   [1m[96m|[0m
[1m[96m30[0m [1m[96m|[0m impl UdpAudioPacket {
   [1m[96m|[0m [1m[96m-------------------[0m [1m[96massociated function in this implementation[0m
[1m[96m...[0m
[1m[96m63[0m [1m[96m|[0m     pub fn new_typed(packet_type: u8, sender_id_str: &str, sequence: u16, data: &[u8]) -> Option<Self> {
   [1m[96m|[0m            [1m[93m^^^^^^^^^[0m

[1m[93mwarning[0m[1m[97m: constant `PEER_RING_CAP` is never used[0m
  [1m[96m--> [0msrc\media\peer.rs:28:11
   [1m[96m|[0m
[1m[96m28[0m [1m[96m|[0m pub const PEER_RING_CAP: usize = FRAME_SIZE * 48;
   [1m[96m|[0m           [1m[93m^^^^^^^^^^^^^[0m

[1m[93mwarning[0m[1m[97m: type alias `PeerCons` is never used[0m
  [1m[96m--> [0msrc\media\peer.rs:31:10
   [1m[96m|[0m
[1m[96m31[0m [1m[96m|[0m pub type PeerCons = Arc<std::sync::Mutex<HeapCons<i16>>>;
   [1m[96m|[0m          [1m[93m^^^^^^^^[0m

[1m[93mwarning[0m[1m[97m: struct `PeerOutput` is never constructed[0m
  [1m[96m--> [0msrc\media\peer.rs:36:12
   [1m[96m|[0m
[1m[96m36[0m [1m[96m|[0m pub struct PeerOutput {
   [1m[96m|[0m            [1m[93m^^^^^^^^^^[0m

[1m[93mwarning[0m[1m[97m: struct `PeerAudio` is never constructed[0m
  [1m[96m--> [0msrc\media\peer.rs:41:12
   [1m[96m|[0m
[1m[96m41[0m [1m[96m|[0m pub struct PeerAudio {
   [1m[96m|[0m            [1m[93m^^^^^^^^^[0m

[1m[93mwarning[0m[1m[97m: multiple associated items are never used[0m
   [1m[96m--> [0msrc\media\peer.rs:85:12
    [1m[96m|[0m
[1m[96m 84[0m [1m[96m|[0m impl PeerAudio {
    [1m[96m|[0m [1m[96m--------------[0m [1m[96massociated items in this implementation[0m
[1m[96m 85[0m [1m[96m|[0m     pub fn new(output_rate: u32, now: Instant) -> Self {
    [1m[96m|[0m            [1m[93m^^^[0m
[1m[96m...[0m
[1m[96m117[0m [1m[96m|[0m     pub fn output_handle(&self, username: &str) -> PeerOutput {
    [1m[96m|[0m            [1m[93m^^^^^^^^^^^^^[0m
[1m[96m...[0m
[1m[96m126[0m [1m[96m|[0m     pub fn set_output_rate(&mut self, output_rate: u32) {
    [1m[96m|[0m            [1m[93m^^^^^^^^^^^^^^^[0m
[1m[96m...[0m
[1m[96m145[0m [1m[96m|[0m     pub fn ring_len(&self) -> usize {
    [1m[96m|[0m            [1m[93m^^^^^^^^[0m
[1m[96m...[0m
[1m[96m150[0m [1m[96m|[0m     pub fn output_rate(&self) -> u32 {
    [1m[96m|[0m            [1m[93m^^^^^^^^^^^[0m
[1m[96m...[0m
[1m[96m159[0m [1m[96m|[0m     pub fn push_voice_frame(&mut self, pcm_f32: &[f32]) {
    [1m[96m|[0m            [1m[93m^^^^^^^^^^^^^^^^[0m
[1m[96m...[0m
[1m[96m190[0m [1m[96m|[0m     pub fn flush_tail(&mut self) {
    [1m[96m|[0m            [1m[93m^^^^^^^^^^[0m
[1m[96m...[0m
[1m[96m208[0m [1m[96m|[0m     pub fn drain_ring(&mut self) {
    [1m[96m|[0m            [1m[93m^^^^^^^^^^[0m

[1m[93mwarning[0m[1m[97m: method `set_filter` is never used[0m
   [1m[96m--> [0msrc\media\stream_audio_filter.rs:131:8
    [1m[96m|[0m
[1m[96m128[0m [1m[96m|[0m pub trait StreamAudioCapture: Send {
    [1m[96m|[0m           [1m[96m------------------[0m [1m[96mmethod in this trait[0m
[1m[96m...[0m
[1m[96m131[0m [1m[96m|[0m     fn set_filter(&self, filter: StreamAudioFilter);
    [1m[96m|[0m        [1m[93m^^^^^^^^^^[0m

[1m[93mwarning[0m[1m[97m: struct `EncoderCap` is never constructed[0m
  [1m[96m--> [0msrc\media\encoder_probe.rs:20:12
   [1m[96m|[0m
[1m[96m20[0m [1m[96m|[0m pub struct EncoderCap {
   [1m[96m|[0m            [1m[93m^^^^^^^^^^[0m

[1m[93mwarning[0m[1m[97m: constant `PROBE_W` is never used[0m
  [1m[96m--> [0msrc\media\encoder_probe.rs:34:7
   [1m[96m|[0m
[1m[96m34[0m [1m[96m|[0m const PROBE_W: u32 = 1280;
   [1m[96m|[0m       [1m[93m^^^^^^^[0m

[1m[93mwarning[0m[1m[97m: constant `PROBE_H` is never used[0m
  [1m[96m--> [0msrc\media\encoder_probe.rs:35:7
   [1m[96m|[0m
[1m[96m35[0m [1m[96m|[0m const PROBE_H: u32 = 720;
   [1m[96m|[0m       [1m[93m^^^^^^^[0m

[1m[93mwarning[0m[1m[97m: constant `PROBE_FPS` is never used[0m
  [1m[96m--> [0msrc\media\encoder_probe.rs:36:7
   [1m[96m|[0m
[1m[96m36[0m [1m[96m|[0m const PROBE_FPS: u32 = 30;
   [1m[96m|[0m       [1m[93m^^^^^^^^^[0m

[1m[93mwarning[0m[1m[97m: constant `PROBE_BR` is never used[0m
  [1m[96m--> [0msrc\media\encoder_probe.rs:37:7
   [1m[96m|[0m
[1m[96m37[0m [1m[96m|[0m const PROBE_BR: i64 = 2_000_000;
   [1m[96m|[0m       [1m[93m^^^^^^^^[0m

[1m[93mwarning[0m[1m[97m: function `try_open` is never used[0m
  [1m[96m--> [0msrc\media\encoder_probe.rs:74:4
   [1m[96m|[0m
[1m[96m74[0m [1m[96m|[0m fn try_open(name: &str) -> bool {
   [1m[96m|[0m    [1m[93m^^^^^^^^[0m

[1m[93mwarning[0m[1m[97m: function `run` is never used[0m
   [1m[96m--> [0msrc\media\encoder_probe.rs:107:8
    [1m[96m|[0m
[1m[96m107[0m [1m[96m|[0m pub fn run(vendor_id: u32) -> Vec<EncoderCap> {
    [1m[96m|[0m        [1m[93m^^^[0m

[1m[93mwarning[0m[1m[97m: function `ceiling_for` is never used[0m
   [1m[96m--> [0msrc\media\encoder_probe.rs:128:4
    [1m[96m|[0m
[1m[96m128[0m [1m[96m|[0m fn ceiling_for(codec_id: i32) -> (u32, u32, u32) {
    [1m[96m|[0m    [1m[93m^^^^^^^^^^^[0m

[1m[93mwarning[0m[1m[97m: struct `VideoProcessor` is never constructed[0m
  [1m[96m--> [0msrc\media\video_processor.rs:14:12
   [1m[96m|[0m
[1m[96m14[0m [1m[96m|[0m pub struct VideoProcessor {
   [1m[96m|[0m            [1m[93m^^^^^^^^^^^^^^[0m

[1m[93mwarning[0m[1m[97m: associated items `new` and `blit_into` are never used[0m
  [1m[96m--> [0msrc\media\video_processor.rs:25:12
   [1m[96m|[0m
[1m[96m24[0m [1m[96m|[0m impl VideoProcessor {
   [1m[96m|[0m [1m[96m-------------------[0m [1m[96massociated items in this implementation[0m
[1m[96m25[0m [1m[96m|[0m     pub fn new(
   [1m[96m|[0m            [1m[93m^^^[0m
[1m[96m...[0m
[1m[96m99[0m [1m[96m|[0m     pub fn blit_into(
   [1m[96m|[0m            [1m[93m^^^^^^^^^[0m

[1m[93mwarning[0m[1m[97m: struct `Encoder` is never constructed[0m
  [1m[96m--> [0msrc\media\encoder.rs:29:12
   [1m[96m|[0m
[1m[96m29[0m [1m[96m|[0m pub struct Encoder {
   [1m[96m|[0m            [1m[93m^^^^^^^[0m

[1m[93mwarning[0m[1m[97m: associated items `open`, `force_keyframe_handle`, `send_bgra`, `for_each_packet`, `maybe_adjust_bitrate`, and `drain` are never used[0m
   [1m[96m--> [0msrc\media\encoder.rs:54:12
    [1m[96m|[0m
[1m[96m 48[0m [1m[96m|[0m impl Encoder {
    [1m[96m|[0m [1m[96m------------[0m [1m[96massociated items in this implementation[0m
[1m[96m...[0m
[1m[96m 54[0m [1m[96m|[0m     pub fn open(
    [1m[96m|[0m            [1m[93m^^^^[0m
[1m[96m...[0m
[1m[96m254[0m [1m[96m|[0m     pub fn force_keyframe_handle(&self) -> Arc<AtomicBool> {
    [1m[96m|[0m            [1m[93m^^^^^^^^^^^^^^^^^^^^^[0m
[1m[96m...[0m
[1m[96m264[0m [1m[96m|[0m     pub fn send_bgra(
    [1m[96m|[0m            [1m[93m^^^^^^^^^[0m
[1m[96m...[0m
[1m[96m307[0m [1m[96m|[0m     pub fn for_each_packet<F>(&mut self, mut cb: F) -> Result<(), String>
    [1m[96m|[0m            [1m[93m^^^^^^^^^^^^^^^[0m
[1m[96m...[0m
[1m[96m334[0m [1m[96m|[0m     pub fn maybe_adjust_bitrate(&mut self, nack_ratio: f32) {
    [1m[96m|[0m            [1m[93m^^^^^^^^^^^^^^^^^^^^[0m
[1m[96m...[0m
[1m[96m366[0m [1m[96m|[0m     pub fn drain(&mut self) -> Result<(), String> {
    [1m[96m|[0m            [1m[93m^^^^^[0m

[1m[93mwarning[0m[1m[97m: associated items `start` and `frames_dropped` are never used[0m
  [1m[96m--> [0msrc\media\capture_wgc.rs:53:12
   [1m[96m|[0m
[1m[96m52[0m [1m[96m|[0m impl Capture {
   [1m[96m|[0m [1m[96m------------[0m [1m[96massociated items in this implementation[0m
[1m[96m53[0m [1m[96m|[0m     pub fn start(
   [1m[96m|[0m            [1m[93m^^^^^[0m
[1m[96m...[0m
[1m[96m90[0m [1m[96m|[0m     pub fn frames_dropped(&self) -> u32 {
   [1m[96m|[0m            [1m[93m^^^^^^^^^^^^^^[0m

[1m[93mwarning[0m[1m[97m: function `run_capture_thread` is never used[0m
  [1m[96m--> [0msrc\media\capture_wgc.rs:96:4
   [1m[96m|[0m
[1m[96m96[0m [1m[96m|[0m fn run_capture_thread(
   [1m[96m|[0m    [1m[93m^^^^^^^^^^^^^^^^^^[0m

[1m[93mwarning[0m[1m[97m: function `frame_texture` is never used[0m
   [1m[96m--> [0msrc\media\capture_wgc.rs:240:4
    [1m[96m|[0m
[1m[96m240[0m [1m[96m|[0m fn frame_texture(frame: &Direct3D11CaptureFrame) -> Result<ID3D11Texture2D, String> {
    [1m[96m|[0m    [1m[93m^^^^^^^^^^^^^[0m

[1m[93mwarning[0m[1m[97m: function `open_capture_item` is never used[0m
   [1m[96m--> [0msrc\media\capture_wgc.rs:251:4
    [1m[96m|[0m
[1m[96m251[0m [1m[96m|[0m fn open_capture_item(target: CaptureTarget) -> Result<GraphicsCaptureItem, String> {
    [1m[96m|[0m    [1m[93m^^^^^^^^^^^^^^^^^[0m

[1m[93mwarning[0m[1m[97m: function `borderless_supported` is never used[0m
   [1m[96m--> [0msrc\media\capture_wgc.rs:276:15
    [1m[96m|[0m
[1m[96m276[0m [1m[96m|[0m pub(crate) fn borderless_supported() -> bool {
    [1m[96m|[0m               [1m[93m^^^^^^^^^^^^^^^^^^^^[0m

[1m[93mwarning[0m[1m[97m: function `monitor_at_index` is never used[0m
   [1m[96m--> [0msrc\media\capture_wgc.rs:288:15
    [1m[96m|[0m
[1m[96m288[0m [1m[96m|[0m pub(crate) fn monitor_at_index(idx: u32) -> Result<HMONITOR, String> {
    [1m[96m|[0m               [1m[93m^^^^^^^^^^^^^^^^[0m

[1m[93mwarning[0m[1m[97m: function `winrt_device_from_d3d11` is never used[0m
   [1m[96m--> [0msrc\media\capture_wgc.rs:313:4
    [1m[96m|[0m
[1m[96m313[0m [1m[96m|[0m fn winrt_device_from_d3d11(
    [1m[96m|[0m    [1m[93m^^^^^^^^^^^^^^^^^^^^^^^[0m

[1m[93mwarning[0m[1m[97m: constant `DXGI_ERROR_WAIT_TIMEOUT_CODE` is never used[0m
  [1m[96m--> [0msrc\media\capture_dxgi.rs:48:7
   [1m[96m|[0m
[1m[96m48[0m [1m[96m|[0m const DXGI_ERROR_WAIT_TIMEOUT_CODE: u32 = 0x887A0027;
   [1m[96m|[0m       [1m[93m^^^^^^^^^^^^^^^^^^^^^^^^^^^^[0m

[1m[93mwarning[0m[1m[97m: constant `DXGI_ERROR_ACCESS_LOST_CODE` is never used[0m
  [1m[96m--> [0msrc\media\capture_dxgi.rs:49:7
   [1m[96m|[0m
[1m[96m49[0m [1m[96m|[0m const DXGI_ERROR_ACCESS_LOST_CODE: u32 = 0x887A0026;
   [1m[96m|[0m       [1m[93m^^^^^^^^^^^^^^^^^^^^^^^^^^^[0m

[1m[93mwarning[0m[1m[97m: associated items `start` and `frames_dropped` are never used[0m
   [1m[96m--> [0msrc\media\capture_dxgi.rs:62:12
    [1m[96m|[0m
[1m[96m 57[0m [1m[96m|[0m impl Capture {
    [1m[96m|[0m [1m[96m------------[0m [1m[96massociated items in this implementation[0m
[1m[96m...[0m
[1m[96m 62[0m [1m[96m|[0m     pub fn start(
    [1m[96m|[0m            [1m[93m^^^^^[0m
[1m[96m...[0m
[1m[96m126[0m [1m[96m|[0m     pub fn frames_dropped(&self) -> u32 {
    [1m[96m|[0m            [1m[93m^^^^^^^^^^^^^^[0m

[1m[93mwarning[0m[1m[97m: function `open_duplication` is never used[0m
   [1m[96m--> [0msrc\media\capture_dxgi.rs:132:4
    [1m[96m|[0m
[1m[96m132[0m [1m[96m|[0m fn open_duplication(
    [1m[96m|[0m    [1m[93m^^^^^^^^^^^^^^^^[0m

[1m[93mwarning[0m[1m[97m: struct `CursorState` is never constructed[0m
   [1m[96m--> [0msrc\media\capture_dxgi.rs:186:8
    [1m[96m|[0m
[1m[96m186[0m [1m[96m|[0m struct CursorState {
    [1m[96m|[0m        [1m[93m^^^^^^^^^^^[0m

[1m[93mwarning[0m[1m[97m: function `run_capture_thread` is never used[0m
   [1m[96m--> [0msrc\media\capture_dxgi.rs:197:4
    [1m[96m|[0m
[1m[96m197[0m [1m[96m|[0m fn run_capture_thread(
    [1m[96m|[0m    [1m[93m^^^^^^^^^^^^^^^^^^[0m

[1m[93mwarning[0m[1m[97m: function `fetch_cursor_shape` is never used[0m
   [1m[96m--> [0msrc\media\capture_dxgi.rs:448:4
    [1m[96m|[0m
[1m[96m448[0m [1m[96m|[0m fn fetch_cursor_shape(
    [1m[96m|[0m    [1m[93m^^^^^^^^^^^^^^^^^^[0m

[1m[93mwarning[0m[1m[97m: constant `HLSL` is never used[0m
  [1m[96m--> [0msrc\media\cursor_gpu.rs:32:7
   [1m[96m|[0m
[1m[96m32[0m [1m[96m|[0m const HLSL: &str = r#"
   [1m[96m|[0m       [1m[93m^^^^[0m

[1m[93mwarning[0m[1m[97m: struct `CursorCompositor` is never constructed[0m
  [1m[96m--> [0msrc\media\cursor_gpu.rs:46:12
   [1m[96m|[0m
[1m[96m46[0m [1m[96m|[0m pub struct CursorCompositor {
   [1m[96m|[0m            [1m[93m^^^^^^^^^^^^^^^^[0m

[1m[93mwarning[0m[1m[97m: function `compile` is never used[0m
  [1m[96m--> [0msrc\media\cursor_gpu.rs:57:4
   [1m[96m|[0m
[1m[96m57[0m [1m[96m|[0m fn compile(entry: PCSTR, target: PCSTR) -> Result<Vec<u8>, String> {
   [1m[96m|[0m    [1m[93m^^^^^^^[0m

[1m[93mwarning[0m[1m[97m: associated items `new`, `set_shape`, and `draw` are never used[0m
   [1m[96m--> [0msrc\media\cursor_gpu.rs:95:12
    [1m[96m|[0m
[1m[96m 94[0m [1m[96m|[0m impl CursorCompositor {
    [1m[96m|[0m [1m[96m---------------------[0m [1m[96massociated items in this implementation[0m
[1m[96m 95[0m [1m[96m|[0m     pub fn new(device: &ID3D11Device) -> Result<Self, String> {
    [1m[96m|[0m            [1m[93m^^^[0m
[1m[96m...[0m
[1m[96m164[0m [1m[96m|[0m     pub fn set_shape(&mut self, image: &CursorImage) -> Result<(), String> {
    [1m[96m|[0m            [1m[93m^^^^^^^^^[0m
[1m[96m...[0m
[1m[96m203[0m [1m[96m|[0m     pub fn draw(
    [1m[96m|[0m            [1m[93m^^^^[0m

[1m[93mwarning[0m[1m[97m: constant `THUMBNAIL_INTERVAL` is never used[0m
  [1m[96m--> [0msrc\media\encoder_thread.rs:32:7
   [1m[96m|[0m
[1m[96m32[0m [1m[96m|[0m const THUMBNAIL_INTERVAL: Duration = Duration::from_secs(3);
   [1m[96m|[0m       [1m[93m^^^^^^^^^^^^^^^^^^[0m

[1m[93mwarning[0m[1m[97m: field `force_keyframe` is never read[0m
  [1m[96m--> [0msrc\media\encoder_thread.rs:36:5
   [1m[96m|[0m
[1m[96m34[0m [1m[96m|[0m pub struct EncoderThread {
   [1m[96m|[0m            [1m[96m-------------[0m [1m[96mfield in this struct[0m
[1m[96m35[0m [1m[96m|[0m     stop: Arc<AtomicBool>,
[1m[96m36[0m [1m[96m|[0m     force_keyframe: Arc<AtomicBool>,
   [1m[96m|[0m     [1m[93m^^^^^^^^^^^^^^[0m

[1m[93mwarning[0m[1m[97m: struct `EncoderThreadConfig` is never constructed[0m
  [1m[96m--> [0msrc\media\encoder_thread.rs:40:12
   [1m[96m|[0m
[1m[96m40[0m [1m[96m|[0m pub struct EncoderThreadConfig {
   [1m[96m|[0m            [1m[93m^^^^^^^^^^^^^^^^^^^[0m

[1m[93mwarning[0m[1m[97m: associated items `start` and `force_keyframe_handle` are never used[0m
   [1m[96m--> [0msrc\media\encoder_thread.rs:61:12
    [1m[96m|[0m
[1m[96m 60[0m [1m[96m|[0m impl EncoderThread {
    [1m[96m|[0m [1m[96m------------------[0m [1m[96massociated items in this implementation[0m
[1m[96m 61[0m [1m[96m|[0m     pub fn start(
    [1m[96m|[0m            [1m[93m^^^^^[0m
[1m[96m...[0m
[1m[96m131[0m [1m[96m|[0m     pub fn force_keyframe_handle(&self) -> Arc<AtomicBool> {
    [1m[96m|[0m            [1m[93m^^^^^^^^^^^^^^^^^^^^^[0m

[1m[93mwarning[0m[1m[97m: function `run_encode_loop` is never used[0m
   [1m[96m--> [0msrc\media\encoder_thread.rs:143:4
    [1m[96m|[0m
[1m[96m143[0m [1m[96m|[0m fn run_encode_loop(
    [1m[96m|[0m    [1m[93m^^^^^^^^^^^^^^^[0m

[1m[93mwarning[0m[1m[97m: constant `JPEG_QUALITY` is never used[0m
  [1m[96m--> [0msrc\media\thumbnail.rs:35:7
   [1m[96m|[0m
[1m[96m35[0m [1m[96m|[0m const JPEG_QUALITY: u8 = 70;
   [1m[96m|[0m       [1m[93m^^^^^^^^^^^^[0m

[1m[93mwarning[0m[1m[97m: struct `ThumbnailGenerator` is never constructed[0m
  [1m[96m--> [0msrc\media\thumbnail.rs:37:12
   [1m[96m|[0m
[1m[96m37[0m [1m[96m|[0m pub struct ThumbnailGenerator {
   [1m[96m|[0m            [1m[93m^^^^^^^^^^^^^^^^^^[0m

[1m[93mwarning[0m[1m[97m: struct `TextureState` is never constructed[0m
  [1m[96m--> [0msrc\media\thumbnail.rs:42:8
   [1m[96m|[0m
[1m[96m42[0m [1m[96m|[0m struct TextureState {
   [1m[96m|[0m        [1m[93m^^^^^^^^^^^^[0m

[1m[93mwarning[0m[1m[97m: associated items `new` and `capture` are never used[0m
  [1m[96m--> [0msrc\media\thumbnail.rs:53:12
   [1m[96m|[0m
[1m[96m52[0m [1m[96m|[0m impl ThumbnailGenerator {
   [1m[96m|[0m [1m[96m-----------------------[0m [1m[96massociated items in this implementation[0m
[1m[96m53[0m [1m[96m|[0m     pub fn new(gpu: GpuDevice) -> Self {
   [1m[96m|[0m            [1m[93m^^^[0m
[1m[96m...[0m
[1m[96m59[0m [1m[96m|[0m     pub fn capture(&mut self, src: &ID3D11Texture2D) -> Result<Vec<u8>, String> {
   [1m[96m|[0m            [1m[93m^^^^^^^[0m

[1m[93mwarning[0m[1m[97m: associated function `create` is never used[0m
   [1m[96m--> [0msrc\media\thumbnail.rs:129:8
    [1m[96m|[0m
[1m[96m128[0m [1m[96m|[0m impl TextureState {
    [1m[96m|[0m [1m[96m-----------------[0m [1m[96massociated function in this implementation[0m
[1m[96m129[0m [1m[96m|[0m     fn create(gpu: &GpuDevice, src_w: u32, src_h: u32) -> Result<Self, String> {
    [1m[96m|[0m        [1m[93m^^^^^^[0m

[1m[93mwarning[0m[1m[97m: function `create_staging_texture` is never used[0m
   [1m[96m--> [0msrc\media\thumbnail.rs:157:4
    [1m[96m|[0m
[1m[96m157[0m [1m[96m|[0m fn create_staging_texture(
    [1m[96m|[0m    [1m[93m^^^^^^^^^^^^^^^^^^^^^^[0m

[1m[93mwarning[0m[1m[97m: function `nearest_neighbor_downscale_bgra` is never used[0m
   [1m[96m--> [0msrc\media\thumbnail.rs:189:4
    [1m[96m|[0m
[1m[96m189[0m [1m[96m|[0m fn nearest_neighbor_downscale_bgra(
    [1m[96m|[0m    [1m[93m^^^^^^^^^^^^^^^^^^^^^^^^^^^^^^^[0m

[1m[93mwarning[0m[1m[97m: multiple variants are never constructed[0m
  [1m[96m--> [0msrc\media\pipeline.rs:31:5
   [1m[96m|[0m
[1m[96m30[0m [1m[96m|[0m pub enum ControlMessage {
   [1m[96m|[0m          [1m[96m--------------[0m [1m[96mvariants in this enum[0m
[1m[96m31[0m [1m[96m|[0m     SetMute(bool),
   [1m[96m|[0m     [1m[93m^^^^^^^[0m
[1m[96m32[0m [1m[96m|[0m     SetDeafen(bool),
   [1m[96m|[0m     [1m[93m^^^^^^^^^[0m
[1m[96m33[0m [1m[96m|[0m     SetVoiceThreshold(f32), // dB threshold (-60 to 0); below this, send silence
   [1m[96m|[0m     [1m[93m^^^^^^^^^^^^^^^^^[0m
[1m[96m...[0m
[1m[96m36[0m [1m[96m|[0m     SetVoiceBitrate(i32),
   [1m[96m|[0m     [1m[93m^^^^^^^^^^^^^^^[0m
[1m[96m37[0m [1m[96m|[0m     SetStreamVolume(f32),   // 0.0 to 1.0 — viewer-side stream audio volume
   [1m[96m|[0m     [1m[93m^^^^^^^^^^^^^^^[0m
[1m[96m38[0m [1m[96m|[0m     SetStreamStereo(bool),  // true = preserve L/R stereo in stream audio
   [1m[96m|[0m     [1m[93m^^^^^^^^^^^^^^^[0m
[1m[96m39[0m [1m[96m|[0m     SetUserVolume(String, f32), // username, linear gain (dB-converted on frontend)
   [1m[96m|[0m     [1m[93m^^^^^^^^^^^^^[0m
[1m[96m40[0m [1m[96m|[0m     SetInputDevice(Option<String>),  // None = system default
   [1m[96m|[0m     [1m[93m^^^^^^^^^^^^^^[0m
[1m[96m41[0m [1m[96m|[0m     SetOutputDevice(Option<String>), // None = system default
   [1m[96m|[0m     [1m[93m^^^^^^^^^^^^^^^[0m
[1m[96m42[0m [1m[96m|[0m     /// (enabled, device_name) — when enabled, stream audio goes to a separate output device
[1m[96m43[0m [1m[96m|[0m     SetSeparateStreamOutput(bool, Option<String>),
   [1m[96m|[0m     [1m[93m^^^^^^^^^^^^^^^^^^^^^^^[0m
[1m[96m44[0m [1m[96m|[0m     /// Change the stream output device (only effective when separate stream output is on)
[1m[96m45[0m [1m[96m|[0m     SetStreamOutputDevice(Option<String>),
   [1m[96m|[0m     [1m[93m^^^^^^^^^^^^^^^^^^^^^[0m
[1m[96m46[0m [1m[96m|[0m     /// Voice processing toggles (AEC, NS, AGC)
[1m[96m47[0m [1m[96m|[0m     SetAecEnabled(bool),
   [1m[96m|[0m     [1m[93m^^^^^^^^^^^^^[0m
[1m[96m48[0m [1m[96m|[0m     /// 0=off, 1=light(6dB), 2=moderate(12dB), 3=aggressive(18dB), 4=very aggressive(21dB)
[1m[96m49[0m [1m[96m|[0m     SetNoiseSuppressionLevel(u8),
   [1m[96m|[0m     [1m[93m^^^^^^^^^^^^^^^^^^^^^^^^[0m
[1m[96m50[0m [1m[96m|[0m     SetAgcEnabled(bool),
   [1m[96m|[0m     [1m[93m^^^^^^^^^^^^^[0m

[1m[93mwarning[0m[1m[97m: enum `VoiceEvent` is never used[0m
  [1m[96m--> [0msrc\media\pipeline.rs:54:10
   [1m[96m|[0m
[1m[96m54[0m [1m[96m|[0m pub enum VoiceEvent {
   [1m[96m|[0m          [1m[93m^^^^^^^^^^[0m

[1m[93mwarning[0m[1m[97m: constant `FLAG_MUTED` is never used[0m
  [1m[96m--> [0msrc\media\pipeline.rs:71:7
   [1m[96m|[0m
[1m[96m71[0m [1m[96m|[0m const FLAG_MUTED: u8 = 0x01;
   [1m[96m|[0m       [1m[93m^^^^^^^^^^[0m

[1m[93mwarning[0m[1m[97m: constant `FLAG_DEAFENED` is never used[0m
  [1m[96m--> [0msrc\media\pipeline.rs:72:7
   [1m[96m|[0m
[1m[96m72[0m [1m[96m|[0m const FLAG_DEAFENED: u8 = 0x02;
   [1m[96m|[0m       [1m[93m^^^^^^^^^^^^^[0m

[1m[93mwarning[0m[1m[97m: constant `FLAG_SILENCE` is never used[0m
  [1m[96m--> [0msrc\media\pipeline.rs:77:11
   [1m[96m|[0m
[1m[96m77[0m [1m[96m|[0m pub const FLAG_SILENCE: u8 = 0x04;
   [1m[96m|[0m           [1m[93m^^^^^^^^^^^^[0m

[1m[93mwarning[0m[1m[97m: function `run_audio_pipeline` is never used[0m
  [1m[96m--> [0msrc\media\pipeline.rs:88:8
   [1m[96m|[0m
[1m[96m88[0m [1m[96m|[0m pub fn run_audio_pipeline(
   [1m[96m|[0m        [1m[93m^^^^^^^^^^^^^^^^^^[0m

[1m[93mwarning[0m[1m[97m: function `voice_recv_thread` is never used[0m
    [1m[96m--> [0msrc\media\pipeline.rs:1567:4
     [1m[96m|[0m
[1m[96m1567[0m [1m[96m|[0m fn voice_recv_thread(
     [1m[96m|[0m    [1m[93m^^^^^^^^^^^^^^^^^[0m

[1m[93mwarning[0m[1m[97m: field `rtt_ms` is never read[0m
  [1m[96m--> [0msrc\media\punch.rs:54:9
   [1m[96m|[0m
[1m[96m50[0m [1m[96m|[0m pub struct PunchResult {
   [1m[96m|[0m            [1m[96m-----------[0m [1m[96mfield in this struct[0m
[1m[96m...[0m
[1m[96m54[0m [1m[96m|[0m     pub rtt_ms: Option<f64>,
   [1m[96m|[0m         [1m[93m^^^^^^[0m
   [1m[96m|[0m
   [1m[96m= [0m[1m[97mnote[0m: `PunchResult` has a derived impl for the trait `Debug`, but this is intentionally ignored during dead code analysis

[1m[93mwarning[0m[1m[97m: field `0` is never read[0m
  [1m[96m--> [0msrc\media\punch.rs:61:8
   [1m[96m|[0m
[1m[96m61[0m [1m[96m|[0m     Io(String),
   [1m[96m|[0m     [1m[96m--[0m [1m[93m^^^^^^[0m
   [1m[96m|[0m     [1m[96m|[0m
   [1m[96m|[0m     [1m[96mfield in this variant[0m
   [1m[96m|[0m
   [1m[96m= [0m[1m[97mnote[0m: `PunchError` has a derived impl for the trait `Debug`, but this is intentionally ignored during dead code analysis
[1m[96mhelp[0m: consider changing the field to be of unit type to suppress this warning while preserving the field numbering, or remove the field
   [1m[96m|[0m
[1m[96m61[0m [91m- [0m    Io([91mString[0m),
[1m[96m61[0m [92m+ [0m    Io([92m()[0m),
   [1m[96m|[0m

[1m[93mwarning[0m[1m[97m: constant `SPEAKING_TRIGGER_FRAMES` is never used[0m
 [1m[96m--> [0msrc\media\speaking.rs:1:7
  [1m[96m|[0m
[1m[96m1[0m [1m[96m|[0m const SPEAKING_TRIGGER_FRAMES: u32 = 3;
  [1m[96m|[0m       [1m[93m^^^^^^^^^^^^^^^^^^^^^^^[0m

[1m[93mwarning[0m[1m[97m: constant `SILENCE_CLEAR_FRAMES` is never used[0m
 [1m[96m--> [0msrc\media\speaking.rs:2:7
  [1m[96m|[0m
[1m[96m2[0m [1m[96m|[0m const SILENCE_CLEAR_FRAMES: u32 = 5;
  [1m[96m|[0m       [1m[93m^^^^^^^^^^^^^^^^^^^^[0m

[1m[93mwarning[0m[1m[97m: struct `SpeakingDetector` is never constructed[0m
 [1m[96m--> [0msrc\media\speaking.rs:4:12
  [1m[96m|[0m
[1m[96m4[0m [1m[96m|[0m pub struct SpeakingDetector {
  [1m[96m|[0m            [1m[93m^^^^^^^^^^^^^^^^[0m

[1m[93mwarning[0m[1m[97m: associated items `new`, `process_threshold`, `is_speaking`, and `reset` are never used[0m
  [1m[96m--> [0msrc\media\speaking.rs:11:12
   [1m[96m|[0m
[1m[96m10[0m [1m[96m|[0m impl SpeakingDetector {
   [1m[96m|[0m [1m[96m---------------------[0m [1m[96massociated items in this implementation[0m
[1m[96m11[0m [1m[96m|[0m     pub fn new() -> Self {
   [1m[96m|[0m            [1m[93m^^^[0m
[1m[96m...[0m
[1m[96m20[0m [1m[96m|[0m     pub fn process_threshold(&mut self, above_threshold: bool) -> Option<bool> {
   [1m[96m|[0m            [1m[93m^^^^^^^^^^^^^^^^^[0m
[1m[96m...[0m
[1m[96m40[0m [1m[96m|[0m     pub fn is_speaking(&self) -> bool {
   [1m[96m|[0m            [1m[93m^^^^^^^^^^^[0m
[1m[96m...[0m
[1m[96m44[0m [1m[96m|[0m     pub fn reset(&mut self) {
   [1m[96m|[0m            [1m[93m^^^^^[0m

[1m[93mwarning[0m[1m[97m: constant `DEFAULT_STUN_SERVERS` is never used[0m
  [1m[96m--> [0msrc\media\stun.rs:14:11
   [1m[96m|[0m
[1m[96m14[0m [1m[96m|[0m pub const DEFAULT_STUN_SERVERS: &[&str] = &["stun.l.google.com:19302", "stun.cloudflare.com:3478"];
   [1m[96m|[0m           [1m[93m^^^^^^^^^^^^^^^^^^^^[0m

[1m[93mwarning[0m[1m[97m: constant `RETRANSMIT_AT_MS` is never used[0m
  [1m[96m--> [0msrc\media\stun.rs:25:7
   [1m[96m|[0m
[1m[96m25[0m [1m[96m|[0m const RETRANSMIT_AT_MS: &[u64] = &[0, 300, 900, 2100];
   [1m[96m|[0m       [1m[93m^^^^^^^^^^^^^^^^[0m

[1m[93mwarning[0m[1m[97m: constant `QUERY_BUDGET` is never used[0m
  [1m[96m--> [0msrc\media\stun.rs:26:11
   [1m[96m|[0m
[1m[96m26[0m [1m[96m|[0m pub const QUERY_BUDGET: Duration = Duration::from_millis(2500);
   [1m[96m|[0m           [1m[93m^^^^^^^^^^^^[0m

[1m[93mwarning[0m[1m[97m: function `resolve_v4` is never used[0m
  [1m[96m--> [0msrc\media\stun.rs:81:4
   [1m[96m|[0m
[1m[96m81[0m [1m[96m|[0m fn resolve_v4(server: &str) -> Vec<SocketAddr> {
   [1m[96m|[0m    [1m[93m^^^^^^^^^^[0m

[1m[93mwarning[0m[1m[97m: function `query` is never used[0m
  [1m[96m--> [0msrc\media\stun.rs:94:8
   [1m[96m|[0m
[1m[96m94[0m [1m[96m|[0m pub fn query(socket: &UdpSocket, servers: &[String], txid: &[u8; 12]) -> Option<SocketAddrV4> {
   [1m[96m|[0m        [1m[93m^^^^^[0m

[1m[93mwarning[0m[1m[97m: constant `WIRE_DESCRIPTION_MAGIC` is never used[0m
  [1m[96m--> [0msrc\media\video_packet.rs:11:11
   [1m[96m|[0m
[1m[96m11[0m [1m[96m|[0m pub const WIRE_DESCRIPTION_MAGIC: [u8; 4] = [0xDE, 0xC1, 0xBE, 0x11];
   [1m[96m|[0m           [1m[93m^^^^^^^^^^^^^^^^^^^^^^[0m

[1m[93mwarning[0m[1m[97m: associated function `new_with_codec` is never used[0m
  [1m[96m--> [0msrc\media\video_packet.rs:98:12
   [1m[96m|[0m
[1m[96m94[0m [1m[96m|[0m impl UdpVideoPacket {
   [1m[96m|[0m [1m[96m-------------------[0m [1m[96massociated function in this implementation[0m
[1m[96m...[0m
[1m[96m98[0m [1m[96m|[0m     pub fn new_with_codec(
   [1m[96m|[0m            [1m[93m^^^^^^^^^^^^^^[0m

[1m[93mwarning[0m[1m[97m: method `to_bytes` is never used[0m
   [1m[96m--> [0msrc\media\video_packet.rs:312:12
    [1m[96m|[0m
[1m[96m291[0m [1m[96m|[0m impl UdpNackPacket {
    [1m[96m|[0m [1m[96m------------------[0m [1m[96mmethod in this implementation[0m
[1m[96m...[0m
[1m[96m312[0m [1m[96m|[0m     pub fn to_bytes(&self) -> Vec<u8> {
    [1m[96m|[0m            [1m[93m^^^^^^^^[0m

[1m[93mwarning[0m[1m[97m: fields `socket`, `sender_id`, `next_frame_id`, `ring`, and `stream_salt` are never read[0m
  [1m[96m--> [0msrc\media\video_pipeline.rs:27:5
   [1m[96m|[0m
[1m[96m26[0m [1m[96m|[0m pub struct VideoSender {
   [1m[96m|[0m            [1m[96m-----------[0m [1m[96mfields in this struct[0m
[1m[96m27[0m [1m[96m|[0m     socket: ArcSwap<MediaSocket>,
   [1m[96m|[0m     [1m[93m^^^^^^[0m
[1m[96m28[0m [1m[96m|[0m     sender_id: String,
   [1m[96m|[0m     [1m[93m^^^^^^^^^[0m
[1m[96m29[0m [1m[96m|[0m     next_frame_id: AtomicU32,
   [1m[96m|[0m     [1m[93m^^^^^^^^^^^^^[0m
[1m[96m...[0m
[1m[96m33[0m [1m[96m|[0m     ring: Option<super::frame_crypto::SharedKeyRing>,
   [1m[96m|[0m     [1m[93m^^^^[0m
[1m[96m...[0m
[1m[96m36[0m [1m[96m|[0m     stream_salt: u32,
   [1m[96m|[0m     [1m[93m^^^^^^^^^^^[0m

[1m[93mwarning[0m[1m[97m: methods `set_socket` and `send_frame` are never used[0m
  [1m[96m--> [0msrc\media\video_pipeline.rs:57:12
   [1m[96m|[0m
[1m[96m39[0m [1m[96m|[0m impl VideoSender {
   [1m[96m|[0m [1m[96m----------------[0m [1m[96mmethods in this implementation[0m
[1m[96m...[0m
[1m[96m57[0m [1m[96m|[0m     pub fn set_socket(&self, socket: Arc<MediaSocket>) {
   [1m[96m|[0m            [1m[93m^^^^^^^^^^[0m
[1m[96m...[0m
[1m[96m63[0m [1m[96m|[0m     pub fn send_frame(
   [1m[96m|[0m            [1m[93m^^^^^^^^^^[0m

[1m[93mwarning[0m[1m[97m: constant `STALE_FRAME_TIMEOUT` is never used[0m
  [1m[96m--> [0msrc\media\video_receiver.rs:25:7
   [1m[96m|[0m
[1m[96m25[0m [1m[96m|[0m const STALE_FRAME_TIMEOUT: Duration = Duration::from_millis(500);
   [1m[96m|[0m       [1m[93m^^^^^^^^^^^^^^^^^^^[0m

[1m[93mwarning[0m[1m[97m: constant `SENDER_IDLE_TIMEOUT` is never used[0m
  [1m[96m--> [0msrc\media\video_receiver.rs:45:7
   [1m[96m|[0m
[1m[96m45[0m [1m[96m|[0m const SENDER_IDLE_TIMEOUT: Duration = Duration::from_secs(10);
   [1m[96m|[0m       [1m[93m^^^^^^^^^^^^^^^^^^^[0m

[1m[93mwarning[0m[1m[97m: fields `codec` and `description` are never read[0m
  [1m[96m--> [0msrc\media\video_receiver.rs:57:9
   [1m[96m|[0m
[1m[96m49[0m [1m[96m|[0m pub struct ReassembledFrame {
   [1m[96m|[0m            [1m[96m----------------[0m [1m[96mfields in this struct[0m
[1m[96m...[0m
[1m[96m57[0m [1m[96m|[0m     pub codec: u8,
   [1m[96m|[0m         [1m[93m^^^^^[0m
[1m[96m...[0m
[1m[96m64[0m [1m[96m|[0m     pub description: Option<Vec<u8>>,
   [1m[96m|[0m         [1m[93m^^^^^^^^^^^[0m
   [1m[96m|[0m
   [1m[96m= [0m[1m[97mnote[0m: `ReassembledFrame` has derived impls for the traits `Clone` and `Debug`, but these are intentionally ignored during dead code analysis

[1m[93mwarning[0m[1m[97m: method `cleanup_stale` is never used[0m
   [1m[96m--> [0msrc\media\video_receiver.rs:632:12
    [1m[96m|[0m
[1m[96m415[0m [1m[96m|[0m impl VideoReceiver {
    [1m[96m|[0m [1m[96m------------------[0m [1m[96mmethod in this implementation[0m
[1m[96m...[0m
[1m[96m632[0m [1m[96m|[0m     pub fn cleanup_stale(&mut self) {
    [1m[96m|[0m            [1m[93m^^^^^^^^^^^^^[0m

[1m[93mwarning[0m[1m[97m: function `new_shared` is never used[0m
   [1m[96m--> [0msrc\media\frame_crypto.rs:202:8
    [1m[96m|[0m
[1m[96m202[0m [1m[96m|[0m pub fn new_shared(username: &str) -> SharedKeyRing {
    [1m[96m|[0m        [1m[93m^^^^^^^^^^[0m

[1m[93mwarning[0m[1m[97m: constant `CENTRAL_HOST` is never used[0m
  [1m[96m--> [0msrc\net\central.rs:21:7
   [1m[96m|[0m
[1m[96m21[0m [1m[96m|[0m const CENTRAL_HOST: &str = "178.104.131.247";
   [1m[96m|[0m       [1m[93m^^^^^^^^^^^^[0m

[1m[93mwarning[0m[1m[97m: constant `CENTRAL_PORT` is never used[0m
  [1m[96m--> [0msrc\net\central.rs:22:7
   [1m[96m|[0m
[1m[96m22[0m [1m[96m|[0m const CENTRAL_PORT: u16 = 8080;
   [1m[96m|[0m       [1m[93m^^^^^^^^^^^^[0m

[1m[93mwarning[0m[1m[97m: multiple associated items are never used[0m
   [1m[96m--> [0msrc\net\central.rs:33:18
    [1m[96m|[0m
[1m[96m 31[0m [1m[96m|[0m impl CentralClient {
    [1m[96m|[0m [1m[96m------------------[0m [1m[96massociated items in this implementation[0m
[1m[96m 32[0m [1m[96m|[0m     /// Connect to the central server and start the packet routing loop.
[1m[96m 33[0m [1m[96m|[0m     pub async fn connect(state: Arc<Mutex<AppState>>) -> Result<Self, String> {
    [1m[96m|[0m                  [1m[93m^^^^^^^[0m
[1m[96m...[0m
[1m[96m 85[0m [1m[96m|[0m     pub async fn send(&self, data: Vec<u8>) -> Result<(), String> {
    [1m[96m|[0m                  [1m[93m^^^^[0m
[1m[96m...[0m
[1m[96m 93[0m [1m[96m|[0m     pub async fn login(&self, username: &str, password: &str) -> Result<(), String> {
    [1m[96m|[0m                  [1m[93m^^^^^[0m
[1m[96m...[0m
[1m[96m106[0m [1m[96m|[0m     pub async fn request_server_list(&self, token: Option<&str>) -> Result<(), String> {
    [1m[96m|[0m                  [1m[93m^^^^^^^^^^^^^^^^^^^[0m
[1m[96m...[0m
[1m[96m120[0m [1m[96m|[0m     pub async fn send_private_message(
    [1m[96m|[0m                  [1m[93m^^^^^^^^^^^^^^^^^^^^[0m
[1m[96m...[0m
[1m[96m157[0m [1m[96m|[0m     pub fn disconnect(&mut self) {
    [1m[96m|[0m            [1m[93m^^^^^^^^^^[0m
[1m[96m...[0m
[1m[96m173[0m [1m[96m|[0m     pub fn start_reconnect(&mut self, state: Arc<Mutex<AppState>>) {
    [1m[96m|[0m            [1m[93m^^^^^^^^^^^^^^^[0m
[1m[96m...[0m
[1m[96m267[0m [1m[96m|[0m     async fn route_packets(mut read_rx: mpsc::Receiver<Packet>, state: Arc<Mutex<AppState>>) {
    [1m[96m|[0m              [1m[93m^^^^^^^^^^^^^[0m

[1m[93mwarning[0m[1m[97m: function `channel_info_payload` is never used[0m
  [1m[96m--> [0msrc\net\community.rs:24:4
   [1m[96m|[0m
[1m[96m24[0m [1m[96m|[0m fn channel_info_payload(c: ChannelInfo) -> events::ChannelInfoPayload {
   [1m[96m|[0m    [1m[93m^^^^^^^^^^^^^^^^^^^^[0m

[1m[93mwarning[0m[1m[97m: function `member_info_payload` is never used[0m
  [1m[96m--> [0msrc\net\community.rs:47:4
   [1m[96m|[0m
[1m[96m47[0m [1m[96m|[0m fn member_info_payload(m: MemberInfo) -> events::MemberInfoPayload {
   [1m[96m|[0m    [1m[93m^^^^^^^^^^^^^^^^^^^[0m

[1m[93mwarning[0m[1m[97m: function `map_attachment` is never used[0m
  [1m[96m--> [0msrc\net\community.rs:59:15
   [1m[96m|[0m
[1m[96m59[0m [1m[96m|[0m pub(crate) fn map_attachment(a: Attachment) -> events::AttachmentPayload {
   [1m[96m|[0m               [1m[93m^^^^^^^^^^^^^^[0m

[1m[93mwarning[0m[1m[97m: multiple fields are never read[0m
   [1m[96m--> [0msrc\net\community.rs:88:5
    [1m[96m|[0m
[1m[96m 87[0m [1m[96m|[0m pub struct CommunityClient {
    [1m[96m|[0m            [1m[96m---------------[0m [1m[96mfields in this struct[0m
[1m[96m 88[0m [1m[96m|[0m     connection: Option<Connection>,
    [1m[96m|[0m     [1m[93m^^^^^^^^^^[0m
[1m[96m...[0m
[1m[96m 92[0m [1m[96m|[0m     pub server_id: String,
    [1m[96m|[0m         [1m[93m^^^^^^^^^[0m
[1m[96m 93[0m [1m[96m|[0m     pub host: String,
    [1m[96m|[0m         [1m[93m^^^^[0m
[1m[96m 94[0m [1m[96m|[0m     pub port: u16,
    [1m[96m|[0m         [1m[93m^^^^[0m
[1m[96m 95[0m [1m[96m|[0m     pub jwt: String,
    [1m[96m|[0m         [1m[93m^^^[0m
[1m[96m...[0m
[1m[96m 98[0m [1m[96m|[0m     pub attachment_port: u16,
    [1m[96m|[0m         [1m[93m^^^^^^^^^^^^^^^[0m
[1m[96m 99[0m [1m[96m|[0m     /// Per-file upload cap reported by the server. 0 = unlimited.
[1m[96m100[0m [1m[96m|[0m     pub max_attachment_bytes: i64,
    [1m[96m|[0m         [1m[93m^^^^^^^^^^^^^^^^^^^^[0m
[1m[96m...[0m
[1m[96m104[0m [1m[96m|[0m     pub cert_fingerprint: String,
    [1m[96m|[0m         [1m[93m^^^^^^^^^^^^^^^^[0m
[1m[96m...[0m
[1m[96m112[0m [1m[96m|[0m     terminated: Arc<AtomicBool>,
    [1m[96m|[0m     [1m[93m^^^^^^^^^^[0m

[1m[93mwarning[0m[1m[97m: multiple associated items are never used[0m
   [1m[96m--> [0msrc\net\community.rs:119:18
    [1m[96m|[0m
[1m[96m115[0m [1m[96m|[0m impl CommunityClient {
    [1m[96m|[0m [1m[96m--------------------[0m [1m[96massociated items in this implementation[0m
[1m[96m...[0m
[1m[96m119[0m [1m[96m|[0m     pub async fn connect(
    [1m[96m|[0m                  [1m[93m^^^^^^^[0m
[1m[96m...[0m
[1m[96m192[0m [1m[96m|[0m     pub fn connection_write_tx(&self) -> Option<mpsc::Sender<Vec<u8>>> {
    [1m[96m|[0m            [1m[93m^^^^^^^^^^^^^^^^^^^[0m
[1m[96m...[0m
[1m[96m197[0m [1m[96m|[0m     pub async fn send(&self, data: Vec<u8>) -> Result<(), String> {
    [1m[96m|[0m                  [1m[93m^^^^[0m
[1m[96m...[0m
[1m[96m206[0m [1m[96m|[0m     pub async fn start_stream(
    [1m[96m|[0m                  [1m[93m^^^^^^^^^^^^[0m
[1m[96m...[0m
[1m[96m234[0m [1m[96m|[0m     pub async fn stop_stream(&self, channel_id: &str) -> Result<(), String> {
    [1m[96m|[0m                  [1m[93m^^^^^^^^^^^[0m
[1m[96m...[0m
[1m[96m245[0m [1m[96m|[0m     pub async fn watch_stream(&self, channel_id: &str, target_username: &str) -> Result<(), String> {
    [1m[96m|[0m                  [1m[93m^^^^^^^^^^^^[0m
[1m[96m...[0m
[1m[96m257[0m [1m[96m|[0m     pub async fn stop_watching(
    [1m[96m|[0m                  [1m[93m^^^^^^^^^^^^^[0m
[1m[96m...[0m
[1m[96m279[0m [1m[96m|[0m     pub fn thumbnail_send_parts(
    [1m[96m|[0m            [1m[93m^^^^^^^^^^^^^^^^^^^^[0m
[1m[96m...[0m
[1m[96m298[0m [1m[96m|[0m     pub fn disconnect(&mut self) {
    [1m[96m|[0m            [1m[93m^^^^^^^^^^[0m
[1m[96m...[0m
[1m[96m314[0m [1m[96m|[0m     fn start_reconnect(
    [1m[96m|[0m        [1m[93m^^^^^^^^^^^^^^^[0m
[1m[96m...[0m
[1m[96m428[0m [1m[96m|[0m     async fn route_packets(
    [1m[96m|[0m              [1m[93m^^^^^^^^^^^^^[0m

[1m[93mwarning[0m[1m[97m: associated items `connect`, `connect_pinned`, `send`, `set_tcp_keepalive`, `is_alive`, and `shutdown` are never used[0m
   [1m[96m--> [0msrc\net\connection.rs:24:18
    [1m[96m|[0m
[1m[96m 21[0m [1m[96m|[0m impl Connection {
    [1m[96m|[0m [1m[96m---------------[0m [1m[96massociated items in this implementation[0m
[1m[96m...[0m
[1m[96m 24[0m [1m[96m|[0m     pub async fn connect(
    [1m[96m|[0m                  [1m[93m^^^^^^^[0m
[1m[96m...[0m
[1m[96m 35[0m [1m[96m|[0m     pub async fn connect_pinned(
    [1m[96m|[0m                  [1m[93m^^^^^^^^^^^^^^[0m
[1m[96m...[0m
[1m[96m125[0m [1m[96m|[0m     pub async fn send(&self, data: Vec<u8>) -> Result<(), String> {
    [1m[96m|[0m                  [1m[93m^^^^[0m
[1m[96m...[0m
[1m[96m135[0m [1m[96m|[0m     fn set_tcp_keepalive(tcp: &TcpStream) {
    [1m[96m|[0m        [1m[93m^^^^^^^^^^^^^^^^^[0m
[1m[96m...[0m
[1m[96m209[0m [1m[96m|[0m     pub fn is_alive(&self) -> bool {
    [1m[96m|[0m            [1m[93m^^^^^^^^[0m
[1m[96m...[0m
[1m[96m214[0m [1m[96m|[0m     pub fn shutdown(self) {
    [1m[96m|[0m            [1m[93m^^^^^^^^[0m

[1m[93mwarning[0m[1m[97m: struct `Store` is never constructed[0m
  [1m[96m--> [0msrc\net\pins.rs:23:8
   [1m[96m|[0m
[1m[96m23[0m [1m[96m|[0m struct Store {
   [1m[96m|[0m        [1m[93m^^^^^[0m

[1m[93mwarning[0m[1m[97m: static `STORE` is never used[0m
  [1m[96m--> [0msrc\net\pins.rs:34:8
   [1m[96m|[0m
[1m[96m34[0m [1m[96m|[0m static STORE: OnceLock<Mutex<Store>> = OnceLock::new();
   [1m[96m|[0m        [1m[93m^^^^^[0m

[1m[93mwarning[0m[1m[97m: function `store` is never used[0m
  [1m[96m--> [0msrc\net\pins.rs:36:4
   [1m[96m|[0m
[1m[96m36[0m [1m[96m|[0m fn store() -> &'static Mutex<Store> {
   [1m[96m|[0m    [1m[93m^^^^^[0m

[1m[93mwarning[0m[1m[97m: function `pins_path` is never used[0m
  [1m[96m--> [0msrc\net\pins.rs:47:4
   [1m[96m|[0m
[1m[96m47[0m [1m[96m|[0m fn pins_path() -> PathBuf {
   [1m[96m|[0m    [1m[93m^^^^^^^^^[0m

[1m[93mwarning[0m[1m[97m: function `ensure_loaded` is never used[0m
  [1m[96m--> [0msrc\net\pins.rs:51:4
   [1m[96m|[0m
[1m[96m51[0m [1m[96m|[0m fn ensure_loaded(store: &mut Store) {
   [1m[96m|[0m    [1m[93m^^^^^^^^^^^^^[0m

[1m[93mwarning[0m[1m[97m: function `persist` is never used[0m
  [1m[96m--> [0msrc\net\pins.rs:63:4
   [1m[96m|[0m
[1m[96m63[0m [1m[96m|[0m fn persist(store: &Store) {
   [1m[96m|[0m    [1m[93m^^^^^^^[0m

[1m[93mwarning[0m[1m[97m: function `key` is never used[0m
  [1m[96m--> [0msrc\net\pins.rs:75:8
   [1m[96m|[0m
[1m[96m75[0m [1m[96m|[0m pub fn key(host: &str, port: u16) -> String {
   [1m[96m|[0m        [1m[93m^^^[0m

[1m[93mwarning[0m[1m[97m: function `set_expected` is never used[0m
  [1m[96m--> [0msrc\net\pins.rs:80:8
   [1m[96m|[0m
[1m[96m80[0m [1m[96m|[0m pub fn set_expected(host: &str, port: u16, fingerprint: &str) {
   [1m[96m|[0m        [1m[93m^^^^^^^^^^^^[0m

[1m[93mwarning[0m[1m[97m: enum `Policy` is never used[0m
  [1m[96m--> [0msrc\net\pins.rs:89:10
   [1m[96m|[0m
[1m[96m89[0m [1m[96m|[0m pub enum Policy {
   [1m[96m|[0m          [1m[93m^^^^^^[0m

[1m[93mwarning[0m[1m[97m: function `policy_for` is never used[0m
  [1m[96m--> [0msrc\net\pins.rs:96:8
   [1m[96m|[0m
[1m[96m96[0m [1m[96m|[0m pub fn policy_for(host: &str, port: u16) -> Policy {
   [1m[96m|[0m        [1m[93m^^^^^^^^^^[0m

[1m[93mwarning[0m[1m[97m: function `record_seen` is never used[0m
   [1m[96m--> [0msrc\net\pins.rs:113:8
    [1m[96m|[0m
[1m[96m113[0m [1m[96m|[0m pub fn record_seen(host: &str, port: u16, fingerprint: &str) {
    [1m[96m|[0m        [1m[93m^^^^^^^^^^^[0m

[1m[93mwarning[0m[1m[97m: function `retrust` is never used[0m
   [1m[96m--> [0msrc\net\pins.rs:126:8
    [1m[96m|[0m
[1m[96m126[0m [1m[96m|[0m pub fn retrust(host: &str, port: u16) {
    [1m[96m|[0m        [1m[93m^^^^^^^[0m

[1m[93mwarning[0m[1m[97m: struct `EncryptedAttachmentMeta` is never constructed[0m
    [1m[96m--> [0mD:\a\decibell\decibell\electron-client\native\target\debug\build\decibell-native-6daa3067a16b9255\out/chatproj.rs:3644:12
     [1m[96m|[0m
[1m[96m3644[0m [1m[96m|[0m pub struct EncryptedAttachmentMeta {
     [1m[96m|[0m            [1m[93m^^^^^^^^^^^^^^^^^^^^^^^[0m

[1m[93mwarning[0m[1m[97m: struct `EncryptedMessageBody` is never constructed[0m
    [1m[96m--> [0mD:\a\decibell\decibell\electron-client\native\target\debug\build\decibell-native-6daa3067a16b9255\out/chatproj.rs:3675:12
     [1m[96m|[0m
[1m[96m3675[0m [1m[96m|[0m pub struct EncryptedMessageBody {
     [1m[96m|[0m            [1m[93m^^^^^^^^^^^^^^^^^^^^[0m

[1m[93mwarning[0m[1m[97m: struct `PinVerifier` is never constructed[0m
  [1m[96m--> [0msrc\net\tls.rs:18:8
   [1m[96m|[0m
[1m[96m18[0m [1m[96m|[0m struct PinVerifier {
   [1m[96m|[0m        [1m[93m^^^^^^^^^^^[0m

[1m[93mwarning[0m[1m[97m: function `fingerprint_hex` is never used[0m
  [1m[96m--> [0msrc\net\tls.rs:35:8
   [1m[96m|[0m
[1m[96m35[0m [1m[96m|[0m pub fn fingerprint_hex(der: &[u8]) -> String {
   [1m[96m|[0m        [1m[93m^^^^^^^^^^^^^^^[0m

[1m[93mwarning[0m[1m[97m: function `create_pinned_connector` is never used[0m
  [1m[96m--> [0msrc\net\tls.rs:93:8
   [1m[96m|[0m
[1m[96m93[0m [1m[96m|[0m pub fn create_pinned_connector(host: &str, port: u16) -> (TlsConnector, Arc<Mutex<Option<String>>>) {
   [1m[96m|[0m        [1m[93m^^^^^^^^^^^^^^^^^^^^^^^[0m

[1m[93mwarning[0m[1m[97m: fields `call_id`, `peer`, `local`, `voice`, and `media` are never read[0m
  [1m[96m--> [0msrc\state.rs:42:9
   [1m[96m|[0m
[1m[96m41[0m [1m[96m|[0m pub struct PendingCall {
   [1m[96m|[0m            [1m[96m-----------[0m [1m[96mfields in this struct[0m
[1m[96m42[0m [1m[96m|[0m     pub call_id: String,
   [1m[96m|[0m         [1m[93m^^^^^^^[0m
[1m[96m43[0m [1m[96m|[0m     pub peer: String,
   [1m[96m|[0m         [1m[93m^^^^[0m
[1m[96m44[0m [1m[96m|[0m     pub local: crate::media::call_crypto::LocalKeyPair,
   [1m[96m|[0m         [1m[93m^^^^^[0m
[1m[96m45[0m [1m[96m|[0m     pub voice: std::net::UdpSocket,
   [1m[96m|[0m         [1m[93m^^^^^[0m
[1m[96m46[0m [1m[96m|[0m     pub media: std::net::UdpSocket,
   [1m[96m|[0m         [1m[93m^^^^^[0m

[1m[93mwarning[0m[1m[97m: multiple fields are never read[0m
   [1m[96m--> [0msrc\state.rs:70:9
    [1m[96m|[0m
[1m[96m 67[0m [1m[96m|[0m pub struct AppState {
    [1m[96m|[0m            [1m[96m--------[0m [1m[96mfields in this struct[0m
[1m[96m...[0m
[1m[96m 70[0m [1m[96m|[0m     pub username: Option<String>,
    [1m[96m|[0m         [1m[93m^^^^^^^^[0m
[1m[96m...[0m
[1m[96m 95[0m [1m[96m|[0m     pub stream_audio_filter: crate::media::stream_audio_filter::StreamAudioFilter,
    [1m[96m|[0m         [1m[93m^^^^^^^^^^^^^^^^^^^[0m
[1m[96m 96[0m [1m[96m|[0m     pub connected_voice_server: Option<String>,
    [1m[96m|[0m         [1m[93m^^^^^^^^^^^^^^^^^^^^^^[0m
[1m[96m 97[0m [1m[96m|[0m     pub connected_voice_channel: Option<String>,
    [1m[96m|[0m         [1m[93m^^^^^^^^^^^^^^^^^^^^^^^[0m
[1m[96m...[0m
[1m[96m101[0m [1m[96m|[0m     pub voice_muted: bool,
    [1m[96m|[0m         [1m[93m^^^^^^^^^^^[0m
[1m[96m102[0m [1m[96m|[0m     pub voice_deafened: bool,
    [1m[96m|[0m         [1m[93m^^^^^^^^^^^^^^[0m
[1m[96m103[0m [1m[96m|[0m     pub voice_muted_before_deafen: bool,
    [1m[96m|[0m         [1m[93m^^^^^^^^^^^^^^^^^^^^^^^^^[0m
[1m[96m...[0m
[1m[96m107[0m [1m[96m|[0m     pub mic_test_stop: Option<Arc<std::sync::atomic::AtomicBool>>,
    [1m[96m|[0m         [1m[93m^^^^^^^^^^^^^[0m
[1m[96m...[0m
[1m[96m113[0m [1m[96m|[0m     pub decoder_caps: Vec<CodecCap>,
    [1m[96m|[0m         [1m[93m^^^^^^^^^^^^[0m
[1m[96m114[0m [1m[96m|[0m     pub encoder_caps: Vec<CodecCap>,
    [1m[96m|[0m         [1m[93m^^^^^^^^^^^^[0m
[1m[96m...[0m
[1m[96m119[0m [1m[96m|[0m     pub voice_caps_cache: Arc<RwLock<HashMap<String, PeerCaps>>>,
    [1m[96m|[0m         [1m[93m^^^^^^^^^^^^^^^^[0m
[1m[96m...[0m
[1m[96m124[0m [1m[96m|[0m     pub stun_servers: Vec<String>,
    [1m[96m|[0m         [1m[93m^^^^^^^^^^^^[0m
[1m[96m125[0m [1m[96m|[0m     pub call_signaling: bool,
    [1m[96m|[0m         [1m[93m^^^^^^^^^^^^^^[0m
[1m[96m...[0m
[1m[96m138[0m [1m[96m|[0m     pub watcher_event_tx: broadcast::Sender<WatcherEvent>,
    [1m[96m|[0m         [1m[93m^^^^^^^^^^^^^^^^[0m
[1m[96m...[0m
[1m[96m144[0m [1m[96m|[0m     pub pending_avatar_update: Option<oneshot::Sender<UpdateAvatarRes>>,
    [1m[96m|[0m         [1m[93m^^^^^^^^^^^^^^^^^^^^^[0m
[1m[96m...[0m
[1m[96m149[0m [1m[96m|[0m     pub pending_avatar_fetches: HashMap<String, oneshot::Sender<FetchAvatarRes>>,
    [1m[96m|[0m         [1m[93m^^^^^^^^^^^^^^^^^^^^^^[0m
[1m[96m...[0m
[1m[96m155[0m [1m[96m|[0m     pub pending_thumbnail_fetches: HashMap<String, oneshot::Sender<FetchStreamThumbnailRes>>,
    [1m[96m|[0m         [1m[93m^^^^^^^^^^^^^^^^^^^^^^^^^[0m
[1m[96m...[0m
[1m[96m158[0m [1m[96m|[0m     pub e2ee: crate::e2ee::session::E2ee,
    [1m[96m|[0m         [1m[93m^^^^[0m
[1m[96m...[0m
[1m[96m161[0m [1m[96m|[0m     pub pending_key_fetches:
    [1m[96m|[0m         [1m[93m^^^^^^^^^^^^^^^^^^^[0m
[1m[96m...[0m
[1m[96m165[0m [1m[96m|[0m     pub pending_key_publish: Option<oneshot::Sender<E2eePublishKeysRes>>,
    [1m[96m|[0m         [1m[93m^^^^^^^^^^^^^^^^^^^[0m
[1m[96m166[0m [1m[96m|[0m     /// In-flight E2EE_FETCH_BACKUP_REQ.
[1m[96m167[0m [1m[96m|[0m     pub pending_backup_fetch: Option<oneshot::Sender<E2eeFetchBackupRes>>,
    [1m[96m|[0m         [1m[93m^^^^^^^^^^^^^^^^^^^^[0m
[1m[96m...[0m
[1m[96m170[0m [1m[96m|[0m     pub dm_crypto_tx: Option<tokio::sync::mpsc::Sender<crate::e2ee::session::DmJob>>,
    [1m[96m|[0m         [1m[93m^^^^^^^^^^^^[0m
[1m[96m...[0m
[1m[96m174[0m [1m[96m|[0m     pub voice_mls: Option<crate::e2ee::group::GroupHandle>,
    [1m[96m|[0m         [1m[93m^^^^^^^^^[0m
[1m[96m...[0m
[1m[96m179[0m [1m[96m|[0m     pub pending_channel_keys: HashMap<crate::e2ee::channel_keys::KeyId, Vec<oneshot::Sender<ChannelKeysRes>>>,
    [1m[96m|[0m         [1m[93m^^^^^^^^^^^^^^^^^^^^[0m
[1m[96m180[0m [1m[96m|[0m     pub pending_channel_keys_publish: HashMap<crate::e2ee::channel_keys::KeyId, oneshot::Sender<ChannelKeysPublishRes>>,
    [1m[96m|[0m         [1m[93m^^^^^^^^^^^^^^^^^^^^^^^^^^^^[0m
[1m[96m181[0m [1m[96m|[0m     pub channel_crypto_tx: Option<tokio::sync::mpsc::Sender<crate::e2ee::channel_keys::ChannelJob>>,
    [1m[96m|[0m         [1m[93m^^^^^^^^^^^^^^^^^[0m

[1m[93mwarning[0m: `decibell-native` (lib test) generated 805 warnings (29 duplicates) (run `cargo fix --lib -p decibell-native --tests` to apply 1 suggestion)
[1m[92m    Finished[0m `dev` profile [unoptimized + debuginfo] target(s) in 2m 54s
